{
  "name" : "ICLR2022-nbC8iTTXIrk.pdf",
  "metadata" : {
    "source" : "CRF",
    "title" : "Optimization Inspired Multi-Branch Equilib- rium Models",
    "authors" : [ "Mingjie Li", "Yisen Wang", "Xingyu Xie", "Zhouchen Lin" ],
    "emails" : [ ],
    "sections" : [ {
      "heading" : "1 Introduction",
      "text" : "Whereas Deep Neural Networks (DNNs) have achieved great success in many real-world tasks such as computer vision and neural language process, the limited interpretability of DNNs greatly hinders their further development. However, many traditional machine learning methods, e.g.,matrix recovery (Zhang et al., 2018b; 2015; Liu & Li, 2016), subspace clustering (You et al., 2016), image deblurring (Liu et al., 2014) and so on, can be interpreted into minimizing the following objective functions:\nmin Z,E f(Z) + g(E), s.t. X = AZ+BE.\nwhere A ∈ Rm×d1 , B ∈ Rm×d2 , X ∈ Rm×n, and f(·) and g(·) are convex functions designed by the modelling of their properties. For this count, the interpretability of such methods is much better than DNNs. Furthermore, these methods can also enjoy state-of-the-art and robust performance on these tasks. We call such interpretability these methods enjoy as \"mathematical interpretability\", i.e., whether the whole network structure can be summarized as a compact mathematical model that can be mathematically analyzed. Except for these methods, the Optimization Induced Equilibrium Networks (OptEqs) proposed by Xie et al. (2021) recover its whole system to an optimization problem. The forward propagation for OptEqs tries to solve Eqn (1) to get output y, z∗ ∈ Rd for input x ∈ Rdin . We call the front part of Eqn (1) as OptEqs’ equilibrium equation, which is the central part for equilibrium models. And its forward procedure can be regarded as solving the hidden objective functions shown as Eqn(2),\n∗Corresponding author\nz∗ = σ(Wz∗ +Ug(x) + b), y = Wcz ∗, (1)\nmin z G(z; g(x)) = min z\n[ 1⊤ f(W−1⊤z)− 〈 Ug(x) + b,W−1⊤z 〉 + 1\n2 ∥W−1⊤z∥2 − 1 2 ∥z∥2\n] . (2)\nW,U,Wc are learnable weights, g is the convolution layers projecting input x from realworld domain to feature space like other neural architectures, and f is the outputs’ penalty. Although OptEqs’ interpretability is satisfying, it still remains some weaknesses worth exploring. First, although OptEqs performs better than some implicit models, these models only consider a single view (or resolution) of the input in their implicit parts. We call these models single-view implicit models in the following. However, nearly all the state-of-the-art pattern recognition systems (Lee et al., 2009b; Wang et al., 2019a; Huang et al., 2017; He et al., 2016; Burt & Adelson, 1987) benefit from the multi-layer or multi-resolution feature extractors in domains like computer vision and audio processing. Secondly, limited new modules are proposed in their work, which mainly consider the math properties of features like sparsity, but whether these properties can benefit image recognition tasks is unexplored. Besides OptEqs, MDEQ (Bai et al., 2020) constructs its equilibrium equation z∗ = F(z∗;x) and block F with the inspiration of explicit models especially HRNet Wang et al. (2019a). Then they solve the equilibrium equation by the accelerated algorithm for output z∗. Although it shows the state-of-the-art performance with efficient memory cost as other implicit models, such strategies will make the model lose \"interpretability\" since the MDEQ is a black box because its output is solved in an implicit way (root-finding method), which makes analysis on its features of intermediate layers almost impossible. Furthermore, its complicated structure also hinders its analysis from mathematical systems. More efficient blocks with good interpretability still needs exploring. Motivated by the limitations of the above models, we would like to design a multi-scale DEQ structure with state-of-the-art performance and preserve mathematical interpretability from the inspiration of OptEqs and multi-scale models. Our contributions are listed below:\n• We propose a multi-branch implicit model, called Multi-branch OptEqs (MOptEqs), which efficiently utilizes different scales inputs with better performance and smaller model size. Furthermore, it still retains its connection to an optimization problem.\n• We propose some properties modelled as new terms for the model’s hidden objective function from our analysis on the relationships between branches and their hierarchical dependencies. With new problem’s formulation, we obtain the fusion module in our MOptEqs, called Hierarchical Heritage and Diversity Module (HH&D Module).\n• Apart from the new module design, we also propose the Perturbation Enhanced strategy (PE) for our MOptEqs from our analysis on the model’s hidden objective function. The new strategy cannot only enhance the performance of our MOptEqs, but also improve the robustness of our models."
    }, {
      "heading" : "1.1 Related Works",
      "text" : "Implicit Models. Nearly all modern deep learning approaches use explicit models, which provide an explicit computation graph for the forward propagation. In contrast, the computation graphs for implicit models are \"flexible\" or can be assumed as having \"infinite\" depth. For example, Neural ODEs (Chen et al., 2018; Massaroli et al., 2020) encode their neural architectures by a differential system with learnable parameters. Then the implicit ODE solvers they used is equivalent to a continuous ResNet taking infinitesimal steps. Furthermore, the training process of Neural ODEs can be depicted as finding a differential system of a certain type (like heat equations) by updating its learnable parameters which demonstrate that Neural ODE also enjoy interpretability to a certain extent. Moreover, DEQ (Bai et al., 2019; Winston & Kolter, 2020) is another class of implicit models. The central part of DEQ is the designation of the equilibrium equations z∗ = F(z∗;x) and block F . Its forward procedure is trying to solve the equilibrium equations with input x to\nget the equilibrium state z∗ as output by accelerated algorithms. Since the z∗ is fixed given F and x, its inference can be regarded as forwarding an explicit network stacked by the same block F for infinite times. For example, DEQ chooses their F by one set of Conv+ReLU while MDEQ constructs an HRNet-like block as theirs. However, no evidence shows that the best block constructions in explicit models can perform the best in the DEQ scheme. The construction of DEQ blocks or equilibrium equations is an open question worth exploring. Furthermore, most DEQ blocks do not have any mathematical insights (like the diffusion process in Neural ODE) and perform totally a black box with limited interpretability. Since implicit models usually adopt accelerated root-finding algorithms for their forward outputs and backward gradients, they enjoy the advantages of constant and more efficient memory costs compared with DNNs. Due to the above advantages, the design of implicit models draws much attention these days (Ghaoui et al., 2019; Gould et al., 2019). Apart from the models illustrated above, many kinds of other implicit models are proposed, including differentiable physics engines (Qiao et al., 2020; de Avila Belbute-Peres et al., 2018), logical structure learning (Wang et al., 2019b) and implicit neural blocks (Li et al., 2020). Model Interpretaiblity. Many researchers nowadays are trying to make their proposed method more interpretable. Although there are many kinds of approaches to achieve this goal, we marginally divide them into two parts: \"Empirical\" and \"Mathematical\" interpretability. Many works, such as (Zhang et al., 2018a; Zhang & Zhu, 2018; Bau et al., 2018), attempt to empirically disassemble the black box by characterizing some statistical or structural information like the outputs and gradients of neural networks’ middle layers. However, these works cannot be directly implemented on DEQ models since implicit ones do not have explicit depths like DNNs, which makes analyzing such models by dissecting each layer’s behavior almost impossible. Apart from that, researchers (Djolonga & Krause, 2017; Amos & Kolter, 2017; Xie et al., 2019; Chan et al., 2020) also managed to understand the neural architecture by linking it to a mathematical problem. In this way, researchers can analyze the black box by its corresponding mathematical problem. Furthermore, new components can be proposed due to the analysis of these problems. Our model aims to design a new DEQ architecture with proper mathematical interpretability. Compared with former works, our model can perform better on the classification tasks with novel components."
    }, {
      "heading" : "2 Multi-Branch Optimized Induced Equilirium Models",
      "text" : ""
    }, {
      "heading" : "2.1 The proposed architecture for the Multi-Branch OptEqs",
      "text" : "Inspired by OptEqs, we first design an objective function for our tasks to solve and then use its first-order stationary conditions as MOptEqs’ equilibrium equation. The base of our function is formed by summarizing several objective functions of different scales defined for OptEqs (Details are stated in Appendix A.1). However, such a model can not obtain satisfying results since these branches are independent. For this count, we need to design some terms describing the dependencies of each branch in the hidden objective function, as shown in the following paragraphs. Then we can obtain the equilibrium equations for our MOptEqs and our MOptEqs’ block F by analyzing the first-order stationary condition of our designed optimization problem. Hierarchical Heritage Modeling. State-of-the-art explicit models for image tasks are explicitly structured into sequential stages and process different resolutions hierarchically (He et al., 2016; Shelhamer et al., 2017; Lee et al., 2009a), which implies that features should be extracted hierarchically. In other words, the posterior branches should inherit from their prior ones, which we call such property hierarchical heritage. In our work, we are going to formulate such correlation of neighbouring branches in the hidden objective function by adding the following inner-product term into its origin:\nH(zi, zj) = z⊤i Pi:jzj (3)\nwhere zi ∈ Rdi , zj ∈ Rdj ,Pi:j ∈ Rsi×sj denotes the Average Downsample (its transpose can be regarded as a weighted nearest upsample) or Identity matrix suited to the shape of zi and zj (i < j or j = 1, i = L). This term estimates the summation for similarity of i-th and j-th branchs channels with the same channel index (corresponding channels).\nWhen zi and zj are similar, the inner product will be large. Otherwise, the result will become small, which implies that the relationship of corresponding channels is weak. In this way, we can ensure the similarity of corresponding channels of the near branches. Except for the relations between different branches’ corresponding channels, the relationships between dis-corresponding channels are explored in the following section. Diversity Modeling. In addition to the hierarchical relations for corresponding channels, works (Pang et al., 2019; Amada et al., 2021) have shown enhancing the diversities between branches can also improve the model’s improvements. Therefore, we also consider making different branches extract various features to improve the representation abilities. To achieve such a goal, we add a diversity term in the objective function Eqn (4) for i < j,\nD(zi, zj) = C∑\nk1=1 C∑ k2=1 k2 ̸=k1 |vec−1(zi)(k1)⊤vec−1(Pi:jzj)(k2)|, (4)\nwhere vec−1 is the inverse vectorization operator converting the vectorized feature zi ∈ Rdi×1 to a matrix in R di C ×C with C channels and vec−1(zi)(k) ∈ R di C ×1 denotes the kth channel of i-th branch in practice. Since we have already considered the relationships between the corresponding channels in the hierarchical term, we only tries to estimate the diversities of dis-corresponding channels of the i-th and j-th branches in this term. As the diversity term goes small, the diversities between the branches become stronger. The architecture of MOptEqs and its hidden problem. With the two terms we proposed, we can reformulate the hidden objective for our problem as follows:\nmin z1,...,zL G(z1, ..., zL; g(x)) = min z1,...,zL L∑ i=1 [ 1⊤f(W−1⊤i zi)− 〈 Uig(x) + bi,W −1⊤ i z 〉 + 1\n2 (λD(zi, zi+1) + ∥W−1⊤zi∥2 −H(zi, zi+1))\n] .\n(5)\ng(x) is the input feature for the raw input x, λ > 0 is a hyperparameter and zi ∈ Rdi×1 are the final outputs of MOptEqs. We can choose f to constrain zi on our demand and will influence model’s activation function. If we choose f(x) = I{x ≥ 0} to ensure the outputs to be positive, then the activation function is ReLU. We set D(zL, zL+1) = D(zL, z1) and H(zL, zL+1) = H(zL, z1) when i = L to complete the loop. The two terms we added tries to make the corresponding channels of different branches correlated by maximizing the H term and enhancing the diversities of different branches by minimizing D term. We note that H and D are not conflict since they are handling different pairs of channels for branches. As the following proposition shows, we finally get the equilibrium equations (Eqn (6)) for our MOptEqs by calculating the first-order stationary conditions ∇ziG = 0 for problem G.\nProposition 1 The proposed multi-branch structure induced by Eqn (5) can be depicted as solving the equilibrium points z̃∗ := [z⊤∗1 , ..., z⊤∗L ]⊤ ∈ R ∑L i=1 di for the following equations:\nz̃ = W̃⊤σ(W̃h(z̃) + Ũg(x) + b̃)\nwhere W̃ = W1 . . . WL  ,Ũ = [U⊤1 , ...,U⊤L ]⊤, b̃ = [b⊤1 , ...,b⊤L ]⊤. (6)\nAnd h(z̃) = [h1(z1, zL, z2)⊤, .., hi(zi, zi−1, zi+1)⊤, .., hL(zL, zL−1, z1)⊤]⊤ and each hi is defined as the mapping from Rdi × Rdi+1 × Rdi−1 to Rdi ,\nh(zi, zi−1, zi+1) = 1\n2 (Pi:i+1zi+1 +P\n⊤ i−1:izi−1)\n− λ 2 vec(vec−1(Pi:i+1zi+1)sign[Mi:i+1 − diag(Mi:i+1)])\n− λ 2 vec(vec−1(P⊤i−1:izi−1)sign[M⊤i−1:i − diag(Mi−1:i)]),\nMi:i+1 =vec−1(Pi:i+1zi+1)⊤vec−1(zi),\nMi−1:i =vec−1(zi)⊤vec−1(P⊤i−1:izi−1).\nThe equilibrium points for the above formula are also the first-order stationary points for the optimization problem Eqn(5).\nThe proof of the proposition is listed in Appendix A.3. In this manner, we obtain the proposed architecture MOptEqs, its forward propagation is equivalent to find the equilibrium points of Eqn(6), and such process can also be regarded as solving the stationary points of the optimization problem (5). The whole structure is also shown in Figure 1 (a) and we also draw figures to illustrate the practical process of hi (HH&D) on its right (Figure 1 (b)). We also evaluate the effectiveness of such modelling in Section. 3.2’s experiments."
    }, {
      "heading" : "2.2 The proposed Perturbation Enhanced Strategy for MOptEqs",
      "text" : "Researches (Kong et al., 2020; Xie et al., 2020; Tang et al., 2021) have discovered that small perturbations can enhance the generalization abilities and varieties of branches for neural architectures. Most efficient works use adversarial perturbations based on gradients (Xie & Yuille, 2020) for such a trick. However, such a strategy will slow the training process since they need at least one more back-propagation in each training step for perturbations, which is time-consuming. Unlike these methods, we can acquire more computation efficient perturbations because our models can be formulated as minimizing an objective function we designed. Then we can replace the maximum problem (details in Appendix A.2) for adversarial perturbation with maximizing our architecture’s hidden objective function G, since we assume MOptEq’s performance will go worse if G(z; g(x)) changes a lot at g(x)’s neighborhoods since the forward propagation of MOptEqs is minimization G(z; g(x)).\nAssumption 1 For a well trained OptEqs with its objective function denoted as G(z; g(x)) and a natural sample x which can be correctly classified. If an input perturbation ∥δ∥∞ ≤ ϵ can cause one of the following changes:\n|G(z′∗; g(x)− δ)−G(z∗; g(x))| ≥ L1ϵ, ∥z′∗ − z∗∥2 ≥ L2ϵ.\nwith L1, L2 > 1, it may lead the OptEqs to the wrong results with high probability.\nFor the second part of the assumption, it’s common sense and widely used in the analysis of adversarial robustness (Zhang et al., 2021; Li et al., 2020). With the above assumption, we can generate the perturbations by maximizing the objective function G(z; g(x)) for our MOptEqs. Since our MOptEqs can be regarded as a kind of \"implicit\" ensembling that parallels several equilibrium models, we decide to inject the perturbations acquired for the prior branch to the posterior one, like boosting to enhance the performance.\nThen the hidden objective function of MOptEqs with G(z; g(x)) is shown as follows,\nmin z1,...,zL G(z1, ...,zL; g(x)) = min z1,...,zL L∑ i=1 [ 1⊤f(W−1⊤i zi)− 〈 Ui(g(x)− δi−1) + bi,W−1⊤i z 〉 + 1\n2\n( λD(zi, zi+1) + ∥W−1⊤zi∥2 −H(zi, zi+1) )] ,\ns.t. δi = argmax ∥δi∥∞≤ϵ\n1⊤f(W−1⊤i zi)− 〈 Ui(g(x)− δi) + bi,W−1⊤i zi 〉 for i ∈ [1,L].\nwhere δ0 = 0. And the problem becomes a bilevel optimization problem. The solution to the lower-level problem is δi = ϵsign(U⊤i W −1⊤ i zi). Since the perturbation can be obtained by feeding the output of the activation layer σ(Wz+Ug(x)+b) to the transposed convolution layer with weight Ui, we call it reconstructed perturbation. Compared with the adversarial perturbations based on gradients, our perturbations can be acquired directly by matrixvector multiplication instead of iteratively built by gradients. Thus, such a process does not require much computation cost. Following the above steps, we obtain a harmful perturbed direction for the prior branches and then added them to their posterior branches. We note that our perturbation is added to the input feature g(x) instead of the raw input.\nProposition 2 For a natural sample x and a well trained OptEqs\nz∗ = W⊤σ(Wz∗ +Ug(x) + b)\nwith its hidden objective function denoted as G(z; g(x)), for g′(x) = g(x) − δ and δ = ϵsign(U⊤i W −1⊤ i zi), which obeys the constraint ∥δ∥∞ ≤ ϵ. z′∗ and z∗ are defined as follows:\nz′∗ = argmin z G(z; g′(x)),\nz∗ = argmin z G(z; g(x))."
    }, {
      "heading" : "If the ∥W∥2, ∥U∥2 ≤ 1 and 1N ∥U",
      "text" : "⊤W−1⊤z∗∥1 ≫ ϵ, where N is the element number of g(x), then\nmax { G(z′∗; g(x)− δ)−G(z∗; g(x)), √ Nϵ∥z′∗ − z∗∥2 } ≥ 1\n2\n{ ϵ∥U⊤W−1⊤z∗∥1 −Nϵ2 } .\nThe proposition demonstrates if we choose the perturbed direction to be ϵsign(U⊤W−1⊤z), at least one of the changes for the G or z∗ will be around ϵ∥U⊤W−1⊤z∗∥1 and implies each branch may perform bad on the perturbed data according to our assumptions. With the experiments in Section.3.2, we can conclude that our reconstructed perturbation is useful and our assumption is reasonable. Like boosting strategy, we can feed the perturbed data for the prior branch to its posterior branch to enhance the performance; we call such method as the Perturbation Enhanced strategy (PE). Following experiments also show that PE can indeed enhance the performance of our MOptEqs."
    }, {
      "heading" : "2.3 Model Optimization and Forward Convergence",
      "text" : "Forward Propagation and Implicit Differentiation. Like other equilibrium models, the forward propagation procedure is solving the given equilibrium functions Eqn 7. For this count, our model also enjoys the constant memory cost advantages as other DEQs. In our work, run root-finding algorithms to solve the roots z̃∗ = [z∗1, ...z∗L] of the following problem to reach the equilibrium states, which is the same as MDEQ (shown in Appendix A.5):\n∇z̃G(z1, ..., zL; g(x)) = 0. (7)\nAs for the backward propagation, we also adopt the implicit differentiation method widely used in (Bai et al., 2020; 2019; Chen et al., 2018). Instead of tracing the gradients during the forward propagation, the implicit differentiation method directly backpropagates through the equilibrium state using the Jacobian of Tθ = ∇z̃G+ z̃ at z̃∗. For a given loss l = L(z̃∗,y) (where y is the target) and the gradients can be written as\n∂l ∂(·) = ∂l ∂z̃∗ (I− JTθ |z̃ ∗)−1 ∂Tθ ∂(·) . (8)\nAnd the calculation of ∂l∂z̃∗ (I − JTθ |z̃ ∗)−1 is equivalent to solve root m for the following equation: m(I− JTθ |z̃ ∗) + ∂l\n∂z̃∗ = 0. (9)\nAs for the root-finding algorithm, we can use Broyden method (Broyden, 1965), Anderson Method (Anderson, 1965; Bai et al., 2021) or other root-finding methods to solve Eqn(7) for the equilibrium state and Eqn(9) for the backward gradient. Forward Convergence. Like other implicit models, we make some constraints on parameters in order to make the whole MOptEqs TΘ(z̃;x) (z̃ here is {zi}Li=1) be a contractive mapping. For the MOptEqs without considering HH&D (Eqn 10), the models can easily converge with ∥Wi∥2 ≤ ζ < 1. But since we use the HH&D module, we need to choose proper λ to ensure the convergence, around or less than 1C will be appropriate. We also conduct experiments to verify the convergence in Appendix A.7."
    }, {
      "heading" : "3 Experimental Results",
      "text" : "In this section, we conduct experiments for the image classification tasks on CIFAR10,CIFAR-100 Krizhevsky et al. (2009) and ImageNette implemented on the PyTorch (Paszke et al., 2017) platform to demonstrate the effectiveness of our model. Details are listed in Appendix A.6."
    }, {
      "heading" : "3.1 Comparison of Prior Implicit Models",
      "text" : "In this part, we decide to verify the superiority of MOptEqs in two aspects. First, we build the single-scale MOptEqs and compare the empirical results with other single-scale implicit models. And then we compare the experimental results with prior implicit models that utilize the multi-scale inputs like MDEQs, the state-of-the-art implicit model with multi-resolution. Implicit Models with Single View. In this part, we compare our MOptEqs with other single-view implicit models with comparable model sizes. Like OptEqs who uses three blocks for their experiment, we first construct our small MOptEqs with three branches whose outputs share the same size and the channel number C = 32. Results in Table.1 (a) demonstrates that our MOptEqs structure can even enhance the performance for recognition tasks under the single-view cases. Compared to the multi-branch model without fusion (POptEqs), our MOptEqs’ HH&D can efficiently utilize the relationships between different branches and lead the model to better performance. Our superiority also holds compared with former multi branches fusion methods: \"sum\" (non-parametric module) and \"conv\" (parametric module). Meanwhile, we can also conclude the effectiveness of our perturbation enhanced strategy from the table since its performance is the best.\nImplicit Models with Multiple Scales. Moreover, we conduct experiments compared with other models which handling multi-scale inputs. Like MDEQ, we construct our MOptEqs with four branches with resolution size equals to 32,16,8,4. Other details can be found in Appendix A.6. From Table.1 (b) and as shown in Table.2 (a), one can see that our MOptEqs not only outperforms the widely used explicit model ResNet-18 (He et al., 2016), but also shows better performance compared with MDEQ with fewer parameters on CIFAR, which is one of the best models. The empirical results for the multi-scale models further verify the superiority of MOptEqs and its strategy. Apart from experiments on small images, we also conduct experiments on ImageNette, which is a subset of 10 classes from ImageNet. Compared with MDEQ, our MOptEqs consistently perform better shown in Table.2 (b). Nevertheless, as one can see from the results, the difference between MDEQ and our model becomes much bigger in the CIFAR-100 and Imagenette with the same training hyper-parameters. Such a phenomenon demonstrates that the performance of our model is much more stable than MDEQ. Apart from these experiments, we also conducted ablation studies for our models in the following section."
    }, {
      "heading" : "3.2 The comprehensive understanding of MOptEqs",
      "text" : "0 20 40 60 80 100 Sample Index\n0.1\n0.2\n0.3\n0.4\n0.5\n0.6 Average H Average D\n(a) MOptEqs.\n0 20 40 60 80 100 Sample Index\n-0.4\n-0.2\n0\n0.2\n0.4\n0.6\nAverage H Average D\n(b) POptEqs. 0 1 2 3 4 5 6 7 8 9 10 11 12 13 14 15\n0 1 2 3 4 5 6 7 8 9 10 11 12 13 14 15\n0.15\n0.30\n0.45\n0.60\n0.75\n(c) MOptEqs. 0 1 2 3 4 5 6 7 8 9 10 11 12 13 14 15\n0 1 2 3 4 5 6 7 8 9 10 11 12 13 14 15\n0.15\n0.30\n0.45\n0.60\n0.75\n(d) POptEqs.\n0 0.1 0.2 0.3 Perturbation Size\n70\n75\n80\n85\nT es\nt A\ncc u\nra cy\nReconstruct Perturbation Uniform Perturbation Binomial Perturbation\n(a)\n3 4 5 6 7 8 9 10 PGD iteration\n30\n35\n40\n45\n50\n55\n60\nT es\nt A\ncc u\nra cy\nMOptEq trained w/o PE MOptEq (ε=0.1) MOptEq (ε=0.25) MOptEq (ε=0.5)\n(b)\n10-4 10-3 10-2 10-1 82\n83\n84\n85\n86\n87\n88\n89\nT es\nt A\ncc u\nra cy\nMOptEqs w/o HHD trained by augmented Loss MOptEqs w/o PE baseline\n(c)"
    }, {
      "heading" : "4 Conclusion",
      "text" : "We introduce the multi-branch optimization induced equilibrium models (MOptEqs), a new extension of OptEqs that can utilize multiscale information for recognition tasks and retain its ability to recover to an optimization problem whose solution is equivalent to the equilibrium states of our model. The model architecture is designed based on modelling the hidden objective function for the multi-resolution recognition task. Furthermore, we also propose a new strategy inspired by our understandings of the hidden optimization problem. The empirical results show the advantages of our proposed methods. The success of our HH&D module and PE strategy demonstrates the deep link between the optimization problem and neural architecture and may motivate further explorations."
    }, {
      "heading" : "Acknowledgments",
      "text" : "Yisen Wang is partially supported by the National Natural Science Foundation of China under Grant 62006153, Project 2020BD006 supported by PKU-Baidu Fund, and Open Research Projects of Zhejiang Lab (No. 2022RC0AB05). Zhouchen Lin is supported by the NSF China (No. 61731018), NSFC Tianyuan Fund for Mathematics (No. 12026606), Project 2020BD006 supported by PKU-Baidu Fund, and Qualcomm."
    }, {
      "heading" : "A Appendix",
      "text" : ""
    }, {
      "heading" : "A.1 Paralleling Multi-Branch OptEqs",
      "text" : "Experiments show that even a simple one-layer OptEqs module enjoys impressive generalization abilities. If we view a simple one-layer OptEqs module as a powerful feature generator, we can use an \"ensemble\" scheme on the DEQs by paralleling several DEQ modules. Then we get the multi-branch implicit structure (formulated as Eqn 10), which is capable of utilizing samples of multi-resolution but also retains the capability of recovering to an optimization problem.\nz∗1 = W ⊤ 1 σ(W1z ∗ 1 +U1g(x) + b1),\n......\nz∗L = W ⊤ Lσ(WLz ∗ L +ULg(x) + bL),\n(10)\nwhere z∗i denotes the equilibrium outputs of i-th branch, we call this structure ParallelOptEqs (POptEqs). Like (Xie et al., 2021) stated for OptEqs, the POptEqs can also be depicted as solving the following problem (Eqn 11) if Wi is invertible and σ(·) is activation function,\nmin z1,...,zL G(z1, ..., zL; g(x)) = min z1,...,zL L∑ i=1 [ 1⊤f(W−1⊤i zi)− 〈 Uig(x) + bi,W −1⊤ i z 〉 + 1\n2 ∥W−1⊤i zi∥ 2 − 1 2 ∥zi∥2\n] ,\n(11)\nwhere g(x) is the input feature with raw input x, zi ∈ Rdi×1 and f added for the activation function. For example f is the positive orthant f(x) = I{x ≥ 0} if we use ReLU activation, since (I + ∂f)−1 is the ReLU activation function, other activation functions can be found in Li et al. (2019).The calculation of the above structure (Eqn 10) is equivalent to solving the stationary points ∇ziG = 0."
    }, {
      "heading" : "A.2 Adversarial Perturbations.",
      "text" : "Adversarial perturbations aim to cheat well-trained neural networks with small or unnoticeable changes on natural images. The adversarial perturbations can be obtained by solving the following maximum problem for input xnat and label y:\nmax δ∈C\nL(fNN (xnat + δ); y),\nwhere C is the feasible set of δ in case the change is too large and usually chosen to be an l-infinite ball. Due to the neural network is a non-convex function for δ, obtaining the perturbation is not easy. The most popular method is the PGD-k method which solves the above problem by implementing the projected gradient method by k times. Although the performance of such a method is satisfactory in most cases, it makes the whole training procedure k + 1 times slower than the origin. In our work, we replace the above objective function with our model’s hidden objective function. Since the hidden optimization problem is convex with respect to the perturbation, we can get the perturbation much easier. Moreover, such perturbation can also enhance the generalization abilities, as shown in the experiments."
    }, {
      "heading" : "A.3 Proofs for Proposition.1",
      "text" : "In this section, we are going to prove that the equilibrium equation Eqn 1 is also the first order stationary points for the optimization problem 5.\nProof 1 The equilibrium equations Eqn 1 in the proposition can be separated into different branches as follows:\nz1 = W ⊤ 1 σ (W1h1 (z1, zL, z2) +U1g(x) + b1) ,\n......\nzi = W ⊤ i σ (Wihi (zi, zi−1, zi+1) +Uig(x) + bi) ,\n......\nzL = W ⊤ Lσ (WLhL (zL, zL−1, z1) +ULg(x) + bL) ,\n(12)\nwhere hi : Rdi × Rdi+1 × Rdi−1 → Rdi can be defined as:\nhi(zi, zi−1, zi+1) = 1\n2 (Pi:i+1zi+1 +P\n⊤ i−1:izi−1)\n− λ 2\nvec ( vec−1(Pi:i+1zi+1)sign [Mi:i+1 − diag(Mi:i+1)] ) − λ\n2 vec(vec−1\n( P⊤i−1:izi−1)sign [ M⊤i−1:i − diag(Mi−1:i) ]) ,\n(13)\nwhere Mi:i+1 = vec−1(Pi:i+1zi+1)⊤vec−1(zi).\nFirst, we need to prove that\nh(zi, zi−1, zi+1) = − 1\n2 ∇zi L∑ i=1 [λD(zi, zi+1)−H(zi, zi+1)] (14)\nThe derivatives for the right term can be divided as the derivatives for H and D:\n∇zi L∑\nk=1\nH(zk, zk+1) = ∇zi L∑\nk=1\nz⊤k Pk:k+1zk+1\n= ∇zi(z⊤i Pi:i+1zi+1 + z⊤i−1Pi−1:izi) = Pi:i+1zi+1 +P ⊤ i−1:izi−1\nwhich is the first term of hi. Then we are going to calculate the derivatives for D:\n∇zi L∑\nk=1\nD(zk, zk+1) = ∇zi L∑\nk=1 c∑ k1=1 c∑ k2 ̸=k1 |vec−1(zk)(k1)⊤vec−1(Pk:k+1zk+1)(k2)|\n= ∇zi  c∑ k1=1 c∑ k2 ̸=k1 |vec−1(zi)(k1)⊤vec−1(Pi:i+1zi+1)(k2)|\n+ c∑ k1=1 c∑ k2 ̸=k1 |vec−1(zi−1)(k1)⊤vec−1(Pi−1:izi)(k2)|  = vec ∇vec−1(zi)  c∑\nk1=1 c∑ k2 ̸=k1 |vec−1(zi)(k1)⊤vec−1(Pi:i+1zi+1)(k2)|\n+ c∑ k1=1 c∑ k2 ̸=k1 |vec−1(zi−1)(k1)⊤vec−1(Pi−1:izi)(k2)|  with the following equation holds for the sampling matrix Pi−1:i and sampling is done for each channel independently:\nvec−1(zi−1)(k1)⊤vec−1(Pi−1:izi)(k2) = vec−1(P⊤i−1:izi−1)(k1)⊤vec−1(zi)(k2)\nThe equation can be formulated as:\n∇zi 1\n2 L∑ k=1 D(zk, zk+1) = vec\n∇vec−1(zi)  c∑\nk1=1 c∑ k2 ̸=k1 |vec−1(zi)(k1)⊤vec−1(Pi:i+1zi+1)(k2)|\n+ c∑ k1=1 c∑ k2 ̸=k1 |vec−1(P⊤i−1:izi−1)(k1)⊤vec−1(zi)(k2)|  Since\n∇vec−1(zi) c∑\nk1=1 c∑ k2 ̸=k1 |vec−1(zi)(k1)⊤vec−1(Pi:i+1zi+1)(k2)|\n= ∇vec−1(zi)(1)  c∑\nk1=1 c∑ k2 ̸=k1 |vec−1(zi)(k1)⊤vec−1(Pi:i+1zi+1)(k2)|\n , ...,∇vec−1(zi)(C)(...) \n=  L∑ k2 ̸=1 sign(vec−1(zi)(1)⊤vec−1(Pi:i+1zi+1)(k2))vec−1(Pi:i+1zi+1)(k2),\n...,\nL∑ k2 ̸=C\nsign(vec−1(zi)(C)⊤vec−1(Pi:i+1zi+1)(k2))vec−1(Pi:i+1zi+1)(k2) \n=vec−1(Pi:i+1zi+1)sign[vec−1(Pi:i+1zi+1)⊤vec−1(zi)− diag(vec−1(Pi:i+1zi+1)⊤vec−1(zi))] =vec−1(Pi:i+1zi+1)sign[Mi:i+1 − diag(Mi:i+1)],\nIn the same manner, we can get,\n∇vec−1(zi) c∑\nk1=1 c∑ k2 ̸=k1 |vec−1(P⊤i−1:izi−1)(k1)⊤vec−1(zi)(k2)|\n=vec−1(P⊤i−1:izi−1)sign[M⊤i−1:i − diag(Mi−1:i)] Taking all the terms together, we’ve proved the correctness of Eqn 14. Then we can proved the relationships between Eqn 12 and the first-order stationary points for Eqn 5. Take zi for an example: 0 = ∇zi L∑\ni=1\n[ 1⊤f(W−1⊤i zi)− 〈 Uig(x) + bi,W −1⊤ i z 〉 + 1\n2\n( λD(zi, zi+1) + ∥W−1⊤zi∥2 −H(zi, zi+1) )] 0 = W−1i (I+ ∂f)(W −1⊤ i zi)−W −1 i (Uig(x) + bi)− h(zi, zi−1, zi+1)\nThen we can get the equilibrium equation: zi = W ⊤ i σ(Wihi(zi, zi−1, zi+1) +Uig(x) + bi),\nthe proof is the same for all i. In this manner, we proved the relations between the structure and the optimization problems. The proof for the proposition is complete."
    }, {
      "heading" : "A.4 Proofs for Proposition.2",
      "text" : "Proof 2 From the preliminaries above, the difference between G(z′∗; g(x) − δ) and G(z∗; g(x)) with δ = ϵSIGN(U⊤W−1⊤z∗) is as follows:\nG(z′∗; g(x)− δ)−G(z∗; g(x)) = G(z′∗; g(x))−G(z∗; g(x)) + 〈 ϵsign(U⊤W−1⊤z∗),U⊤W−1⊤z′∗ 〉 Since z∗ is the minimizer of G at g(x), the above function can be converted as follows:\nG(z′∗; g(x)− δ)−G(z∗; g(x)) ≥ 〈 ϵsign(U⊤W−1⊤z∗),U⊤W−1⊤z′∗ 〉 = ϵ∥U⊤W−1⊤z∗∥1 − 〈 ϵsign(U⊤W−1⊤z∗),U⊤W−1⊤(z∗ − z′∗) 〉\nFrom the structure of OptEqs, we can get:\nϵSIGN(U⊤W−1⊤z∗)⊤U⊤W−1⊤(z∗ − z′∗) ≤ϵ∥U⊤W−1⊤(z∗ − z′∗)∥1 ≤ √ Nϵ∥U⊤W−1⊤(z∗ − z′∗)∥2\n≤ √ Nϵ∥U⊤ ( σ(Wz∗ +Ug(x) + b)− σ(Wz′∗ +U(g(x)− δ) + b) ) ∥2 ≤ √ Nϵ∥σ(Wz∗ +Ug(x) + b)− σ(Wz′∗ +U(g(x)− δ) + b)∥2 ≤ √ Nϵ∥Wz∗ +Ug(x) + b−Wz′∗ −U(g(x)− δ)− b∥2 ≤ √ Nϵ∥W(z∗ − z′∗) +Uδ∥2 ≤ √ Nϵ∥W(z∗ − z′∗)∥2 + √ Nϵ∥Uδ∥2 ≤ √ Nϵ∥z′∗ − z∗∥2 +Nϵ2\nThe inequality is acquired because of the Lipshitzness of common activation function (ReLU and Leacky ReLU) and the bounds on weight matrices. With the above results, we can get:\nG(z′∗; g(x)− δ)−G(z∗; g(x)) ≥ ϵ∥U⊤W−1⊤z∗∥1 − √ Nϵ∥z′∗ − z∗∥2 −Nϵ2\nThen we can obtain the proposition:\nmax { G(z′∗; g(x)− δ)−G(z∗; g(x)), √ Nϵ∥z′∗ − z∗∥2 } ≥ 1\n2\n{ ϵ∥U⊤W−1⊤z∗∥1 −Nϵ2 }\nThe proofs are similar when considering the HH&D modules.\nA.5 Forward Process of our MOptEqs’ implicit part.\nThe forward propagation is illustrated as follows:\nAlgorithm 1: Forward Process of our MOptEqs’ implicit part. Require: Input x, initial points {zi}Li=1, perturbation size ϵ, δ0 = 0, maximum\nperturbation size ϵ. Ensure: Equilibrium points{zi}Li=1\nCalculate the input feature g(x). The calculation of ∇z̃G(z̃; g(x)) = 0 is the same as finding the equilibrium points\nTθ = ∇z̃G+ z̃ = z̃\n. Use Broyden (Broyden, 1965) or Anderson Method (Anderson, 1965) or others to find roots of the following equation like MDEQ:\nTθ(z̃; g(x)) = z̃\nreturn z̃ = {z∗i }Li=1\nAnd the calculation of Tθ is shown as follows:\nAlgorithm 2: The Calculation of Tθ = ∇z̃G+ z̃ at (z̃, g(x)). Require: Input feature g(x), initial points {zi}Li=1, perturbation size ϵ, δ0 = 0, maximum\nperturbation size ϵ. Ensure: Output Tθ = ∇z̃G(z̃; g(x)) + z̃\nfor i ∈ RANGE(1, L) do k1, k2 ← neighbor of i in L-loop Calculate zpi by hi (Shown in Figure 1 (b)): zpi ← hi(zi, zi−1, zi+1)\nif Use PE Method then yi ← σ(Wizpi +Ui(g(x)− δi−1) + bi) δi ← ϵSIGN(U⊤i yi) else yi ← σ(Wizpi +Uig(x) + bi) end if zi ←W⊤i yi\nend for return {z∗i }Li=1\nA.6 Experiments details of MOptEqs for the experiments Classification.\nA.6.1 CIFAR-10\nFor classification tasks of single-view models, we set the channel number of each branch to 32, λ = 0.01 and perturbation size ϵ = 0.1 for the small MOptEqs with three branches for the single-view comparison as OptEqs. The batch size is set to be 128 for all the experiments. As for the multi-scale models’ comparison, we use four branches with each branch take inputs with resolutions equals 32, 16, 8, 4 like MDEQ, the output channel number for each branch is 256 for MOptEqs with 1.9M learnable parameters. At the same time, we set the channel number to be 128 for MOptEqs with 0.48M learnable parameters. And we set λ = 0.001 and perturbation size ϵ = 0.1 for the experiments. We use the widely used SGD algorithm for training procedure. We set weight decay to be 0.001 and the initial learning rate start from 0.1 and decay by 0.1 at 100, 150, 175-th epoch with 200 epochs in total like others. We use the standard data augmentation for all the experiments. Our implementation for small MDEQ only changes the channel number of MDEQ’s 10M model to obtain the comparable size with our model, without changing the training settings and its hyper-parameters.\nA.6.2 CIFAR-100\nExcept for CIFAR-10, we also finish the experiments on CIFAR-100 classification2 to further verify our model’s effectiveness. The model we used is the same as the models used in the multi-scale comparison, only changing the output from 10 to 100 for classification. MDEQ with 11M parameter is the same model as (Bai et al., 2020) proposed for CIFAR-10 experiment with only changing the output from 10 to 100 for CIFAR-100. Moreover, the hyper-parameter setting is also the same as (Bai et al., 2020) proposed in the paper. We use the widely used SGD algorithm for training procedure. We set weight decay to be 0.001 and the initial learning rate start from 0.1 and decay by 0.1 at 100, 150, 175-th epoch with 200 epochs in total like others. We use the standard data augmentation for all the experiments.\n2https://www.cs.toronto.edu/ kriz/cifar.html\n∥T j∥2 .\nA.6.3 ImageNette\nBesides the classification for images with small size, we also conduct the experiments on the Imagenette3, which is a subset of 10 classes from ImageNet4 with 9469 training photos and its test set consists of 3925 images. Furthermore, we use the full-size version of Imagenette5 further to verify the superiority of our models on large-scale images. The model architecture for our MOptEqs and MDEQ (for comparison) is the same as the ones used in the multiscale models’ comparison for CIFAR-10 except adding two downsampling layers in the head of models to downsample the input size from 256 to 64. As for the hyper-parameters, we only change the weight decay to be 5e−5, batch size to be 32 and extend the whole training epochs to 200 with 100-th, 150-th, 175-th for the learning rate decay for all the models. All the hyper-parameters for both MOptEqs and MDEQs are hardly changed during all the datasets."
    }, {
      "heading" : "A.7 Convergence validation for our MOptEqs.",
      "text" : "As shown in Figure 4(a), the Anderson method can quickly find the equilibrium points for our small MOptEq used for single-view comparison. From the figure, one can see that MOptEqs with proper λ (around or smaller than 1C , around 0.03 in this circumstance) can ensure the whole mappings be contractive. But too large λ will make the model hard to converge or even fail. Apart from plotting the convergent iterations’ of our forward root-finding procedure for the small MOptEqs (shown in Figure 4 (a)), we also draw figures to show the convergence of the forward propagation for our multi-scale MOptEqs (λ = 0.001) used in the imagenette and CIFAR experiments as Figure 4 (b) shown. We use the pre-trained model on Imagenette whose prediction accuracy is reported in the above sections. One can see that our multi-scale MOptEqs can also quickly converge to the equilibrium points as we expected.\nA.8 Ablation Studies on the impact of D and H part\nIn this section, we analyzed the influence of our D and H term for a single-branch MOptEq model trained without PE method shown in Table. 3. We set λ = 0.02 for the experiment. From the table, one can see that the contribution of the H term is slightly higher than the diversity term. But considering both two terms can significantly improve the results comparing with MOptEqs without considering these two terms.\n3https://github.com/fastai/imagenette/ 4https://www.image-net.org/ 5https://s3.amazonaws.com/fast-ai-imageclas/imagenette2.tgz"
    }, {
      "heading" : "A.9 Experiments on the ImageNet",
      "text" : "Except CIFAR and Imagenette, we also conducted experiments on ImageNet with 13M parameters shown as below:\nFrom the results, one can see that our model can achieve the satisfying performance on ImageNet compared with the state-of-the-art models."
    }, {
      "heading" : "A.10 PE method and robustness",
      "text" : "From the above experiments, one can see that the PE method may also improve the robustness of our MOptEqs. In this section, we conduct experiments to see whether the PE methods can further enhance the robustness of MOptEqs when we use adversarial training methods on these models. We finish comparisons of PGD-3 training for the single-view MOptEq with or without PE, and the result is shown as follows: From the table, we can\nconclude that our PE method can improve the robustness of our MOptEqs model trained by the adversarial training method. Such advantages also demonstrate the superiority of our models’ mathematical interpretability since the PE method is acquired based on the model’s hidden optimization problem.\nA.11 Other Training methods: Fixed Point method and One-step gradients"
    }, {
      "heading" : "A.11.1 Methods",
      "text" : "Since our model is not so complicated, we can use the fixed point method for L iteration for the forward propagation. While for the back propagation, we can use BPTT (Mozer, 1989) and (Geng et al., 2021) proposed method, which only backward the final forward iterations using the chain rule:\n∂L ∂(·) = ∂L ∂T LΘ ∂T LΘ ∂(·)\nwhere θ ∈ Θ are the learnable parameters for the implicit models, T LΘ denotes the output z for the L-th fixed-point iteration. Since the back-propagation of such a strategy is similar\nto backwards only a single layer of DNN module without the calculation of root-finding algorithm for the Jacobian in the implicit differentiation, the computational cost is much less than the implicit method. However, the gradient approximated by such a method is not accurate and may cause the performance drop. However, as we illustrated below, such a method can be regarded as a trade-off if the computational resources of training are not enough."
    }, {
      "heading" : "A.11.2 Empirical Results and Computational Efficiency of One-stpe Gradient",
      "text" : "We take the ImageNette dataset as an example, the training memory cost, forward time, and test accuracy are shown as follows (each batch contains 32 images and is finished on 2 x GTX 1080Ti for 200 epochs):\nThe results shows that the one-step gradient methods can save a lot computation resources while with slightly drop on the performance."
    } ],
    "references" : [ {
      "title" : "Adversarial robustness for face recognition: How to introduce ensemble diversity among feature extractors? 2021",
      "author" : [ "Takuma Amada", "Kazuya Kakizaki", "Toshinori Araki", "Seng Pei Liew", "Joseph Keshet", "Jun Furukawa" ],
      "venue" : null,
      "citeRegEx" : "Amada et al\\.,? \\Q2021\\E",
      "shortCiteRegEx" : "Amada et al\\.",
      "year" : 2021
    }, {
      "title" : "Optnet: Differentiable optimization as a layer in neural networks",
      "author" : [ "Brandon Amos", "J Zico Kolter" ],
      "venue" : "In International Conference on Machine Learning,",
      "citeRegEx" : "Amos and Kolter.,? \\Q2017\\E",
      "shortCiteRegEx" : "Amos and Kolter.",
      "year" : 2017
    }, {
      "title" : "Iterative procedures for nonlinear integral equations",
      "author" : [ "Donald G.M. Anderson" ],
      "venue" : "Journal of the ACM,",
      "citeRegEx" : "Anderson.,? \\Q1965\\E",
      "shortCiteRegEx" : "Anderson.",
      "year" : 1965
    }, {
      "title" : "Deep equilibrium models",
      "author" : [ "Shaojie Bai", "J. Zico Kolter", "Vladlen Koltun" ],
      "venue" : "Advances in Neural Information Processing Systems 32: Annual Conference on Neural Information Processing Systems",
      "citeRegEx" : "Bai et al\\.,? \\Q2019\\E",
      "shortCiteRegEx" : "Bai et al\\.",
      "year" : 2019
    }, {
      "title" : "Multiscale deep equilibrium models",
      "author" : [ "Shaojie Bai", "Vladlen Koltun", "J. Zico Kolter" ],
      "venue" : "Advances in Neural Information Processing Systems 33: Annual Conference on Neural Information Processing Systems",
      "citeRegEx" : "Bai et al\\.,? \\Q2020\\E",
      "shortCiteRegEx" : "Bai et al\\.",
      "year" : 2020
    }, {
      "title" : "Stabilizing equilibrium models by jacobian regularization",
      "author" : [ "Shaojie Bai", "Vladlen Koltun", "J. Zico Kolter" ],
      "venue" : "CoRR, abs/2106.14342,",
      "citeRegEx" : "Bai et al\\.,? \\Q2021\\E",
      "shortCiteRegEx" : "Bai et al\\.",
      "year" : 2021
    }, {
      "title" : "GAN dissection: Visualizing and understanding generative adversarial networks",
      "author" : [ "David Bau", "Jun-Yan Zhu", "Hendrik Strobelt", "Bolei Zhou", "Joshua B. Tenenbaum", "William T. Freeman", "Antonio Torralba" ],
      "venue" : "CoRR, abs/1811.10597,",
      "citeRegEx" : "Bau et al\\.,? \\Q2018\\E",
      "shortCiteRegEx" : "Bau et al\\.",
      "year" : 2018
    }, {
      "title" : "A class of methods for solving nonlinear simultaneous equations",
      "author" : [ "Charles G Broyden" ],
      "venue" : "Mathematics of computation,",
      "citeRegEx" : "Broyden.,? \\Q1965\\E",
      "shortCiteRegEx" : "Broyden.",
      "year" : 1965
    }, {
      "title" : "The laplacian pyramid as a compact image code",
      "author" : [ "Peter J Burt", "Edward H Adelson" ],
      "venue" : "In Readings in computer vision,",
      "citeRegEx" : "Burt and Adelson.,? \\Q1987\\E",
      "shortCiteRegEx" : "Burt and Adelson.",
      "year" : 1987
    }, {
      "title" : "Deep networks from the principle of rate reduction",
      "author" : [ "Kwan Ho Ryan Chan", "Yaodong Yu", "Chong You", "Haozhi Qi", "John Wright", "Yi Ma" ],
      "venue" : "arXiv preprint arXiv:2010.14765,",
      "citeRegEx" : "Chan et al\\.,? \\Q2020\\E",
      "shortCiteRegEx" : "Chan et al\\.",
      "year" : 2020
    }, {
      "title" : "Neural ordinary differential equations",
      "author" : [ "Tian Qi Chen", "Yulia Rubanova", "Jesse Bettencourt", "David Duvenaud" ],
      "venue" : "Advances in Neural Information Processing Systems 31: Annual Conference on Neural Information Processing Systems",
      "citeRegEx" : "Chen et al\\.,? \\Q2018\\E",
      "shortCiteRegEx" : "Chen et al\\.",
      "year" : 2018
    }, {
      "title" : "End-to-end differentiable physics for learning and control",
      "author" : [ "Filipe de Avila Belbute-Peres", "Kevin Smith", "Kelsey Allen", "Josh Tenenbaum", "J Zico Kolter" ],
      "venue" : "Advances in neural information processing systems,",
      "citeRegEx" : "Belbute.Peres et al\\.,? \\Q2018\\E",
      "shortCiteRegEx" : "Belbute.Peres et al\\.",
      "year" : 2018
    }, {
      "title" : "Differentiable learning of submodular models",
      "author" : [ "Josip Djolonga", "Andreas Krause" ],
      "venue" : "Advances in Neural Information Processing Systems,",
      "citeRegEx" : "Djolonga and Krause.,? \\Q2017\\E",
      "shortCiteRegEx" : "Djolonga and Krause.",
      "year" : 2017
    }, {
      "title" : "Is attention better than matrix decomposition",
      "author" : [ "Zhengyang Geng", "Meng-Hao Guo", "Hongxu Chen", "Xia Li", "Ke Wei", "Zhouchen Lin" ],
      "venue" : "In International Conference on Learning Representations,",
      "citeRegEx" : "Geng et al\\.,? \\Q2021\\E",
      "shortCiteRegEx" : "Geng et al\\.",
      "year" : 2021
    }, {
      "title" : "Deep declarative networks: A new hope",
      "author" : [ "Stephen Gould", "Richard Hartley", "Dylan Campbell" ],
      "venue" : null,
      "citeRegEx" : "Gould et al\\.,? \\Q1909\\E",
      "shortCiteRegEx" : "Gould et al\\.",
      "year" : 1909
    }, {
      "title" : "Deep residual learning for image recognition",
      "author" : [ "Kaiming He", "Xiangyu Zhang", "Shaoqing Ren", "Jian Sun" ],
      "venue" : "IEEE Conference on Computer Vision and Pattern Recognition,",
      "citeRegEx" : "He et al\\.,? \\Q2016\\E",
      "shortCiteRegEx" : "He et al\\.",
      "year" : 2016
    }, {
      "title" : "Densely connected convolutional networks",
      "author" : [ "Gao Huang", "Zhuang Liu", "Laurens van der Maaten", "Kilian Q. Weinberger" ],
      "venue" : "IEEE Conference on Computer Vision and Pattern Recognition,",
      "citeRegEx" : "Huang et al\\.,? \\Q2017\\E",
      "shortCiteRegEx" : "Huang et al\\.",
      "year" : 2017
    }, {
      "title" : "Flag: Adversarial data augmentation for graph neural networks",
      "author" : [ "Kezhi Kong", "Guohao Li", "Mucong Ding", "Zuxuan Wu", "Chen Zhu", "Bernard Ghanem", "Gavin Taylor", "Tom Goldstein" ],
      "venue" : null,
      "citeRegEx" : "Kong et al\\.,? \\Q2010\\E",
      "shortCiteRegEx" : "Kong et al\\.",
      "year" : 2010
    }, {
      "title" : "Learning multiple layers of features from tiny images",
      "author" : [ "Alex Krizhevsky", "Geoffrey Hinton" ],
      "venue" : null,
      "citeRegEx" : "Krizhevsky and Hinton,? \\Q2009\\E",
      "shortCiteRegEx" : "Krizhevsky and Hinton",
      "year" : 2009
    }, {
      "title" : "Convolutional deep belief networks for scalable unsupervised learning of hierarchical representations",
      "author" : [ "Honglak Lee", "Roger Grosse", "Rajesh Ranganath", "Andrew Y Ng" ],
      "venue" : "In Proceedings of the 26th annual international conference on machine learning,",
      "citeRegEx" : "Lee et al\\.,? \\Q2009\\E",
      "shortCiteRegEx" : "Lee et al\\.",
      "year" : 2009
    }, {
      "title" : "Convolutional deep belief networks for scalable unsupervised learning of hierarchical representations",
      "author" : [ "Honglak Lee", "Roger B. Grosse", "Rajesh Ranganath", "Andrew Y. Ng" ],
      "venue" : "Proceedings of the 26th Annual International Conference on Machine Learning,",
      "citeRegEx" : "Lee et al\\.,? \\Q2009\\E",
      "shortCiteRegEx" : "Lee et al\\.",
      "year" : 2009
    }, {
      "title" : "Lifted proximal operator machines",
      "author" : [ "Jia Li", "Cong Fang", "Zhouchen Lin" ],
      "venue" : "In Proceedings of the AAAI Conference on Artificial Intelligence,",
      "citeRegEx" : "Li et al\\.,? \\Q2019\\E",
      "shortCiteRegEx" : "Li et al\\.",
      "year" : 2019
    }, {
      "title" : "Implicit euler skip connections: Enhancing adversarial robustness via numerical stability",
      "author" : [ "Mingjie Li", "Lingshen He", "Zhouchen Lin" ],
      "venue" : "In Proceedings of the 37th International Conference on Machine Learning,",
      "citeRegEx" : "Li et al\\.,? \\Q2020\\E",
      "shortCiteRegEx" : "Li et al\\.",
      "year" : 2020
    }, {
      "title" : "Low-rank matrix completion in the presence of high coherence",
      "author" : [ "Guangcan Liu", "Ping Li" ],
      "venue" : "IEEE Transactions on Signal Processing,",
      "citeRegEx" : "Liu and Li.,? \\Q2016\\E",
      "shortCiteRegEx" : "Liu and Li.",
      "year" : 2016
    }, {
      "title" : "Blind image deblurring using spectral properties of convolution operators",
      "author" : [ "Guangcan Liu", "Shiyu Chang", "Yi Ma" ],
      "venue" : "IEEE Transactions on image processing,",
      "citeRegEx" : "Liu et al\\.,? \\Q2014\\E",
      "shortCiteRegEx" : "Liu et al\\.",
      "year" : 2014
    }, {
      "title" : "Dissecting neural odes",
      "author" : [ "Stefano Massaroli", "Michael Poli", "Jinkyoo Park", "Atsushi Yamashita", "Hajime Asama" ],
      "venue" : "Advances in Neural Information Processing Systems 33: Annual Conference on Neural Information Processing Systems",
      "citeRegEx" : "Massaroli et al\\.,? \\Q2020\\E",
      "shortCiteRegEx" : "Massaroli et al\\.",
      "year" : 2020
    }, {
      "title" : "A focused back-propagation algorithm for temporal pattern recognition",
      "author" : [ "Michael C Mozer" ],
      "venue" : "Complex systems,",
      "citeRegEx" : "Mozer.,? \\Q1989\\E",
      "shortCiteRegEx" : "Mozer.",
      "year" : 1989
    }, {
      "title" : "Improving adversarial robustness via promoting ensemble diversity",
      "author" : [ "Tianyu Pang", "Kun Xu", "Chao Du", "Ning Chen", "Jun Zhu" ],
      "venue" : "Proceedings of the 36th International Conference on Machine Learning,",
      "citeRegEx" : "Pang et al\\.,? \\Q2019\\E",
      "shortCiteRegEx" : "Pang et al\\.",
      "year" : 2019
    }, {
      "title" : "Automatic differentiation in pytorch",
      "author" : [ "Adam Paszke", "Sam Gross", "Soumith Chintala", "Gregory Chanan", "Edward Yang", "Zachary DeVito", "Zeming Lin", "Alban Desmaison", "Luca Antiga", "Adam Lerer" ],
      "venue" : "NIPS-W,",
      "citeRegEx" : "Paszke et al\\.,? \\Q2017\\E",
      "shortCiteRegEx" : "Paszke et al\\.",
      "year" : 2017
    }, {
      "title" : "Scalable differentiable physics for learning and control",
      "author" : [ "Yi-Ling Qiao", "Junbang Liang", "Vladlen Koltun", "Ming Lin" ],
      "venue" : "In International Conference on Machine Learning,",
      "citeRegEx" : "Qiao et al\\.,? \\Q2020\\E",
      "shortCiteRegEx" : "Qiao et al\\.",
      "year" : 2020
    }, {
      "title" : "Fully convolutional networks for semantic segmentation",
      "author" : [ "Evan Shelhamer", "Jonathan Long", "Trevor Darrell" ],
      "venue" : "IEEE Trans. Pattern Anal. Mach. Intell.,",
      "citeRegEx" : "Shelhamer et al\\.,? \\Q2017\\E",
      "shortCiteRegEx" : "Shelhamer et al\\.",
      "year" : 2017
    }, {
      "title" : "Robustart: Benchmarking robustness on architecture design and training techniques",
      "author" : [ "Shiyu Tang", "Ruihao Gong", "Yan Wang", "Aishan Liu", "Jiakai Wang", "Xinyun Chen", "Fengwei Yu", "Xianglong Liu", "Dawn Song", "Alan Yuille" ],
      "venue" : "arXiv preprint arXiv:2109.05211,",
      "citeRegEx" : "Tang et al\\.,? \\Q2021\\E",
      "shortCiteRegEx" : "Tang et al\\.",
      "year" : 2021
    }, {
      "title" : "Deep highresolution representation learning for visual recognition",
      "author" : [ "Jingdong Wang", "Ke Sun", "Tianheng Cheng", "Borui Jiang", "Chaorui Deng", "Yang Zhao", "Dong Liu", "Yadong Mu", "Mingkui Tan", "Xinggang Wang", "Wenyu Liu", "Bin Xiao" ],
      "venue" : "CoRR, abs/1908.07919,",
      "citeRegEx" : "Wang et al\\.,? \\Q2019\\E",
      "shortCiteRegEx" : "Wang et al\\.",
      "year" : 2019
    }, {
      "title" : "Satnet: Bridging deep learning and logical reasoning using a differentiable satisfiability solver",
      "author" : [ "Po-Wei Wang", "Priya Donti", "Bryan Wilder", "Zico Kolter" ],
      "venue" : "In International Conference on Machine Learning,",
      "citeRegEx" : "Wang et al\\.,? \\Q2019\\E",
      "shortCiteRegEx" : "Wang et al\\.",
      "year" : 2019
    }, {
      "title" : "Monotone operator equilibrium networks",
      "author" : [ "Ezra Winston", "J. Zico Kolter" ],
      "venue" : "Advances in Neural Information Processing Systems 33: Annual Conference on Neural Information Processing Systems",
      "citeRegEx" : "Winston and Kolter.,? \\Q2020\\E",
      "shortCiteRegEx" : "Winston and Kolter.",
      "year" : 2020
    }, {
      "title" : "Intriguing properties of adversarial training at scale",
      "author" : [ "Cihang Xie", "Alan L. Yuille" ],
      "venue" : "In 8th International Conference on Learning Representations,",
      "citeRegEx" : "Xie and Yuille.,? \\Q2020\\E",
      "shortCiteRegEx" : "Xie and Yuille.",
      "year" : 2020
    }, {
      "title" : "Adversarial examples improve image recognition",
      "author" : [ "Cihang Xie", "Mingxing Tan", "Boqing Gong", "Jiang Wang", "Alan L Yuille", "Quoc V Le" ],
      "venue" : "In Proceedings of the IEEE/CVF Conference on Computer Vision and Pattern Recognition,",
      "citeRegEx" : "Xie et al\\.,? \\Q2020\\E",
      "shortCiteRegEx" : "Xie et al\\.",
      "year" : 2020
    }, {
      "title" : "Differentiable linearized admm",
      "author" : [ "Xingyu Xie", "Jianlong Wu", "Guangcan Liu", "Zhisheng Zhong", "Zhouchen Lin" ],
      "venue" : "In International Conference on Machine Learning,",
      "citeRegEx" : "Xie et al\\.,? \\Q2019\\E",
      "shortCiteRegEx" : "Xie et al\\.",
      "year" : 2019
    }, {
      "title" : "Optimization induced deep equilibrium networks",
      "author" : [ "Xingyu Xie", "Jianlong Wu", "Guangcan Liu", "Zhisheng Zhong", "Zhouchen Lin" ],
      "venue" : "arXiv preprint arXiv:2105.13228,",
      "citeRegEx" : "Xie et al\\.,? \\Q2021\\E",
      "shortCiteRegEx" : "Xie et al\\.",
      "year" : 2021
    }, {
      "title" : "Scalable sparse subspace clustering by orthogonal matching pursuit",
      "author" : [ "Chong You", "Daniel Robinson", "René Vidal" ],
      "venue" : "In Proceedings of the IEEE conference on computer vision and pattern recognition,",
      "citeRegEx" : "You et al\\.,? \\Q2016\\E",
      "shortCiteRegEx" : "You et al\\.",
      "year" : 2016
    }, {
      "title" : "Towards certifying l infinity) robustness using neural networks with l infinity-dist",
      "author" : [ "Bohang Zhang", "Tianle Cai", "Zhou Lu", "Di He", "Liwei Wang" ],
      "venue" : "neurons. CoRR,",
      "citeRegEx" : "Zhang et al\\.,? \\Q2021\\E",
      "shortCiteRegEx" : "Zhang et al\\.",
      "year" : 2021
    }, {
      "title" : "Exact recoverability of robust pca via outlier pursuit with tight recovery bounds",
      "author" : [ "Hongyang Zhang", "Zhouchen Lin", "Chao Zhang", "Edward Y Chang" ],
      "venue" : "In Twenty-Ninth AAAI Conference on Artificial Intelligence,",
      "citeRegEx" : "Zhang et al\\.,? \\Q2015\\E",
      "shortCiteRegEx" : "Zhang et al\\.",
      "year" : 2015
    }, {
      "title" : "Visual interpretability for deep learning: a survey",
      "author" : [ "Quanshi Zhang", "Song-Chun Zhu" ],
      "venue" : "arXiv preprint arXiv:1802.00614,",
      "citeRegEx" : "Zhang and Zhu.,? \\Q2018\\E",
      "shortCiteRegEx" : "Zhang and Zhu.",
      "year" : 2018
    }, {
      "title" : "Interpretable convolutional neural networks",
      "author" : [ "Quanshi Zhang", "Ying Nian Wu", "Song-Chun Zhu" ],
      "venue" : "IEEE Conference on Computer Vision and Pattern Recognition,",
      "citeRegEx" : "Zhang et al\\.,? \\Q2018\\E",
      "shortCiteRegEx" : "Zhang et al\\.",
      "year" : 2018
    }, {
      "title" : "A primal-dual analysis of global optimality in nonconvex low-rank matrix recovery",
      "author" : [ "Xiao Zhang", "Lingxiao Wang", "Yaodong Yu", "Quanquan Gu" ],
      "venue" : "In International conference on machine learning,",
      "citeRegEx" : "Zhang et al\\.,? \\Q2018\\E",
      "shortCiteRegEx" : "Zhang et al\\.",
      "year" : 2018
    }, {
      "title" : "2019).The calculation of the above structure (Eqn 10) is equivalent to solving",
      "author" : [ "Li" ],
      "venue" : null,
      "citeRegEx" : "Li,? \\Q2019\\E",
      "shortCiteRegEx" : "Li",
      "year" : 2019
    } ],
    "referenceMentions" : [ {
      "referenceID" : 39,
      "context" : ", 2018b; 2015; Liu & Li, 2016), subspace clustering (You et al., 2016), image deblurring (Liu et al.",
      "startOffset" : 52,
      "endOffset" : 70
    }, {
      "referenceID" : 24,
      "context" : ", 2016), image deblurring (Liu et al., 2014) and so on, can be interpreted into minimizing the following objective functions: min Z,E f(Z) + g(E), s.",
      "startOffset" : 26,
      "endOffset" : 44
    }, {
      "referenceID" : 16,
      "context" : "However, nearly all the state-of-the-art pattern recognition systems (Lee et al., 2009b; Wang et al., 2019a; Huang et al., 2017; He et al., 2016; Burt & Adelson, 1987) benefit from the multi-layer or multi-resolution feature extractors in domains like computer vision and audio processing.",
      "startOffset" : 69,
      "endOffset" : 167
    }, {
      "referenceID" : 15,
      "context" : "However, nearly all the state-of-the-art pattern recognition systems (Lee et al., 2009b; Wang et al., 2019a; Huang et al., 2017; He et al., 2016; Burt & Adelson, 1987) benefit from the multi-layer or multi-resolution feature extractors in domains like computer vision and audio processing.",
      "startOffset" : 69,
      "endOffset" : 167
    }, {
      "referenceID" : 4,
      "context" : "Besides OptEqs, MDEQ (Bai et al., 2020) constructs its equilibrium equation z∗ = F(z∗;x) and block F with the inspiration of explicit models especially HRNet Wang et al.",
      "startOffset" : 21,
      "endOffset" : 39
    }, {
      "referenceID" : 10,
      "context" : "For example, Neural ODEs (Chen et al., 2018; Massaroli et al., 2020) encode their neural architectures by a differential system with learnable parameters.",
      "startOffset" : 25,
      "endOffset" : 68
    }, {
      "referenceID" : 25,
      "context" : "For example, Neural ODEs (Chen et al., 2018; Massaroli et al., 2020) encode their neural architectures by a differential system with learnable parameters.",
      "startOffset" : 25,
      "endOffset" : 68
    }, {
      "referenceID" : 3,
      "context" : "Moreover, DEQ (Bai et al., 2019; Winston & Kolter, 2020) is another class of implicit models.",
      "startOffset" : 14,
      "endOffset" : 56
    }, {
      "referenceID" : 29,
      "context" : "Apart from the models illustrated above, many kinds of other implicit models are proposed, including differentiable physics engines (Qiao et al., 2020; de Avila Belbute-Peres et al., 2018), logical structure learning (Wang et al.",
      "startOffset" : 132,
      "endOffset" : 188
    }, {
      "referenceID" : 22,
      "context" : ", 2019b) and implicit neural blocks (Li et al., 2020).",
      "startOffset" : 36,
      "endOffset" : 53
    }, {
      "referenceID" : 6,
      "context" : "Many works, such as (Zhang et al., 2018a; Zhang & Zhu, 2018; Bau et al., 2018), attempt to empirically disassemble the black box by characterizing some statistical or structural information like the outputs and gradients of neural networks’ middle layers.",
      "startOffset" : 20,
      "endOffset" : 78
    }, {
      "referenceID" : 37,
      "context" : "Apart from that, researchers (Djolonga & Krause, 2017; Amos & Kolter, 2017; Xie et al., 2019; Chan et al., 2020) also managed to understand the neural architecture by linking it to a mathematical problem.",
      "startOffset" : 29,
      "endOffset" : 112
    }, {
      "referenceID" : 9,
      "context" : "Apart from that, researchers (Djolonga & Krause, 2017; Amos & Kolter, 2017; Xie et al., 2019; Chan et al., 2020) also managed to understand the neural architecture by linking it to a mathematical problem.",
      "startOffset" : 29,
      "endOffset" : 112
    }, {
      "referenceID" : 15,
      "context" : "State-of-the-art explicit models for image tasks are explicitly structured into sequential stages and process different resolutions hierarchically (He et al., 2016; Shelhamer et al., 2017; Lee et al., 2009a), which implies that features should be extracted hierarchically.",
      "startOffset" : 147,
      "endOffset" : 207
    }, {
      "referenceID" : 30,
      "context" : "State-of-the-art explicit models for image tasks are explicitly structured into sequential stages and process different resolutions hierarchically (He et al., 2016; Shelhamer et al., 2017; Lee et al., 2009a), which implies that features should be extracted hierarchically.",
      "startOffset" : 147,
      "endOffset" : 207
    }, {
      "referenceID" : 27,
      "context" : "In addition to the hierarchical relations for corresponding channels, works (Pang et al., 2019; Amada et al., 2021) have shown enhancing the diversities between branches can also improve the model’s improvements.",
      "startOffset" : 76,
      "endOffset" : 115
    }, {
      "referenceID" : 0,
      "context" : "In addition to the hierarchical relations for corresponding channels, works (Pang et al., 2019; Amada et al., 2021) have shown enhancing the diversities between branches can also improve the model’s improvements.",
      "startOffset" : 76,
      "endOffset" : 115
    }, {
      "referenceID" : 36,
      "context" : "Researches (Kong et al., 2020; Xie et al., 2020; Tang et al., 2021) have discovered that small perturbations can enhance the generalization abilities and varieties of branches for neural architectures.",
      "startOffset" : 11,
      "endOffset" : 67
    }, {
      "referenceID" : 31,
      "context" : "Researches (Kong et al., 2020; Xie et al., 2020; Tang et al., 2021) have discovered that small perturbations can enhance the generalization abilities and varieties of branches for neural architectures.",
      "startOffset" : 11,
      "endOffset" : 67
    }, {
      "referenceID" : 40,
      "context" : "For the second part of the assumption, it’s common sense and widely used in the analysis of adversarial robustness (Zhang et al., 2021; Li et al., 2020).",
      "startOffset" : 115,
      "endOffset" : 152
    }, {
      "referenceID" : 22,
      "context" : "For the second part of the assumption, it’s common sense and widely used in the analysis of adversarial robustness (Zhang et al., 2021; Li et al., 2020).",
      "startOffset" : 115,
      "endOffset" : 152
    }, {
      "referenceID" : 4,
      "context" : "(7) As for the backward propagation, we also adopt the implicit differentiation method widely used in (Bai et al., 2020; 2019; Chen et al., 2018).",
      "startOffset" : 102,
      "endOffset" : 145
    }, {
      "referenceID" : 10,
      "context" : "(7) As for the backward propagation, we also adopt the implicit differentiation method widely used in (Bai et al., 2020; 2019; Chen et al., 2018).",
      "startOffset" : 102,
      "endOffset" : 145
    }, {
      "referenceID" : 7,
      "context" : "(9) As for the root-finding algorithm, we can use Broyden method (Broyden, 1965), Anderson Method (Anderson, 1965; Bai et al.",
      "startOffset" : 65,
      "endOffset" : 80
    }, {
      "referenceID" : 2,
      "context" : "(9) As for the root-finding algorithm, we can use Broyden method (Broyden, 1965), Anderson Method (Anderson, 1965; Bai et al., 2021) or other root-finding methods to solve Eqn(7) for the equilibrium state and Eqn(9) for the backward gradient.",
      "startOffset" : 98,
      "endOffset" : 132
    }, {
      "referenceID" : 5,
      "context" : "(9) As for the root-finding algorithm, we can use Broyden method (Broyden, 1965), Anderson Method (Anderson, 1965; Bai et al., 2021) or other root-finding methods to solve Eqn(7) for the equilibrium state and Eqn(9) for the backward gradient.",
      "startOffset" : 98,
      "endOffset" : 132
    }, {
      "referenceID" : 28,
      "context" : "(2009) and ImageNette implemented on the PyTorch (Paszke et al., 2017) platform to demonstrate the effectiveness of our model.",
      "startOffset" : 49,
      "endOffset" : 70
    }, {
      "referenceID" : 15,
      "context" : "2 (a), one can see that our MOptEqs not only outperforms the widely used explicit model ResNet-18 (He et al., 2016), but also shows better performance compared with MDEQ with fewer parameters on CIFAR, which is one of the best models.",
      "startOffset" : 98,
      "endOffset" : 115
    } ],
    "year" : 2022,
    "abstractText" : "Works have shown the strong connections between some implicit models and optimization problems. However, explorations on such relationships are limited. Most works pay attention to some common mathematical properties, such as sparsity. In this work, we propose a new type of implicit model inspired by the designing of the systems’ hidden objective functions, called the Multi-branch Optimization induced Equilibrium networks (MOptEqs). The model architecture is designed based on modelling the hidden objective function for the multi-resolution recognition task. Furthermore, we also propose a new strategy inspired by our understandings of the hidden objective function. In this manner, the proposed model can better utilize the hierarchical patterns for recognition tasks and retain the abilities for interpreting the whole structure as trying to obtain the minima of the problem’s goal. Comparing with the state-of-the-art models, our MOptEqs not only enjoys better explainability but are also superior to MDEQ with less parameter consumption and better performance on practical tasks. Furthermore, we also implement various experiments to demonstrate the effectiveness of our new methods and explore the applicability of the model’s hidden objective function.",
    "creator" : "LaTeX with hyperref"
  }
}