{
  "name" : "ICLR2022-H94a1_Pyr-6.pdf",
  "metadata" : {
    "source" : "CRF",
    "title" : "AUTO-SCALING VISION TRANSFORMERS WITHOUT TRAINING",
    "authors" : [ "Wuyang Chen", "Wei Huang", "Xianzhi Du", "Xiaodan Song", "Zhangyang Wang", "Denny Zhou" ],
    "emails" : [ "wuyang.chen@utexas.edu", "atlaswang@utexas.edu", "weihuang.uts@gmail.com", "xianzhi@google.com", "xiaodansong@google.com", "dennyzhou@google.com" ],
    "sections" : [ {
      "heading" : "1 INTRODUCTION",
      "text" : "Transformer (Vaswani et al., 2017), a family of architectures based on the self-attention mechanism, is notable for modeling long-range dependencies in the data. The success of transformers has evolved from natural language processing to computer vision. Recently, Vision Transformer (ViT) (Dosovitskiy et al., 2020), a transformer architecture consisting of self-attention encoder blocks, has been proposed to achieve competitive performance to convolution neural networks (CNNs) (Simonyan & Zisserman, 2014; He et al., 2016) on ImageNet (Deng et al., 2009).\nHowever, it remains elusive on how to effectively design, scale-up, and train ViTs, with three important gaps awaiting. First, Dosovitskiy et al. (2020) directly hard-split the 2D image into a series of local patches, and learn the representation with a pre-defined number of attention heads and channel expansion ratios. These ad-hoc “tokenization” and embedding mainly inherit from language tasks (Vaswani et al., 2017) but are not customized for vision, which calls for more flexible and principled designs. Second, the learning behaviors of ViT, including (loss of) feature diversity (Zhou et al., 2021), receptive fields (Raghu et al., 2021) and augmentations (Touvron et al., 2020; Jiang et al., 2021), differ vastly from CNNs. Benefiting from self-attention, ViT can capture global information even with shallow layers, yet its performance is quickly plateaued as going deeper. Strong augmentations are also vital to avoid ViTs from overfitting. These observations indicate that ViT architectures may require uniquely customized scaling-up laws to learn a more meaningful representation hierarchy. Third, training ViTs is both data and computation-consuming. To achieve state-of-the-art performance, ViT requires up to 300 million images and thousands of TPU-days. Although recent works attempt to enhance ViT’s data and resource efficiency (Touvron et al., 2020; Hassani et al., 2021; Pan et al., 2021; Chen et al., 2021d), the heavy computation cost (e.g., quadratic with respect to the number of tokens) is still overwhelming, compared with training CNNs.\nWe point out that the above gaps are inherently connected by the core architecture problem: how to design and scale-up ViTs? Different from the convolutional layer that directly digests raw pixels, ViTs embed coarse-level local patches as input tokens. Shall we divide an image into non-overlapping tokens of smaller size, or larger but overlapped tokens? The former could embed more visual details in each token but ignores spatial coherency, while the latter sacrifices the local details but may benefit more spatial correlations among tokens. A further question is on ViT’s depth/width trade-off: shall we prefer a wider and shallower ViT, or a narrower but deeper one? A similar dilemma also persists for ViT training: reducing the number of tokens would effectively speed up the ViT training, but meanwhile might sacrifice the training performance if sticking to coarse tokens from end to end.\nIn this work, we aim to reform the discovery of novel ViT architectures. Our framework, called As-ViT (Auto-scaling ViT), allows for extremely fast, efficient, and principled ViT design and scaling. In short, As-ViT first finds a promising “seed” topology for ViT of small depths and widths, then progressively “grow” it into different sizes (number of parameters) to meet different needs. Specifically, our “seed” ViT topology is discovered from a search space relaxed from recent manual ViT designs. To compare different topologies, we automate this process by a training-free architecture search approach and the measurement of ViT’s complexity, which are extremely fast and efficient. This training-free search is supported by our comprehensive study of various network complexity metrics, where we find the expected length distortion has the best trade-off between time costs and Kendall-tau correlations. Our “seed” ViT topology is then progressively scaled up from a small network to a large one, generating a series of ViT variants in a single run. Each step, the increases of depth and width are automatically and efficiently balanced by comparing network complexities. Furthermore, to address the data-hungry and heavy computation costs of ViTs, we make our ViT tokens elastic, and propose a progressive re-tokenization method for efficient ViT training. We summarize our contributions as below:\n1. We for the first time automate both the backbone design and scaling of ViTs. A “seed” ViT topology is first discovered (in only seven V100 GPU-hours), and then its depths and widths are grown with a principled scaling rule in a single run (five more V100 GPU-hours).\n2. To estimate ViT’s performance at initialization without any training, we conduct the first comprehensive study of ViT’s network complexity measurements. We empirically find the expected length distortion has the best trade-off between the computation costs and its Kendall-tau correlations with ViT’s ground-truth accuracy.\n3. During training, we propose a progressive re-tokenization scheme via the change of dilation and stride, which demonstrates to be a highly efficient ViT training strategy that saves up to 56.2% training FLOPs and 41.1% training time, while preserving a competitive accuracy.\n4. Our As-ViT achieves strong performance on classification (83.5% top-1 on ImageNet-1k) and detection (52.7% mAP on COCO)."
    }, {
      "heading" : "2 WHY WE NEED AUTOMATED DESIGN AND SCALING PRINCIPLE FOR VIT?",
      "text" : "Background and recent development of ViT1 To transform a 2D image into a sequence, ViT (Dosovitskiy et al., 2020) splits each image into 14 × 14 or 16 × 16 patches and embeds them into a fixed number of tokens; then following practice of the transformer for language modeling, ViT applies self-attention to learn reweighting masks as relationship modeling for tokens, and leverages FFN (Feed-Forward Network) layers to learn feature embeddings. To better facilitate the visual representation learning, recently works try to train deeper ViTs (Touvron et al., 2021; Zhou et al., 2021), incorporate convolutions (Wu et al., 2021; d’Ascoli et al., 2021; Yuan et al., 2021a), and design multi-scale feature extractions (Chen et al., 2021b; Zhang et al., 2021; Wang et al., 2021).\nWhy manual design and scaling may be suboptimal? As the ViT architecture is still in its infant stage, there is no principle in its design and scaling. Early designs incorporate large token sizes, constant sequence length, and hidden size (Dosovitskiy et al., 2020; Touvron et al., 2020), and recent trends include small patches, spatial reduction, and channel doubling (Zhou et al., 2021; Liu et al., 2021). They all achieve comparably good performance, leaving the optimal choices unclear. Moreover, different learning behaviors of transformers from CNNs make the scaling law of ViTs\n1We generally use the term “ViT” to indicate deep networks of self-attention blocks for vision problems. We always include a clear citation when we specifically discuss the ViTs proposed by Dosovitskiy et al. (2020).\nhighly unclear. Recent works (Zhou et al., 2021) demonstrated that attention maps of ViTs gradually become similar in deeper layers, leading to identical feature maps and saturated performance. ViT also generates more uniform representations across layers, enabling early aggregation of global context (Raghu et al., 2021). This is contradictory to CNNs as deeper layers help the learning of visual global information (Chen et al., 2018). These observations all indicate that previously studied scaling laws (depth/width allocations) for CNNs (Tan & Le, 2019) may not be appropriate to ViTs.\nWhat principle do we want? We aim to automatically design and scale-up ViTs, being principled and avoiding manual efforts and potential biases. We also want to answer two questions: 1) Does ViT have any preference in its topology (patch sizes, expansion ratios, number of attention heads, etc.)? 2) Does ViT necessarily follow the same scaling rule of CNNs?"
    }, {
      "heading" : "3 AUTO-DESIGN & SCALING OF VITS WITH NETWORK COMPLEXITY",
      "text" : "To accelerate in ViT designing and avoid tedious manual efforts, we target efficient, automated, and principled search and scaling of ViTs. Specifically, we have two problems to solve: 1) with zero training cost (Section 3.2), how to efficiently find the optimal ViT architecture topology (Section 3.3)? 2) how to scale-up depths and widths of the ViT topology to meet different needs of model sizes (Section 3.4)?"
    }, {
      "heading" : "3.1 EXPANDED TOPOLOGY SPACE FOR VITS",
      "text" : "Before designing and scaling, we first briefly introduce our expanded topology search space for our As-ViT (blue italics in Figure 1). We first embed the input image into patches of a 14 -scale resolution, and adopt a stage-wise spatial reduction and channel doubling strategy. This is for the convenience of dense prediction tasks like detection that require multi-scale features. Table 1 summarizes details of our topology space, and will be explained below.\nElastic kernels. Instead of generating non-\noverlapped image patches, we propose to search for the kernel size. This will enable patches to be overlapped with their neighbors, introducing more spatial correlations among tokens. Moreover, each time we downsample the spatial resolution, we also introduce overlaps when re-embedding local tokens (implemented by either a linear or a convolutional layer).\nElastic attention splits. Splitting the attention into local windows is an important design to reduce the computation cost of self-attention without sacrificing much performance (Zaheer et al., 2020; Liu et al., 2021). Instead of using a fixed number of splits, we propose to search for elastic attention splits for each stage2. Note that we try to make our design general and do not use shifted windows (Liu et al., 2021).\nMore search dimensions. ViT (Dosovitskiy et al., 2020) by default leveraged an FFN layer with 4× expanded hidden dimension for each attention block. To enable a more flexible design of ViT architectures, for each stage we further search over the FFN expansion ratio. We also search for the final number of heads for the self-attention module.\n2Due to spatial reduction, the 4th stage may already reach a resolution at 7× 7 on ImageNet, and we set its splitting as 1."
    }, {
      "heading" : "3.2 ASSESSING VIT COMPLEXITY AT INITIALIZATION VIA MANIFOLD PROPAGATION",
      "text" : "Training ViTs is slow: hence an architecture search guided by evaluating trained models’ accuracies will be dauntingly expensive. We note a recent surge of training-free neural architecture search methods for ReLU-based CNNs, leveraging local linear maps (Mellor et al., 2020), gradient sensitivity (Abdelfattah et al., 2021), number of linear regions (Chen et al., 2021e;f), or network topology (Bhardwaj et al., 2021). However, ViTs are equipped with more complex non-linear functions: self-attention, softmax, and GeLU. Therefore, we need to measure their learning capacity in a more general way. In our work, we consider measuring the complexity of manifold propagation through ViT, to estimate how complex functions can be approximated by ViTs.\nIntuitively, a complex network can propagate a simple input into a complex manifold at its output layer, thus likely to possess a strong learning capacity. In our work, we study the manifold complexity of mapping a simple circle input through the ViT: h(θ) = √ N [ u0 cos(θ) + u1 sin(θ) ] . Here, N is the dimension of ViT’s input (e.g. N = 3× 224× 224 for ImageNet images), u0 and u1 form an orthonormal basis for a 2-dimensional subspace ofRN in which the circle lives. We further define the ViT network as N , its input-output Jacobian v(θ) = ∂θN (h(θ)) at the input θ, and a(θ) = ∂θv(θ). We will calculate expected complexities over a certain number of θs uniformly sampled from [0, 2π). In our work, we study three different types of manifold complexities:\n1. Curvature can be defined as the reciprocal of the radius of the osculating circle on the ViT’s output manifold. Intuitively, a larger curvature indicates that N (θ) changes fast at a certain θ. According to Riemannian geometry (Lee, 2006; Poole et al., 2016), the curvature can be explicitly calculated as κ = ∫ (v(θ) · v(θ))−3/2 √ (v(θ) · v(θ))(a(θ) · a(θ))− (v(θ) · a(θ))2dθ.\n2. Length Distortion in Euclidean space is defined as LE = length(N (θ))length(θ) = ∫ √ ‖v(θ)‖2dθ. It measures when the network takes a unit-length curve as input, what is the length of the output curve. Since the ground-truth function we want to estimate (usingN ) is usually very complex, one may also expect that networks with better performance should also generate longer outputs.\n3. The problem of LE is that, stretched outputs not necessarily translate to complex outputs. A simple example: even an appropriately initialized linear network could grow a straight line into a long output (i.e. a large norm of input-output Jacobian). Therefore, one could instead use Length Distortion taking curvature into consideration to measure how quickly the normalized Jacobian v̂(θ) = v(θ)/ √ v(θ) · v(θ) changes with respect to θ, defined as LEκ = ∫ √ ‖∂θv̂(θ)‖2dθ.\nIn our study, we aim to compare the potential of using these three complexity metrics to guide the ViT architecture selection. As the core of neural architecture search is to rank the performance of different architectures, we measure the Kendall-tau correlations (τ ) between these metrics and models’ ground-truth accuracies. We randomly sampled 87 ViT topologies from Table 1 (with L1 = L2 = L3 = L4 = 1, C = 32), fully train them on ImageNet-1k for 300 epochs (following the same training recipe of DeiT (Touvron et al., 2020)), and also measure their\nκ,LE ,LEκ at initialization. As shown in Figure 2, we can clearly see that both κ and LE exhibit high Kendall-tau correlations. κ has a negative correlation, which may indicate that changes of output manifold on the tangent direction are more important to ViT training, instead of on the perpendicular direction. Meanwhile, κ costs too much computation time due to second derivatives. We decide to choose LE as our complexity measure for highly fast ViT topology search and scaling."
    }, {
      "heading" : "3.3 LE AS REWARD FOR SEARCHING VIT TOPOLOGIES",
      "text" : "We now propose our training-free search based on LE (Algorithm 1). Most NAS (neural architecture search) methods evaluate the accuracies or loss values of single-path or super networks as proxy inference. This training-based search will suffer from more computation costs when applied to ViTs. Instead of training ViTs, for each architecture we sample, we calculate LE and treat it as the reward to guide the search process. In addition to LE , we also include the NTK condition number κΘ = λmaxλmin to indicate the trainability of ViTs (Chen et al., 2021e; Xiao et al., 2019; Yang, 2020; Hron et al., 2020). λmax and λmin are the largest and smallest eigenvalue of NTK matrix Θ.\nAlgorithm 1: Training-free ViT Topology Search. 1 Input: RL policy π, step t = 0, total steps T . 2 while t < T do 3 Sample topology at from π. 4 Calculate LEt and κΘ,t for at. 5 Normalization: L ∧E t = LEt −L E t−1\nmaxt′ L E t′−mint′ L E t′\n, κ ∧ Θ,t = κΘ,t−κΘ,t−1\nmaxt′ κΘ,t′−mint′ κΘ,t′ , t′ = 1, · · · , t.\n6 Update policy π using reward rt = L ∧E t − κ ∧ Θ,t by policy gradient (Williams, 1992). 7 t = t+ 1.\n8 return Topology a∗ of highest probability from π.\nWe use reinforcement learning (RL) for search. The RL policy is formulated as a joint categorical distribution over the choices in Table 1, and is updated by policy gradient (Williams, 1992). We update our policy for 500 steps, which is observed enough for the policy to converge (entropy drops from 15.3 to 5.7). The search process is extremely fast: only seven GPU-hours (V100) on ImageNet-1k, thanks to the fast calculation ofLE that bypasses the ViT training. To address the different magnitude ofLE and κΘ, we normalize them by their relative value ranges (line 5 in Algorithm 1). We summarize the ViT topology statistics from our search in Table 3. We can see that LE and κΘ highly prefer: (1) tokens with overlaps (K1 ∼ K4 are all larger than strides), and (2) larger FFN expansion ratios in deeper layers (E1 < E2 < E3 < E4). No clear preference of LE and κΘ are found on attention splits and number of heads."
    }, {
      "heading" : "3.4 AUTOMATIC AND PRINCIPLED SCALING OF VITS",
      "text" : "After obtaining an optimal topology, another question is: how to balance the network depth and width? Currently, there is no such rule of thumb for ViT scaling. Recent works try to scale-up or grow convolutional networks of different sizes to meet various resource constraints (Liu et al., 2019a; Tan & Le, 2019). However, to automatically find a principled scaling rule, training ViTs will cost enormous computation costs. It is also possible to search different ViT variants (as in Section 3.3), but that requires multiple runs. Instead, “scaling-up” is a more natural way to generate multiple model variants in one experiment. We are therefore motivated to scale-up our searched basic “seed” ViT to a larger model in an efficient training-free and principled manner.\nWe depict our auto-scaling method in Algorithm 2. The starting-point architecture has one attention block for each stage, and an initial hidden dimension C = 32. In each iteration, we greedily find the optimal depth and width to scale-up next. For depth, we try to find out which stage to deepen (i.e., add one attention block to which stage); for width, we try to discover the best expansion ratio (i.e., widen the channel number to what extent). The rule to choose how to scale-up is by comparing the propagation complexity among a set of scaling choices. For example, in the case of four backbone stages (Table 1) and four expansion ratio choices ([0.05×, 0.1×, 0.15×, 0.2×]), we have 4× 4 = 16 scaling choices in total for each step. We calculate LE and κΘ after applying each choice, and the one with the best LE / κΘ trade-off (minimal sum of rankings by LE and κΘ) will be selected to scale-up with. The scaling stops when a certain limit of parameter number is reached. In our work, we stop the scaling process once the number of parameters reaches 100 million, and the scaling only takes five GPU hours (V100) on ImageNet-1k.\nThe scaling trajectory is visualized in Figure 3. By comparing our automated scaling against random scaling, we find our scaling principle prefers to sacrifice the depths to win more widths, keeping a shallower but wider network. Our scaling is more similar to the rule developed by Zhai et al. (2021). In contrast, ResNet and Swin Transformer (Liu et al., 2021) choose to be narrower and deeper.\nAlgorithm 2: Training-free Auto-Scaling ViTs. 1 Input: seed As-ViT topology a0, stop criterion (#parameters) P , t = 0,\nchannel expansion ratio choices C = {1.05×, 1.1×, 1.15×, 1.2×} (to increase the width by 5%, 10%, 15%, or 20%), depth choices D = {(+1, 0, 0, 0), (0,+1, 0, 0), (0, 0,+1, 0), (0, 0, 0,+1)} (to add one more layer to one of the four stages in Table 1).\n2 while P > number of parameters of at do 3 for each scaling choice gi ∈ C × D do 4 Scale-up: at,i = at ← gi. . Grow both the channel width and depth. 5 Calculate LEi and κΘ,i for at,i. 6 Get ranking of each scaling choice rL,i by descendingly sort LEi , i = 1, · · · , |C × D|. 7 Get ranking of each scaling choice rκΘ,i by ascendingly sort κΘ,i, i = 1, · · · , |C × D|. 8 Ascendingly sort each scaling choice gi by rLE ,i + rκΘ,i. 9 Select the scaling choice g∗i with the top (smallest) ranking.\n10 at+1 = at ← g∗i . 11 t = t+ 1.\n12 return Growed ViT architectures a1,a2, · · · ,at.\n4 EFFICIENT VIT TRAINING VIA PROGRESSIVE ELASTIC RE-TOKENIZATION\nRecent works (Jia et al., 2018; Zhou et al., 2019; Fu et al., 2020) show that one can use mixed or progressive precision to achieve an efficient training purpose. The rationale behind this strategy is that, there exist some “short-cuts” on the network’s loss landscape that can be manually created to bypass perhaps less important gradient descent steps, especially during early training phases. As in ViT, both self-attention and FFN have quadratic computation costs to the number of tokens. It is therefore natural to ask: do we need full-resolution tokens during the whole training process?\nWe provide an affirming answer by proposing a progressive elastic re-tokenization training strategy. To update the number of tokens during training without affecting the shape of weights in linear projections, we adopt different sampling granularities in the first linear projection layer. Taking the\nfirst projection kernel K1 = 4 with stride = 4 as an example: during training we gradually change the (stride, dilation) pair 3 of the first projection kernel to (16, 5), (8, 2), and (4, 1), keeping the shape of weights and the architecture unchanged.\nThis re-tokenization strategy emulates curriculum learning for ViTs: when the training begins, we introduce coarse sampling to significantly reduce the number of tokens. In other words, our As-ViT quickly learns coarse information from images in early training stages at extremely low computation cost (only 13.2% FLOPs of full-resolution training). Towards the late phase of training, we progressively switch to fine-grained sampling, restore the full token resolution, and maintain the com-\npetitive accuracy. As shown in Figure 4, when the ViT is trained with coarse sampling in early training phases, it can still obtain high accuracy while requiring extremely low computation cost. The transition between different sampling granularity introduces a jump in performance, and eventually the network restores its competitive final performance."
    }, {
      "heading" : "5 EXPERIMENTS",
      "text" : "5.1 AS-VIT: AUTO-SCALING VIT\nTable 5: Image Classification on ImageNet-1k (224× 224).\nMethod Params. FLOPs Top-1\nRegNetY-4GF (Radosavovic et al., 2020) 21.0 M 4.0 B 80.0% ViT-S (Dosovitskiy et al., 2020) 22.1 M 9.2 B 81.2% DeiT-S (Touvron et al., 2020) 22.0 M 4.6 B 79.8%\nT2T-ViT-14 (Yuan et al., 2021b) 21.5 M 6.1 B 81.7% TNT-S (Han et al., 2021) 23.8 M 5.2 B 81.5%\nPVT-Small (Wang et al., 2021) 24.5 M 3.8 B 79.8% CaiT XS-24 (Touvron et al., 2021) 26.6 M 5.4 B 81.8%\nDeepVit-S (Zhou et al., 2021) 27 M 6.2 B 82.3% ConViT-S (d’Ascoli et al., 2021) 27 M 5.4 B 81.3%\nCvT-13 (Wu et al., 2021) 20 M 4.5 B 81.6% CvT-21 (Wu et al., 2021) 32 M 7.1 B 82.5% Swin-T (Liu et al., 2021) 29.0 M 4.5 B 81.3% BossNet-T0 (Li et al., 2021) - 3.4 B 80.8% AutoFormer-s (Chen et al., 2021c) 22.9 M 5.1 B 81.7% GLiT-Small (Chen et al., 2021a) 24.6 M 4.4 B 80.5%\nAs-ViT Small (ours) 29.0 M 5.3 B 81.2%\nRegNetY-8GF (Radosavovic et al., 2020) 39.0 M 8.0 B 81.7% T2T-ViT-19 (Yuan et al., 2021b) 39.2 M 9.8 B 82.2% CaiT S-24 (Touvron et al., 2021) 46.9 M 9.4 B 82.7%\nConViT-S+ (d’Ascoli et al., 2021) 48 M 10 B 82.2% ViT-S/16 (Dosovitskiy et al., 2020) 48.6 M 20.2 B 78.1%\nSwin-S (Liu et al., 2021) 50.0 M 8.7 B 83.0% DeepViT-L (Zhou et al., 2021) 55 M 12.5 B 82.2% PVT-Medium (Wang et al., 2021) 44.2 M 6.7 B 81.2% PVT-Large (Wang et al., 2021) 61.4 M 9.8 B 81.7%\nT2T-ViT-24 (Yuan et al., 2021b) 64.1 M 15.0 B 82.6% TNT-B (Han et al., 2021) 65.6 M 14.1 B 82.8%\nBossNet-T1 (Li et al., 2021) - 7.9 B 82.2% AutoFormer-b (Chen et al., 2021c) 54 M 11 B 82.4% ViT-ResNAS-t (Liao et al., 2021) 41 M 1.8 B 80.8% ViT-ResNAS-s (Liao et al., 2021) 65 M 2.8 B 81.4%\nAs-ViT Base (ours) 52.6 M 8.9 B 82.5%\nRegNetY-16GF (Radosavovic et al., 2020) 84.0 M 16.0 B 82.9% ViT-B/16 (Dosovitskiy et al., 2020) † 86.0 M 55.4 B 77.9%\nDeiT-B (Touvron et al., 2020) 86.0 M 17.5 B 81.8% ConViT-B (d’Ascoli et al., 2021) 86 M 17 B 82.4%\nSwin-B (Liu et al., 2021) 88.0 M 15.4 B 83.3% GLiT-Base (Chen et al., 2021a) 96.1 M 17.0 B 82.3% ViT-ResNAS-m (Liao et al., 2021) 97 M 4.5 B 82.4% CaiT S-48 (Touvron et al., 2021) 89.5 M 18.6 B 83.5%\nAs-ViT Large (ours) 88.1 M 22.6 B 83.5% † Under 384× 384 resolution.\nWe show our searched As-ViT topology in Table 4. This architecture facilitates strong overlaps among tokens during both the first projection (“tokenization”) step and three re-embedding steps. FFN expansion ratios are first narrow then become wider in deeper layers. A small number of attention splits are leveraged for better aggregation of global information.\nThe seed topology is automatically scaledup, and three As-ViT variants of comparable sizes with previous works will be benchmarked. Our scaling rule prefers shallower and wider networks, and layers are more balanced among different resolution stages."
    }, {
      "heading" : "5.2 IMAGE CLASSIFICATION",
      "text" : "Settings. We benchmark our As-ViT on ImageNet-1k (Deng et al., 2009). We use Tensorflow and Keras for training implementations and conduct all training on TPUs. We set the default image size as 224× 224, and use AdamW (Loshchilov & Hutter, 2017) as the optimizer with cosine learning rate decay (Loshchilov & Hutter, 2016). A batch size of 1024, an initial learning rate of 0.001, and a weight decay of 0.05 are adopted.\nTable 5 demonstrates comparisons of our As-ViT to other models. Compared to the previous both Transformer-based and CNNbased architectures, As-ViT achieves stateof-the-art performance with a comparable number of parameters and FLOPs.\n3dilation = round((stride/S1 − 1) ∗K1/(K1 − 1)) + 1, S1 = 4 is the stride at the full token resolution.\nMore importantly, our As-ViT framework achieves competitive or stronger performance than concurrent NAS works for ViTs with much more search efficiency. As-ViTs are designed with highly reduced human or NAS efforts. All our three As-ViT variants are generated in only 12 GPU hours (on a single V100 GPU). In contrast, BoneNAS (Li et al., 2021) requires 10 GPU days to search a single architecture. For each variant of ViT-ResNAS (Liao et al., 2021), the super-network training takes 16.7∼21 hours, followed by another 5.5∼6 hours of evolutionary search.\nEfficient Training. We leverage the progressive elastic retokenization strategy proposed in Section 4 to reduce both FLOPs and training time for large ViT models. As illustrated in Figure 4, we progressively apply 4× and 2× reductions on the number of tokens during training by changing both the dilation and the stride of the first linear projection layer. We tune the epochs allocated to each token\nreduction stage and show the results in Table 6. Standard training takes 42.8 TPU days, whereas our efficient training could save up to 56.2% training FLOPs and 41.1% training TPU days, still achieving a strong accuracy.\nDisentangled Contributions from Topology and"
    }, {
      "heading" : "5.3 OBJECT DETECTION ON COCO",
      "text" : "Settings Beyond image classification, we further evaluate our designed As-ViT on the detection task. Object detection is conducted on COCO 2017 that contains 118,000 training and 5000 validation images. We adopt the popular Cascade Mask R-CNN as the object detection framework for our As-ViT. We use an input size of 1024 × 1024, AdamW optimizer (initial learning rate of 0.001), weight decay of 0.0001, and a batch size of 256. Efficiently pretrained ImageNet-1K checkpoint (82.9% in Table 6) is leveraged as the initialization.\nWe compare our As-ViT to standard CNN (ResNet) and previous Transformer network (Swin (Liu et al., 2021)). The comparisons are conducted by changing only the backbones with other settings unchanged. In Table 8 we can see that our As-ViT can also capture multi-scale features and achieve state-of-the-art detection performance, although being designed on ImageNet and its complexity is measured for classification."
    }, {
      "heading" : "6 RELATED WORKS",
      "text" : ""
    }, {
      "heading" : "6.1 VISION TRANSFORMER",
      "text" : "Transformers (Vaswani et al., 2017) leverage the self-attention to extract global correlation, and become the dominant models for natural language processing (NLP) (Devlin et al., 2018; Radford et al., 2018; Brown et al., 2020; Liu et al., 2019b). Recent works explored transformers to vision problems: image classification (Dosovitskiy et al., 2020), object detection (Carion et al., 2020; Zhu et al., 2020; Zheng et al., 2020; Dai et al., 2020; Sun et al., 2020), segmentation (Chen et al., 2020; Wang et al., 2020), etc. The Vision Transformer (ViT) (Dosovitskiy et al., 2020) designed a pure transformer architecture and achieved SOTA performance on image classification. However, ViT heavily relies on large-scale datasets (ImageNet-21k (Deng et al., 2009), JFT-300M (Sun et al., 2017)) for pretraining, requiring huge computation resources. DeiT (Touvron et al., 2020) proposed Knowledge Distillation (KD) (Hinton et al., 2015; Yuan et al., 2020) via a special KD token to improve both performance and training efficiency. In contrast, our proposed As-ViT introduces more flexible tokenization, attention splitting, and FFN expansion strategies, with automated discovery."
    }, {
      "heading" : "6.2 NEURAL ARCHITECTURE DESIGN AND SCALE",
      "text" : "Manual design of network architectures heavily relies on human prior, which is difficult to scale-up. Recent works leverage AutoML to find optimal combinations of operators/topology in a given search space (Zoph & Le, 2016; Real et al., 2019; Liu et al., 2018; Dong & Yang, 2019). However, the searched model are small due to the fixed and hand-crafted search space, far from being scaled-up to modern networks. For example, models from NASNet space (Zoph et al., 2018) only have ∼5M parameters, much smaller than real-world ones (20 to over 100M). One main reason for not being scalable is because NAS is a computation-consuming task, typically costing 1∼2 GPU days to search even small architectures. Meanwhile, many works try to grow a “seed” architecture to different variants. EfficientNet (Tan & Le, 2019) manually designed a scaling rule for width and depth. Give a template backbone with fixed depth, Liu et al. (2019a) grow the width by gradient descent. For ViT, we for the first time bring both architecture design and scaling together in one framework. To overcome the computation-consuming problem in the training of transformers, we directly use the complexity of manifold propagation as a surrogate measure towards a training-free search and scale."
    }, {
      "heading" : "6.3 EFFICIENT TRAINING",
      "text" : "A number of methods have been developed to accelerate the training of deep neural networks, including mixed precision (Jia et al., 2018), distributed optimization (Cho et al., 2017), large-batch training (Goyal et al., 2017; Akiba et al., 2017; You et al., 2018), etc. Jia et al. (2018) combined distributed training with a mixed-precision framework. Wang et al. (2019) proposed to save deep CNN training energy cost via stochastic mini-batch dropping and selective layer update. In our work, customized progressive tokenization via the changing of stride/dilation can effectively reduce the number of tokens during ViT training, thus largely saving the training cost."
    }, {
      "heading" : "7 CONCLUSIONS",
      "text" : "To automate the principled design of vision transformers without tedious human efforts, we propose As-ViT, a unified framework that searches and scales ViTs without any training. Compared with hand-crafted ViT architecture, our As-ViT leverages more token overlaps, increased FFN expansion ratios, and is wider and shallower. Our As-ViT achieves state-of-the-art accuracies on both ImageNet1K classification and COCO detection, which verifies the strong performance of our framework. Moreover, with progressive tokenization, we can train heavy ViT models with largely reduced training FLOPs and time. We hope our methodology could encourage the efficient design and training of ViTs for both the transformer and the NAS communities."
    }, {
      "heading" : "ACKNOWLEDGEMENT",
      "text" : "Z.W. is in part supported by the NSF AI Institute for Foundations of Machine Learning (IFML) and a Google TensorFlow Model Garden Award."
    }, {
      "heading" : "B CONVERGENCE OF TRAINING-FREE SEARCH",
      "text" : "To demonstrate the convergence of the policy learned by our RL search, we show the entropy during learning the policy in Figure 5. We can see that a training of 500 steps is enough for the policy to converge to low entropy (high confidence)."
    } ],
    "references" : [ {
      "title" : "Zero-cost proxies for lightweight nas",
      "author" : [ "Mohamed S Abdelfattah", "Abhinav Mehrotra", "Łukasz Dudziak", "Nicholas D Lane" ],
      "venue" : "arXiv preprint arXiv:2101.08134,",
      "citeRegEx" : "Abdelfattah et al\\.,? \\Q2021\\E",
      "shortCiteRegEx" : "Abdelfattah et al\\.",
      "year" : 2021
    }, {
      "title" : "Extremely large minibatch sgd: Training resnet-50 on imagenet",
      "author" : [ "Takuya Akiba", "Shuji Suzuki", "Keisuke Fukuda" ],
      "venue" : "minutes. CoRR,",
      "citeRegEx" : "Akiba et al\\.,? \\Q2017\\E",
      "shortCiteRegEx" : "Akiba et al\\.",
      "year" : 2017
    }, {
      "title" : "How does topology influence gradient propagation and model performance of deep networks with densenet-type skip connections",
      "author" : [ "Kartikeya Bhardwaj", "Guihong Li", "Radu Marculescu" ],
      "venue" : "In Proceedings of the IEEE/CVF Conference on Computer Vision and Pattern Recognition,",
      "citeRegEx" : "Bhardwaj et al\\.,? \\Q2021\\E",
      "shortCiteRegEx" : "Bhardwaj et al\\.",
      "year" : 2021
    }, {
      "title" : "Soft-nms–improving object detection with one line of code",
      "author" : [ "Navaneeth Bodla", "Bharat Singh", "Rama Chellappa", "Larry S Davis" ],
      "venue" : "In Proceedings of the IEEE international conference on computer vision,",
      "citeRegEx" : "Bodla et al\\.,? \\Q2017\\E",
      "shortCiteRegEx" : "Bodla et al\\.",
      "year" : 2017
    }, {
      "title" : "Language models are few-shot learners",
      "author" : [ "Tom B Brown", "Benjamin Mann", "Nick Ryder", "Melanie Subbiah", "Jared Kaplan", "Prafulla Dhariwal", "Arvind Neelakantan", "Pranav Shyam", "Girish Sastry", "Amanda Askell" ],
      "venue" : null,
      "citeRegEx" : "Brown et al\\.,? \\Q2005\\E",
      "shortCiteRegEx" : "Brown et al\\.",
      "year" : 2005
    }, {
      "title" : "End-to-end object detection with transformers",
      "author" : [ "Nicolas Carion", "Francisco Massa", "Gabriel Synnaeve", "Nicolas Usunier", "Alexander Kirillov", "Sergey Zagoruyko" ],
      "venue" : "arXiv preprint arXiv:2005.12872,",
      "citeRegEx" : "Carion et al\\.,? \\Q2020\\E",
      "shortCiteRegEx" : "Carion et al\\.",
      "year" : 2020
    }, {
      "title" : "Glit: Neural architecture search for global and local image transformer",
      "author" : [ "Boyu Chen", "Peixia Li", "Chuming Li", "Baopu Li", "Lei Bai", "Chen Lin", "Ming Sun", "Wanli Ouyang" ],
      "venue" : "arXiv preprint arXiv:2107.02960,",
      "citeRegEx" : "Chen et al\\.,? \\Q2021\\E",
      "shortCiteRegEx" : "Chen et al\\.",
      "year" : 2021
    }, {
      "title" : "Crossvit: Cross-attention multi-scale vision transformer for image classification",
      "author" : [ "Chun-Fu Chen", "Quanfu Fan", "Rameswar Panda" ],
      "venue" : "arXiv preprint arXiv:2103.14899,",
      "citeRegEx" : "Chen et al\\.,? \\Q2021\\E",
      "shortCiteRegEx" : "Chen et al\\.",
      "year" : 2021
    }, {
      "title" : "Pre-trained image processing transformer",
      "author" : [ "Hanting Chen", "Yunhe Wang", "Tianyu Guo", "Chang Xu", "Yiping Deng", "Zhenhua Liu", "Siwei Ma", "Chunjing Xu", "Chao Xu", "Wen Gao" ],
      "venue" : null,
      "citeRegEx" : "Chen et al\\.,? \\Q2012\\E",
      "shortCiteRegEx" : "Chen et al\\.",
      "year" : 2012
    }, {
      "title" : "Hybrid task cascade for instance segmentation",
      "author" : [ "Kai Chen", "Jiangmiao Pang", "Jiaqi Wang", "Yu Xiong", "Xiaoxiao Li", "Shuyang Sun", "Wansen Feng", "Ziwei Liu", "Jianping Shi", "Wanli Ouyang" ],
      "venue" : "In Proceedings of the IEEE/CVF Conference on Computer Vision and Pattern Recognition,",
      "citeRegEx" : "Chen et al\\.,? \\Q2019\\E",
      "shortCiteRegEx" : "Chen et al\\.",
      "year" : 2019
    }, {
      "title" : "Encoderdecoder with atrous separable convolution for semantic image segmentation",
      "author" : [ "Liang-Chieh Chen", "Yukun Zhu", "George Papandreou", "Florian Schroff", "Hartwig Adam" ],
      "venue" : "In Proceedings of the European conference on computer vision (ECCV),",
      "citeRegEx" : "Chen et al\\.,? \\Q2018\\E",
      "shortCiteRegEx" : "Chen et al\\.",
      "year" : 2018
    }, {
      "title" : "Autoformer: Searching transformers for visual recognition",
      "author" : [ "Minghao Chen", "Houwen Peng", "Jianlong Fu", "Haibin Ling" ],
      "venue" : "arXiv preprint arXiv:2107.00651,",
      "citeRegEx" : "Chen et al\\.,? \\Q2021\\E",
      "shortCiteRegEx" : "Chen et al\\.",
      "year" : 2021
    }, {
      "title" : "Chasing sparsity in vision transformers: An end-to-end exploration",
      "author" : [ "Tianlong Chen", "Yu Cheng", "Zhe Gan", "Lu Yuan", "Lei Zhang", "Zhangyang Wang" ],
      "venue" : "Advances in Neural Information Processing Systems,",
      "citeRegEx" : "Chen et al\\.,? \\Q2021\\E",
      "shortCiteRegEx" : "Chen et al\\.",
      "year" : 2021
    }, {
      "title" : "Neural architecture search on imagenet in four gpu hours: A theoretically inspired perspective",
      "author" : [ "Wuyang Chen", "Xinyu Gong", "Zhangyang Wang" ],
      "venue" : "International Conference on Learning Representations (ICLR),",
      "citeRegEx" : "Chen et al\\.,? \\Q2021\\E",
      "shortCiteRegEx" : "Chen et al\\.",
      "year" : 2021
    }, {
      "title" : "Understanding and accelerating neural architecture search with training-free and theorygrounded metrics",
      "author" : [ "Wuyang Chen", "Xinyu Gong", "Yunchao Wei", "Humphrey Shi", "Zhicheng Yan", "Yi Yang", "Zhangyang Wang" ],
      "venue" : "arXiv preprint arXiv:2108.11939,",
      "citeRegEx" : "Chen et al\\.,? \\Q2021\\E",
      "shortCiteRegEx" : "Chen et al\\.",
      "year" : 2021
    }, {
      "title" : "Randaugment: Practical automated data augmentation with a reduced search space",
      "author" : [ "Ekin D Cubuk", "Barret Zoph", "Jonathon Shlens", "Quoc V Le" ],
      "venue" : "In Proceedings of the IEEE/CVF Conference on Computer Vision and Pattern Recognition Workshops,",
      "citeRegEx" : "Cubuk et al\\.,? \\Q2020\\E",
      "shortCiteRegEx" : "Cubuk et al\\.",
      "year" : 2020
    }, {
      "title" : "Up-detr: Unsupervised pre-training for object detection with transformers",
      "author" : [ "Zhigang Dai", "Bolun Cai", "Yugeng Lin", "Junying Chen" ],
      "venue" : "arXiv preprint arXiv:2011.09094,",
      "citeRegEx" : "Dai et al\\.,? \\Q2020\\E",
      "shortCiteRegEx" : "Dai et al\\.",
      "year" : 2020
    }, {
      "title" : "Convit: Improving vision transformers with soft convolutional inductive biases",
      "author" : [ "Stéphane d’Ascoli", "Hugo Touvron", "Matthew Leavitt", "Ari Morcos", "Giulio Biroli", "Levent Sagun" ],
      "venue" : "arXiv preprint arXiv:2103.10697,",
      "citeRegEx" : "d.Ascoli et al\\.,? \\Q2021\\E",
      "shortCiteRegEx" : "d.Ascoli et al\\.",
      "year" : 2021
    }, {
      "title" : "Imagenet: A large-scale hierarchical image database",
      "author" : [ "Jia Deng", "Wei Dong", "Richard Socher", "Li-Jia Li", "Kai Li", "Li Fei-Fei" ],
      "venue" : "IEEE conference on computer vision and pattern recognition,",
      "citeRegEx" : "Deng et al\\.,? \\Q2009\\E",
      "shortCiteRegEx" : "Deng et al\\.",
      "year" : 2009
    }, {
      "title" : "Pre-training of deep bidirectional transformers for language understanding",
      "author" : [ "Jacob Devlin", "Ming-Wei Chang", "Kenton Lee", "Kristina Toutanova. Bert" ],
      "venue" : "arXiv preprint arXiv:1810.04805,",
      "citeRegEx" : "Devlin et al\\.,? \\Q2018\\E",
      "shortCiteRegEx" : "Devlin et al\\.",
      "year" : 2018
    }, {
      "title" : "Searching for a robust neural architecture in four gpu hours",
      "author" : [ "Xuanyi Dong", "Yi Yang" ],
      "venue" : "In Proceedings of the IEEE Conference on computer vision and pattern recognition,",
      "citeRegEx" : "Dong and Yang.,? \\Q2019\\E",
      "shortCiteRegEx" : "Dong and Yang.",
      "year" : 2019
    }, {
      "title" : "An image is worth 16x16 words: Transformers for image recognition at scale",
      "author" : [ "Alexey Dosovitskiy", "Lucas Beyer", "Alexander Kolesnikov", "Dirk Weissenborn", "Xiaohua Zhai", "Thomas Unterthiner", "Mostafa Dehghani", "Matthias Minderer", "Georg Heigold", "Sylvain Gelly" ],
      "venue" : "arXiv preprint arXiv:2010.11929,",
      "citeRegEx" : "Dosovitskiy et al\\.,? \\Q2020\\E",
      "shortCiteRegEx" : "Dosovitskiy et al\\.",
      "year" : 2020
    }, {
      "title" : "Fractrain: Fractionally squeezing bit savings both temporally and spatially for efficient dnn training",
      "author" : [ "Yonggan Fu", "Haoran You", "Yang Zhao", "Yue Wang", "Chaojian Li", "Kailash Gopalakrishnan", "Zhangyang Wang", "Yingyan Lin" ],
      "venue" : "Advances in Neural Information Processing Systems,",
      "citeRegEx" : "Fu et al\\.,? \\Q2020\\E",
      "shortCiteRegEx" : "Fu et al\\.",
      "year" : 2020
    }, {
      "title" : "Accurate, large minibatch sgd: Training imagenet in 1 hour",
      "author" : [ "Priya Goyal", "Piotr Dollár", "Ross Girshick", "Pieter Noordhuis", "Lukasz Wesolowski", "Aapo Kyrola", "Andrew Tulloch", "Yangqing Jia", "Kaiming He" ],
      "venue" : "arXiv preprint arXiv:1706.02677,",
      "citeRegEx" : "Goyal et al\\.,? \\Q2017\\E",
      "shortCiteRegEx" : "Goyal et al\\.",
      "year" : 2017
    }, {
      "title" : "Transformer in transformer",
      "author" : [ "Kai Han", "An Xiao", "Enhua Wu", "Jianyuan Guo", "Chunjing Xu", "Yunhe Wang" ],
      "venue" : "arXiv preprint arXiv:2103.00112,",
      "citeRegEx" : "Han et al\\.,? \\Q2021\\E",
      "shortCiteRegEx" : "Han et al\\.",
      "year" : 2021
    }, {
      "title" : "Escaping the big data paradigm with compact transformers",
      "author" : [ "Ali Hassani", "Steven Walton", "Nikhil Shah", "Abulikemu Abuduweili", "Jiachen Li", "Humphrey Shi" ],
      "venue" : "arXiv preprint arXiv:2104.05704,",
      "citeRegEx" : "Hassani et al\\.,? \\Q2021\\E",
      "shortCiteRegEx" : "Hassani et al\\.",
      "year" : 2021
    }, {
      "title" : "Deep residual learning for image recognition",
      "author" : [ "Kaiming He", "Xiangyu Zhang", "Shaoqing Ren", "Jian Sun" ],
      "venue" : "In Proceedings of the IEEE conference on computer vision and pattern recognition,",
      "citeRegEx" : "He et al\\.,? \\Q2016\\E",
      "shortCiteRegEx" : "He et al\\.",
      "year" : 2016
    }, {
      "title" : "Distilling the knowledge in a neural network",
      "author" : [ "Geoffrey Hinton", "Oriol Vinyals", "Jeff Dean" ],
      "venue" : "arXiv preprint arXiv:1503.02531,",
      "citeRegEx" : "Hinton et al\\.,? \\Q2015\\E",
      "shortCiteRegEx" : "Hinton et al\\.",
      "year" : 2015
    }, {
      "title" : "Infinite attention: Nngp and ntk for deep attention networks",
      "author" : [ "Jiri Hron", "Yasaman Bahri", "Jascha Sohl-Dickstein", "Roman Novak" ],
      "venue" : "In International Conference on Machine Learning,",
      "citeRegEx" : "Hron et al\\.,? \\Q2020\\E",
      "shortCiteRegEx" : "Hron et al\\.",
      "year" : 2020
    }, {
      "title" : "Deep networks with stochastic depth",
      "author" : [ "Gao Huang", "Yu Sun", "Zhuang Liu", "Daniel Sedra", "Kilian Q Weinberger" ],
      "venue" : "In European conference on computer vision,",
      "citeRegEx" : "Huang et al\\.,? \\Q2016\\E",
      "shortCiteRegEx" : "Huang et al\\.",
      "year" : 2016
    }, {
      "title" : "Highly scalable deep learning training system with mixed-precision: Training imagenet in four minutes",
      "author" : [ "Xianyan Jia", "Shutao Song", "Wei He", "Yangzihao Wang", "Haidong Rong", "Feihu Zhou", "Liqiang Xie", "Zhenyu Guo", "Yuanzhou Yang", "Liwei Yu" ],
      "venue" : "arXiv preprint arXiv:1807.11205,",
      "citeRegEx" : "Jia et al\\.,? \\Q2018\\E",
      "shortCiteRegEx" : "Jia et al\\.",
      "year" : 2018
    }, {
      "title" : "Transgan: Two pure transformers can make one strong gan, and that can scale up",
      "author" : [ "Yifan Jiang", "Shiyu Chang", "Zhangyang Wang" ],
      "venue" : "Advances in Neural Information Processing Systems,",
      "citeRegEx" : "Jiang et al\\.,? \\Q2021\\E",
      "shortCiteRegEx" : "Jiang et al\\.",
      "year" : 2021
    }, {
      "title" : "Riemannian manifolds: an introduction to curvature, volume 176",
      "author" : [ "John M Lee" ],
      "venue" : "Springer Science & Business Media,",
      "citeRegEx" : "Lee.,? \\Q2006\\E",
      "shortCiteRegEx" : "Lee.",
      "year" : 2006
    }, {
      "title" : "Bossnas: Exploring hybrid cnn-transformers with block-wisely self-supervised neural architecture search",
      "author" : [ "Changlin Li", "Tao Tang", "Guangrun Wang", "Jiefeng Peng", "Bing Wang", "Xiaodan Liang", "Xiaojun Chang" ],
      "venue" : "arXiv preprint arXiv:2103.12424,",
      "citeRegEx" : "Li et al\\.,? \\Q2021\\E",
      "shortCiteRegEx" : "Li et al\\.",
      "year" : 2021
    }, {
      "title" : "Searching for efficient multi-stage vision transformers",
      "author" : [ "Yi-Lun Liao", "Sertac Karaman", "Vivienne Sze" ],
      "venue" : "arXiv preprint arXiv:2109.00642,",
      "citeRegEx" : "Liao et al\\.,? \\Q2021\\E",
      "shortCiteRegEx" : "Liao et al\\.",
      "year" : 2021
    }, {
      "title" : "Darts: Differentiable architecture search",
      "author" : [ "Hanxiao Liu", "Karen Simonyan", "Yiming Yang" ],
      "venue" : "arXiv preprint arXiv:1806.09055,",
      "citeRegEx" : "Liu et al\\.,? \\Q2018\\E",
      "shortCiteRegEx" : "Liu et al\\.",
      "year" : 2018
    }, {
      "title" : "Splitting steepest descent for growing neural architectures",
      "author" : [ "Qiang Liu", "Lemeng Wu", "Dilin Wang" ],
      "venue" : "arXiv preprint arXiv:1910.02366,",
      "citeRegEx" : "Liu et al\\.,? \\Q2019\\E",
      "shortCiteRegEx" : "Liu et al\\.",
      "year" : 2019
    }, {
      "title" : "Roberta: A robustly optimized bert pretraining approach",
      "author" : [ "Yinhan Liu", "Myle Ott", "Naman Goyal", "Jingfei Du", "Mandar Joshi", "Danqi Chen", "Omer Levy", "Mike Lewis", "Luke Zettlemoyer", "Veselin Stoyanov" ],
      "venue" : "arXiv preprint arXiv:1907.11692,",
      "citeRegEx" : "Liu et al\\.,? \\Q2019\\E",
      "shortCiteRegEx" : "Liu et al\\.",
      "year" : 2019
    }, {
      "title" : "Swin transformer: Hierarchical vision transformer using shifted windows",
      "author" : [ "Ze Liu", "Yutong Lin", "Yue Cao", "Han Hu", "Yixuan Wei", "Zheng Zhang", "Stephen Lin", "Baining Guo" ],
      "venue" : "arXiv preprint arXiv:2103.14030,",
      "citeRegEx" : "Liu et al\\.,? \\Q2021\\E",
      "shortCiteRegEx" : "Liu et al\\.",
      "year" : 2021
    }, {
      "title" : "Sgdr: Stochastic gradient descent with warm restarts",
      "author" : [ "Ilya Loshchilov", "Frank Hutter" ],
      "venue" : "arXiv preprint arXiv:1608.03983,",
      "citeRegEx" : "Loshchilov and Hutter.,? \\Q2016\\E",
      "shortCiteRegEx" : "Loshchilov and Hutter.",
      "year" : 2016
    }, {
      "title" : "Decoupled weight decay regularization",
      "author" : [ "Ilya Loshchilov", "Frank Hutter" ],
      "venue" : "arXiv preprint arXiv:1711.05101,",
      "citeRegEx" : "Loshchilov and Hutter.,? \\Q2017\\E",
      "shortCiteRegEx" : "Loshchilov and Hutter.",
      "year" : 2017
    }, {
      "title" : "Neural architecture search without training",
      "author" : [ "Joseph Mellor", "Jack Turner", "Amos Storkey", "Elliot J Crowley" ],
      "venue" : "arXiv preprint arXiv:2006.04647,",
      "citeRegEx" : "Mellor et al\\.,? \\Q2020\\E",
      "shortCiteRegEx" : "Mellor et al\\.",
      "year" : 2020
    }, {
      "title" : "Iared2: Interpretability-aware redundancy reduction for vision transformers",
      "author" : [ "Bowen Pan", "Rameswar Panda", "Yifan Jiang", "Zhangyang Wang", "Rogerio Feris", "Aude Oliva" ],
      "venue" : "Advances in Neural Information Processing Systems,",
      "citeRegEx" : "Pan et al\\.,? \\Q2021\\E",
      "shortCiteRegEx" : "Pan et al\\.",
      "year" : 2021
    }, {
      "title" : "Exponential expressivity in deep neural networks through transient chaos",
      "author" : [ "Ben Poole", "Subhaneil Lahiri", "Maithra Raghu", "Jascha Sohl-Dickstein", "Surya Ganguli" ],
      "venue" : "arXiv preprint arXiv:1606.05340,",
      "citeRegEx" : "Poole et al\\.,? \\Q2016\\E",
      "shortCiteRegEx" : "Poole et al\\.",
      "year" : 2016
    }, {
      "title" : "Improving language understanding by generative pre-training, 2018",
      "author" : [ "Alec Radford", "Karthik Narasimhan", "Tim Salimans", "Ilya Sutskever" ],
      "venue" : null,
      "citeRegEx" : "Radford et al\\.,? \\Q2018\\E",
      "shortCiteRegEx" : "Radford et al\\.",
      "year" : 2018
    }, {
      "title" : "Designing network design spaces",
      "author" : [ "Ilija Radosavovic", "Raj Prateek Kosaraju", "Ross Girshick", "Kaiming He", "Piotr Dollár" ],
      "venue" : "In Proceedings of the IEEE/CVF Conference on Computer Vision and Pattern Recognition,",
      "citeRegEx" : "Radosavovic et al\\.,? \\Q2020\\E",
      "shortCiteRegEx" : "Radosavovic et al\\.",
      "year" : 2020
    }, {
      "title" : "Do vision transformers see like convolutional neural networks",
      "author" : [ "Maithra Raghu", "Thomas Unterthiner", "Simon Kornblith", "Chiyuan Zhang", "Alexey Dosovitskiy" ],
      "venue" : "arXiv preprint arXiv:2108.08810,",
      "citeRegEx" : "Raghu et al\\.,? \\Q2021\\E",
      "shortCiteRegEx" : "Raghu et al\\.",
      "year" : 2021
    }, {
      "title" : "Regularized evolution for image classifier architecture search",
      "author" : [ "Esteban Real", "Alok Aggarwal", "Yanping Huang", "Quoc V Le" ],
      "venue" : "In Proceedings of the aaai conference on artificial intelligence,",
      "citeRegEx" : "Real et al\\.,? \\Q2019\\E",
      "shortCiteRegEx" : "Real et al\\.",
      "year" : 2019
    }, {
      "title" : "Very deep convolutional networks for large-scale image recognition",
      "author" : [ "Karen Simonyan", "Andrew Zisserman" ],
      "venue" : "arXiv preprint arXiv:1409.1556,",
      "citeRegEx" : "Simonyan and Zisserman.,? \\Q2014\\E",
      "shortCiteRegEx" : "Simonyan and Zisserman.",
      "year" : 2014
    }, {
      "title" : "Revisiting unreasonable effectiveness of data in deep learning era",
      "author" : [ "Chen Sun", "Abhinav Shrivastava", "Saurabh Singh", "Abhinav Gupta" ],
      "venue" : "In Proceedings of the IEEE international conference on computer vision,",
      "citeRegEx" : "Sun et al\\.,? \\Q2017\\E",
      "shortCiteRegEx" : "Sun et al\\.",
      "year" : 2017
    }, {
      "title" : "Rethinking transformer-based set prediction for object detection",
      "author" : [ "Zhiqing Sun", "Shengcao Cao", "Yiming Yang", "Kris Kitani" ],
      "venue" : "arXiv preprint arXiv:2011.10881,",
      "citeRegEx" : "Sun et al\\.,? \\Q2020\\E",
      "shortCiteRegEx" : "Sun et al\\.",
      "year" : 2020
    }, {
      "title" : "Efficientnet: Rethinking model scaling for convolutional neural networks",
      "author" : [ "Mingxing Tan", "Quoc V Le" ],
      "venue" : "arXiv preprint arXiv:1905.11946,",
      "citeRegEx" : "Tan and Le.,? \\Q2019\\E",
      "shortCiteRegEx" : "Tan and Le.",
      "year" : 2019
    }, {
      "title" : "Training data-efficient image transformers & distillation through attention",
      "author" : [ "Hugo Touvron", "Matthieu Cord", "Matthijs Douze", "Francisco Massa", "Alexandre Sablayrolles", "Hervé Jégou" ],
      "venue" : "arXiv preprint arXiv:2012.12877,",
      "citeRegEx" : "Touvron et al\\.,? \\Q2020\\E",
      "shortCiteRegEx" : "Touvron et al\\.",
      "year" : 2020
    }, {
      "title" : "Going deeper with image transformers",
      "author" : [ "Hugo Touvron", "Matthieu Cord", "Alexandre Sablayrolles", "Gabriel Synnaeve", "Hervé Jégou" ],
      "venue" : "arXiv preprint arXiv:2103.17239,",
      "citeRegEx" : "Touvron et al\\.,? \\Q2021\\E",
      "shortCiteRegEx" : "Touvron et al\\.",
      "year" : 2021
    }, {
      "title" : "Attention is all you need",
      "author" : [ "Ashish Vaswani", "Noam Shazeer", "Niki Parmar", "Jakob Uszkoreit", "Llion Jones", "Aidan N Gomez", "Łukasz Kaiser", "Illia Polosukhin" ],
      "venue" : "Advances in neural information processing systems,",
      "citeRegEx" : "Vaswani et al\\.,? \\Q2017\\E",
      "shortCiteRegEx" : "Vaswani et al\\.",
      "year" : 2017
    }, {
      "title" : "Pyramid vision transformer: A versatile backbone for dense prediction without convolutions",
      "author" : [ "Wenhai Wang", "Enze Xie", "Xiang Li", "Deng-Ping Fan", "Kaitao Song", "Ding Liang", "Tong Lu", "Ping Luo", "Ling Shao" ],
      "venue" : "arXiv preprint arXiv:2102.12122,",
      "citeRegEx" : "Wang et al\\.,? \\Q2021\\E",
      "shortCiteRegEx" : "Wang et al\\.",
      "year" : 2021
    }, {
      "title" : "E2-train: Training state-of-the-art cnns with over 80% energy savings",
      "author" : [ "Yue Wang", "Ziyu Jiang", "Xiaohan Chen", "Pengfei Xu", "Yang Zhao", "Yingyan Lin", "Zhangyang Wang" ],
      "venue" : null,
      "citeRegEx" : "Wang et al\\.,? \\Q1910\\E",
      "shortCiteRegEx" : "Wang et al\\.",
      "year" : 1910
    }, {
      "title" : "End-to-end video instance segmentation with transformers",
      "author" : [ "Yuqing Wang", "Zhaoliang Xu", "Xinlong Wang", "Chunhua Shen", "Baoshan Cheng", "Hao Shen", "Huaxia Xia" ],
      "venue" : "arXiv preprint arXiv:2011.14503,",
      "citeRegEx" : "Wang et al\\.,? \\Q2020\\E",
      "shortCiteRegEx" : "Wang et al\\.",
      "year" : 2020
    }, {
      "title" : "Simple statistical gradient-following algorithms for connectionist reinforcement learning",
      "author" : [ "Ronald J Williams" ],
      "venue" : "Machine learning,",
      "citeRegEx" : "Williams.,? \\Q1992\\E",
      "shortCiteRegEx" : "Williams.",
      "year" : 1992
    }, {
      "title" : "Cvt: Introducing convolutions to vision transformers",
      "author" : [ "Haiping Wu", "Bin Xiao", "Noel Codella", "Mengchen Liu", "Xiyang Dai", "Lu Yuan", "Lei Zhang" ],
      "venue" : "arXiv preprint arXiv:2103.15808,",
      "citeRegEx" : "Wu et al\\.,? \\Q2021\\E",
      "shortCiteRegEx" : "Wu et al\\.",
      "year" : 2021
    }, {
      "title" : "Disentangling trainability and generalization in deep learning",
      "author" : [ "Lechao Xiao", "Jeffrey Pennington", "Samuel S Schoenholz" ],
      "venue" : "arXiv preprint arXiv:1912.13053,",
      "citeRegEx" : "Xiao et al\\.,? \\Q2019\\E",
      "shortCiteRegEx" : "Xiao et al\\.",
      "year" : 2019
    }, {
      "title" : "Tensor programs ii: Neural tangent kernel for any architecture",
      "author" : [ "Greg Yang" ],
      "venue" : "arXiv preprint arXiv:2006.14548,",
      "citeRegEx" : "Yang.,? \\Q2020\\E",
      "shortCiteRegEx" : "Yang.",
      "year" : 2020
    }, {
      "title" : "Imagenet training in minutes",
      "author" : [ "Yang You", "Zhao Zhang", "Cho-Jui Hsieh", "James Demmel", "Kurt Keutzer" ],
      "venue" : "Proceedings of the 47th International Conference on Parallel Processing - ICPP 2018,",
      "citeRegEx" : "You et al\\.,? \\Q2018\\E",
      "shortCiteRegEx" : "You et al\\.",
      "year" : 2018
    }, {
      "title" : "Incorporating convolution designs into visual transformers",
      "author" : [ "Kun Yuan", "Shaopeng Guo", "Ziwei Liu", "Aojun Zhou", "Fengwei Yu", "Wei Wu" ],
      "venue" : "arXiv preprint arXiv:2103.11816,",
      "citeRegEx" : "Yuan et al\\.,? \\Q2021\\E",
      "shortCiteRegEx" : "Yuan et al\\.",
      "year" : 2021
    }, {
      "title" : "Revisiting knowledge distillation via label smoothing regularization",
      "author" : [ "Li Yuan", "Francis EH Tay", "Guilin Li", "Tao Wang", "Jiashi Feng" ],
      "venue" : "In Proceedings of the IEEE/CVF Conference on Computer Vision and Pattern Recognition,",
      "citeRegEx" : "Yuan et al\\.,? \\Q2020\\E",
      "shortCiteRegEx" : "Yuan et al\\.",
      "year" : 2020
    }, {
      "title" : "Tokens-to-token vit: Training vision transformers from scratch on imagenet",
      "author" : [ "Li Yuan", "Yunpeng Chen", "Tao Wang", "Weihao Yu", "Yujun Shi", "Francis EH Tay", "Jiashi Feng", "Shuicheng Yan" ],
      "venue" : "arXiv preprint arXiv:2101.11986,",
      "citeRegEx" : "Yuan et al\\.,? \\Q2021\\E",
      "shortCiteRegEx" : "Yuan et al\\.",
      "year" : 2021
    }, {
      "title" : "Cutmix: Regularization strategy to train strong classifiers with localizable features",
      "author" : [ "Sangdoo Yun", "Dongyoon Han", "Seong Joon Oh", "Sanghyuk Chun", "Junsuk Choe", "Youngjoon Yoo" ],
      "venue" : "In Proceedings of the IEEE/CVF International Conference on Computer Vision,",
      "citeRegEx" : "Yun et al\\.,? \\Q2019\\E",
      "shortCiteRegEx" : "Yun et al\\.",
      "year" : 2019
    }, {
      "title" : "Big bird: Transformers for longer sequences",
      "author" : [ "Manzil Zaheer", "Guru Guruganesh", "Kumar Avinava Dubey", "Joshua Ainslie", "Chris Alberti", "Santiago Ontanon", "Philip Pham", "Anirudh Ravula", "Qifan Wang", "Li Yang" ],
      "venue" : "NeurIPS,",
      "citeRegEx" : "Zaheer et al\\.,? \\Q2020\\E",
      "shortCiteRegEx" : "Zaheer et al\\.",
      "year" : 2020
    }, {
      "title" : "Scaling vision transformers",
      "author" : [ "Xiaohua Zhai", "Alexander Kolesnikov", "Neil Houlsby", "Lucas Beyer" ],
      "venue" : "arXiv preprint arXiv:2106.04560,",
      "citeRegEx" : "Zhai et al\\.,? \\Q2021\\E",
      "shortCiteRegEx" : "Zhai et al\\.",
      "year" : 2021
    }, {
      "title" : "mixup: Beyond empirical risk minimization",
      "author" : [ "Hongyi Zhang", "Moustapha Cisse", "Yann N Dauphin", "David Lopez-Paz" ],
      "venue" : "arXiv preprint arXiv:1710.09412,",
      "citeRegEx" : "Zhang et al\\.,? \\Q2017\\E",
      "shortCiteRegEx" : "Zhang et al\\.",
      "year" : 2017
    }, {
      "title" : "Multi-scale vision longformer: A new vision transformer for high-resolution image encoding",
      "author" : [ "Pengchuan Zhang", "Xiyang Dai", "Jianwei Yang", "Bin Xiao", "Lu Yuan", "Lei Zhang", "Jianfeng Gao" ],
      "venue" : "arXiv preprint arXiv:2103.15358,",
      "citeRegEx" : "Zhang et al\\.,? \\Q2021\\E",
      "shortCiteRegEx" : "Zhang et al\\.",
      "year" : 2021
    }, {
      "title" : "End-to-end object detection with adaptive clustering transformer",
      "author" : [ "Minghang Zheng", "Peng Gao", "Xiaogang Wang", "Hongsheng Li", "Hao Dong" ],
      "venue" : "arXiv preprint arXiv:2011.09315,",
      "citeRegEx" : "Zheng et al\\.,? \\Q2020\\E",
      "shortCiteRegEx" : "Zheng et al\\.",
      "year" : 2020
    }, {
      "title" : "Deepvit: Towards deeper vision transformer",
      "author" : [ "Daquan Zhou", "Bingyi Kang", "Xiaojie Jin", "Linjie Yang", "Xiaochen Lian", "Zihang Jiang", "Qibin Hou", "Jiashi Feng" ],
      "venue" : "arXiv preprint arXiv:2103.11886,",
      "citeRegEx" : "Zhou et al\\.,? \\Q2021\\E",
      "shortCiteRegEx" : "Zhou et al\\.",
      "year" : 2021
    }, {
      "title" : "Progressive learning of low-precision networks",
      "author" : [ "Zhengguang Zhou", "Wengang Zhou", "Xutao Lv", "Xuan Huang", "Xiaoyu Wang", "Houqiang Li" ],
      "venue" : null,
      "citeRegEx" : "Zhou et al\\.,? \\Q1905\\E",
      "shortCiteRegEx" : "Zhou et al\\.",
      "year" : 1905
    }, {
      "title" : "Deformable detr: Deformable transformers for end-to-end object detection",
      "author" : [ "Xizhou Zhu", "Weijie Su", "Lewei Lu", "Bin Li", "Xiaogang Wang", "Jifeng Dai" ],
      "venue" : "arXiv preprint arXiv:2010.04159,",
      "citeRegEx" : "Zhu et al\\.,? \\Q2020\\E",
      "shortCiteRegEx" : "Zhu et al\\.",
      "year" : 2020
    }, {
      "title" : "Neural architecture search with reinforcement learning",
      "author" : [ "Barret Zoph", "Quoc V Le" ],
      "venue" : "arXiv preprint arXiv:1611.01578,",
      "citeRegEx" : "Zoph and Le.,? \\Q2016\\E",
      "shortCiteRegEx" : "Zoph and Le.",
      "year" : 2016
    }, {
      "title" : "Learning transferable architectures for scalable image recognition",
      "author" : [ "Barret Zoph", "Vijay Vasudevan", "Jonathon Shlens", "Quoc V Le" ],
      "venue" : "In Proceedings of the IEEE conference on computer vision and pattern recognition,",
      "citeRegEx" : "Zoph et al\\.,? \\Q2018\\E",
      "shortCiteRegEx" : "Zoph et al\\.",
      "year" : 2018
    } ],
    "referenceMentions" : [ {
      "referenceID" : 54,
      "context" : "Transformer (Vaswani et al., 2017), a family of architectures based on the self-attention mechanism, is notable for modeling long-range dependencies in the data.",
      "startOffset" : 12,
      "endOffset" : 34
    }, {
      "referenceID" : 21,
      "context" : "Recently, Vision Transformer (ViT) (Dosovitskiy et al., 2020), a transformer architecture consisting of self-attention encoder blocks, has been proposed to achieve competitive performance to convolution neural networks (CNNs) (Simonyan & Zisserman, 2014; He et al.",
      "startOffset" : 35,
      "endOffset" : 61
    }, {
      "referenceID" : 26,
      "context" : ", 2020), a transformer architecture consisting of self-attention encoder blocks, has been proposed to achieve competitive performance to convolution neural networks (CNNs) (Simonyan & Zisserman, 2014; He et al., 2016) on ImageNet (Deng et al.",
      "startOffset" : 172,
      "endOffset" : 217
    }, {
      "referenceID" : 54,
      "context" : "These ad-hoc “tokenization” and embedding mainly inherit from language tasks (Vaswani et al., 2017) but are not customized for vision, which calls for more flexible and principled designs.",
      "startOffset" : 77,
      "endOffset" : 99
    }, {
      "referenceID" : 72,
      "context" : "Second, the learning behaviors of ViT, including (loss of) feature diversity (Zhou et al., 2021), receptive fields (Raghu et al.",
      "startOffset" : 77,
      "endOffset" : 96
    }, {
      "referenceID" : 46,
      "context" : ", 2021), receptive fields (Raghu et al., 2021) and augmentations (Touvron et al.",
      "startOffset" : 26,
      "endOffset" : 46
    }, {
      "referenceID" : 52,
      "context" : ", 2021) and augmentations (Touvron et al., 2020; Jiang et al., 2021), differ vastly from CNNs.",
      "startOffset" : 26,
      "endOffset" : 68
    }, {
      "referenceID" : 31,
      "context" : ", 2021) and augmentations (Touvron et al., 2020; Jiang et al., 2021), differ vastly from CNNs.",
      "startOffset" : 26,
      "endOffset" : 68
    }, {
      "referenceID" : 52,
      "context" : "Although recent works attempt to enhance ViT’s data and resource efficiency (Touvron et al., 2020; Hassani et al., 2021; Pan et al., 2021; Chen et al., 2021d), the heavy computation cost (e.",
      "startOffset" : 76,
      "endOffset" : 158
    }, {
      "referenceID" : 25,
      "context" : "Although recent works attempt to enhance ViT’s data and resource efficiency (Touvron et al., 2020; Hassani et al., 2021; Pan et al., 2021; Chen et al., 2021d), the heavy computation cost (e.",
      "startOffset" : 76,
      "endOffset" : 158
    }, {
      "referenceID" : 42,
      "context" : "Although recent works attempt to enhance ViT’s data and resource efficiency (Touvron et al., 2020; Hassani et al., 2021; Pan et al., 2021; Chen et al., 2021d), the heavy computation cost (e.",
      "startOffset" : 76,
      "endOffset" : 158
    }, {
      "referenceID" : 21,
      "context" : "2 WHY WE NEED AUTOMATED DESIGN AND SCALING PRINCIPLE FOR VIT? Background and recent development of ViT1 To transform a 2D image into a sequence, ViT (Dosovitskiy et al., 2020) splits each image into 14 × 14 or 16 × 16 patches and embeds them into a fixed number of tokens; then following practice of the transformer for language modeling, ViT applies self-attention to learn reweighting masks as relationship modeling for tokens, and leverages FFN (Feed-Forward Network) layers to learn feature embeddings.",
      "startOffset" : 149,
      "endOffset" : 175
    }, {
      "referenceID" : 53,
      "context" : "To better facilitate the visual representation learning, recently works try to train deeper ViTs (Touvron et al., 2021; Zhou et al., 2021), incorporate convolutions (Wu et al.",
      "startOffset" : 97,
      "endOffset" : 138
    }, {
      "referenceID" : 72,
      "context" : "To better facilitate the visual representation learning, recently works try to train deeper ViTs (Touvron et al., 2021; Zhou et al., 2021), incorporate convolutions (Wu et al.",
      "startOffset" : 97,
      "endOffset" : 138
    }, {
      "referenceID" : 59,
      "context" : ", 2021), incorporate convolutions (Wu et al., 2021; d’Ascoli et al., 2021; Yuan et al., 2021a), and design multi-scale feature extractions (Chen et al.",
      "startOffset" : 34,
      "endOffset" : 94
    }, {
      "referenceID" : 17,
      "context" : ", 2021), incorporate convolutions (Wu et al., 2021; d’Ascoli et al., 2021; Yuan et al., 2021a), and design multi-scale feature extractions (Chen et al.",
      "startOffset" : 34,
      "endOffset" : 94
    }, {
      "referenceID" : 70,
      "context" : ", 2021a), and design multi-scale feature extractions (Chen et al., 2021b; Zhang et al., 2021; Wang et al., 2021).",
      "startOffset" : 53,
      "endOffset" : 112
    }, {
      "referenceID" : 55,
      "context" : ", 2021a), and design multi-scale feature extractions (Chen et al., 2021b; Zhang et al., 2021; Wang et al., 2021).",
      "startOffset" : 53,
      "endOffset" : 112
    }, {
      "referenceID" : 21,
      "context" : "Early designs incorporate large token sizes, constant sequence length, and hidden size (Dosovitskiy et al., 2020; Touvron et al., 2020), and recent trends include small patches, spatial reduction, and channel doubling (Zhou et al.",
      "startOffset" : 87,
      "endOffset" : 135
    }, {
      "referenceID" : 52,
      "context" : "Early designs incorporate large token sizes, constant sequence length, and hidden size (Dosovitskiy et al., 2020; Touvron et al., 2020), and recent trends include small patches, spatial reduction, and channel doubling (Zhou et al.",
      "startOffset" : 87,
      "endOffset" : 135
    }, {
      "referenceID" : 72,
      "context" : ", 2020), and recent trends include small patches, spatial reduction, and channel doubling (Zhou et al., 2021; Liu et al., 2021).",
      "startOffset" : 90,
      "endOffset" : 127
    }, {
      "referenceID" : 38,
      "context" : ", 2020), and recent trends include small patches, spatial reduction, and channel doubling (Zhou et al., 2021; Liu et al., 2021).",
      "startOffset" : 90,
      "endOffset" : 127
    }, {
      "referenceID" : 72,
      "context" : "Recent works (Zhou et al., 2021) demonstrated that attention maps of ViTs gradually become similar in deeper layers, leading to identical feature maps and saturated performance.",
      "startOffset" : 13,
      "endOffset" : 32
    }, {
      "referenceID" : 46,
      "context" : "ViT also generates more uniform representations across layers, enabling early aggregation of global context (Raghu et al., 2021).",
      "startOffset" : 108,
      "endOffset" : 128
    }, {
      "referenceID" : 10,
      "context" : "This is contradictory to CNNs as deeper layers help the learning of visual global information (Chen et al., 2018).",
      "startOffset" : 94,
      "endOffset" : 113
    }, {
      "referenceID" : 67,
      "context" : "Splitting the attention into local windows is an important design to reduce the computation cost of self-attention without sacrificing much performance (Zaheer et al., 2020; Liu et al., 2021).",
      "startOffset" : 152,
      "endOffset" : 191
    }, {
      "referenceID" : 38,
      "context" : "Splitting the attention into local windows is an important design to reduce the computation cost of self-attention without sacrificing much performance (Zaheer et al., 2020; Liu et al., 2021).",
      "startOffset" : 152,
      "endOffset" : 191
    }, {
      "referenceID" : 38,
      "context" : "Note that we try to make our design general and do not use shifted windows (Liu et al., 2021).",
      "startOffset" : 75,
      "endOffset" : 93
    }, {
      "referenceID" : 21,
      "context" : "ViT (Dosovitskiy et al., 2020) by default leveraged an FFN layer with 4× expanded hidden dimension for each attention block.",
      "startOffset" : 4,
      "endOffset" : 30
    }, {
      "referenceID" : 41,
      "context" : "We note a recent surge of training-free neural architecture search methods for ReLU-based CNNs, leveraging local linear maps (Mellor et al., 2020), gradient sensitivity (Abdelfattah et al.",
      "startOffset" : 125,
      "endOffset" : 146
    }, {
      "referenceID" : 0,
      "context" : ", 2020), gradient sensitivity (Abdelfattah et al., 2021), number of linear regions (Chen et al.",
      "startOffset" : 30,
      "endOffset" : 56
    }, {
      "referenceID" : 32,
      "context" : "According to Riemannian geometry (Lee, 2006; Poole et al., 2016), the curvature can be explicitly calculated as κ = ∫ (v(θ) · v(θ))−3/2 √ (v(θ) · v(θ))(a(θ) · a(θ))− (v(θ) · a(θ))2dθ.",
      "startOffset" : 33,
      "endOffset" : 64
    }, {
      "referenceID" : 43,
      "context" : "According to Riemannian geometry (Lee, 2006; Poole et al., 2016), the curvature can be explicitly calculated as κ = ∫ (v(θ) · v(θ))−3/2 √ (v(θ) · v(θ))(a(θ) · a(θ))− (v(θ) · a(θ))2dθ.",
      "startOffset" : 33,
      "endOffset" : 64
    }, {
      "referenceID" : 52,
      "context" : "We randomly sampled 87 ViT topologies from Table 1 (with L1 = L2 = L3 = L4 = 1, C = 32), fully train them on ImageNet-1k for 300 epochs (following the same training recipe of DeiT (Touvron et al., 2020)), and also measure their κ,LE ,Lκ at initialization.",
      "startOffset" : 180,
      "endOffset" : 202
    }, {
      "referenceID" : 60,
      "context" : "In addition to LE , we also include the NTK condition number κΘ = λmax λmin to indicate the trainability of ViTs (Chen et al., 2021e; Xiao et al., 2019; Yang, 2020; Hron et al., 2020).",
      "startOffset" : 113,
      "endOffset" : 183
    }, {
      "referenceID" : 61,
      "context" : "In addition to LE , we also include the NTK condition number κΘ = λmax λmin to indicate the trainability of ViTs (Chen et al., 2021e; Xiao et al., 2019; Yang, 2020; Hron et al., 2020).",
      "startOffset" : 113,
      "endOffset" : 183
    }, {
      "referenceID" : 28,
      "context" : "In addition to LE , we also include the NTK condition number κΘ = λmax λmin to indicate the trainability of ViTs (Chen et al., 2021e; Xiao et al., 2019; Yang, 2020; Hron et al., 2020).",
      "startOffset" : 113,
      "endOffset" : 183
    }, {
      "referenceID" : 58,
      "context" : "6 Update policy π using reward rt = L ∧E t − κ ∧ Θ,t by policy gradient (Williams, 1992).",
      "startOffset" : 72,
      "endOffset" : 88
    }, {
      "referenceID" : 58,
      "context" : "The RL policy is formulated as a joint categorical distribution over the choices in Table 1, and is updated by policy gradient (Williams, 1992).",
      "startOffset" : 127,
      "endOffset" : 143
    }, {
      "referenceID" : 38,
      "context" : "Figure 3: Left: Comparing scaling rules from As-ViT, random scaling, Swin (Liu et al., 2021), ViT (Zhai et al.",
      "startOffset" : 74,
      "endOffset" : 92
    }, {
      "referenceID" : 68,
      "context" : ", 2021), ViT (Zhai et al., 2021), and ResNet (He et al.",
      "startOffset" : 13,
      "endOffset" : 32
    }, {
      "referenceID" : 38,
      "context" : "In contrast, ResNet and Swin Transformer (Liu et al., 2021) choose to be narrower and deeper.",
      "startOffset" : 41,
      "endOffset" : 59
    }, {
      "referenceID" : 30,
      "context" : "Recent works (Jia et al., 2018; Zhou et al., 2019; Fu et al., 2020) show that one can use mixed or progressive precision to achieve an efficient training purpose.",
      "startOffset" : 13,
      "endOffset" : 67
    }, {
      "referenceID" : 22,
      "context" : "Recent works (Jia et al., 2018; Zhou et al., 2019; Fu et al., 2020) show that one can use mixed or progressive precision to achieve an efficient training purpose.",
      "startOffset" : 13,
      "endOffset" : 67
    }, {
      "referenceID" : 18,
      "context" : "We benchmark our As-ViT on ImageNet-1k (Deng et al., 2009).",
      "startOffset" : 39,
      "endOffset" : 58
    }, {
      "referenceID" : 33,
      "context" : "In contrast, BoneNAS (Li et al., 2021) requires 10 GPU days to search a single architecture.",
      "startOffset" : 21,
      "endOffset" : 38
    }, {
      "referenceID" : 34,
      "context" : "For each variant of ViT-ResNAS (Liao et al., 2021), the super-network training takes 16.",
      "startOffset" : 31,
      "endOffset" : 50
    }, {
      "referenceID" : 38,
      "context" : "We compare our As-ViT to standard CNN (ResNet) and previous Transformer network (Swin (Liu et al., 2021)).",
      "startOffset" : 86,
      "endOffset" : 104
    }, {
      "referenceID" : 38,
      "context" : "1 Swin-B (Liu et al., 2021) 480∼800×1333 982 B 145 M 51.",
      "startOffset" : 9,
      "endOffset" : 27
    }, {
      "referenceID" : 54,
      "context" : "Transformers (Vaswani et al., 2017) leverage the self-attention to extract global correlation, and become the dominant models for natural language processing (NLP) (Devlin et al.",
      "startOffset" : 13,
      "endOffset" : 35
    }, {
      "referenceID" : 19,
      "context" : ", 2017) leverage the self-attention to extract global correlation, and become the dominant models for natural language processing (NLP) (Devlin et al., 2018; Radford et al., 2018; Brown et al., 2020; Liu et al., 2019b).",
      "startOffset" : 136,
      "endOffset" : 218
    }, {
      "referenceID" : 44,
      "context" : ", 2017) leverage the self-attention to extract global correlation, and become the dominant models for natural language processing (NLP) (Devlin et al., 2018; Radford et al., 2018; Brown et al., 2020; Liu et al., 2019b).",
      "startOffset" : 136,
      "endOffset" : 218
    }, {
      "referenceID" : 21,
      "context" : "Recent works explored transformers to vision problems: image classification (Dosovitskiy et al., 2020), object detection (Carion et al.",
      "startOffset" : 76,
      "endOffset" : 102
    }, {
      "referenceID" : 5,
      "context" : ", 2020), object detection (Carion et al., 2020; Zhu et al., 2020; Zheng et al., 2020; Dai et al., 2020; Sun et al., 2020), segmentation (Chen et al.",
      "startOffset" : 26,
      "endOffset" : 121
    }, {
      "referenceID" : 74,
      "context" : ", 2020), object detection (Carion et al., 2020; Zhu et al., 2020; Zheng et al., 2020; Dai et al., 2020; Sun et al., 2020), segmentation (Chen et al.",
      "startOffset" : 26,
      "endOffset" : 121
    }, {
      "referenceID" : 71,
      "context" : ", 2020), object detection (Carion et al., 2020; Zhu et al., 2020; Zheng et al., 2020; Dai et al., 2020; Sun et al., 2020), segmentation (Chen et al.",
      "startOffset" : 26,
      "endOffset" : 121
    }, {
      "referenceID" : 16,
      "context" : ", 2020), object detection (Carion et al., 2020; Zhu et al., 2020; Zheng et al., 2020; Dai et al., 2020; Sun et al., 2020), segmentation (Chen et al.",
      "startOffset" : 26,
      "endOffset" : 121
    }, {
      "referenceID" : 50,
      "context" : ", 2020), object detection (Carion et al., 2020; Zhu et al., 2020; Zheng et al., 2020; Dai et al., 2020; Sun et al., 2020), segmentation (Chen et al.",
      "startOffset" : 26,
      "endOffset" : 121
    }, {
      "referenceID" : 21,
      "context" : "The Vision Transformer (ViT) (Dosovitskiy et al., 2020) designed a pure transformer architecture and achieved SOTA performance on image classification.",
      "startOffset" : 29,
      "endOffset" : 55
    }, {
      "referenceID" : 18,
      "context" : "However, ViT heavily relies on large-scale datasets (ImageNet-21k (Deng et al., 2009), JFT-300M (Sun et al.",
      "startOffset" : 66,
      "endOffset" : 85
    }, {
      "referenceID" : 49,
      "context" : ", 2009), JFT-300M (Sun et al., 2017)) for pretraining, requiring huge computation resources.",
      "startOffset" : 18,
      "endOffset" : 36
    }, {
      "referenceID" : 52,
      "context" : "DeiT (Touvron et al., 2020) proposed Knowledge Distillation (KD) (Hinton et al.",
      "startOffset" : 5,
      "endOffset" : 27
    }, {
      "referenceID" : 27,
      "context" : ", 2020) proposed Knowledge Distillation (KD) (Hinton et al., 2015; Yuan et al., 2020) via a special KD token to improve both performance and training efficiency.",
      "startOffset" : 45,
      "endOffset" : 85
    }, {
      "referenceID" : 64,
      "context" : ", 2020) proposed Knowledge Distillation (KD) (Hinton et al., 2015; Yuan et al., 2020) via a special KD token to improve both performance and training efficiency.",
      "startOffset" : 45,
      "endOffset" : 85
    }, {
      "referenceID" : 47,
      "context" : "Recent works leverage AutoML to find optimal combinations of operators/topology in a given search space (Zoph & Le, 2016; Real et al., 2019; Liu et al., 2018; Dong & Yang, 2019).",
      "startOffset" : 104,
      "endOffset" : 177
    }, {
      "referenceID" : 35,
      "context" : "Recent works leverage AutoML to find optimal combinations of operators/topology in a given search space (Zoph & Le, 2016; Real et al., 2019; Liu et al., 2018; Dong & Yang, 2019).",
      "startOffset" : 104,
      "endOffset" : 177
    }, {
      "referenceID" : 76,
      "context" : "For example, models from NASNet space (Zoph et al., 2018) only have ∼5M parameters, much smaller than real-world ones (20 to over 100M).",
      "startOffset" : 38,
      "endOffset" : 57
    }, {
      "referenceID" : 30,
      "context" : "A number of methods have been developed to accelerate the training of deep neural networks, including mixed precision (Jia et al., 2018), distributed optimization (Cho et al.",
      "startOffset" : 118,
      "endOffset" : 136
    }, {
      "referenceID" : 23,
      "context" : ", 2017), large-batch training (Goyal et al., 2017; Akiba et al., 2017; You et al., 2018), etc.",
      "startOffset" : 30,
      "endOffset" : 88
    }, {
      "referenceID" : 1,
      "context" : ", 2017), large-batch training (Goyal et al., 2017; Akiba et al., 2017; You et al., 2018), etc.",
      "startOffset" : 30,
      "endOffset" : 88
    }, {
      "referenceID" : 62,
      "context" : ", 2017), large-batch training (Goyal et al., 2017; Akiba et al., 2017; You et al., 2018), etc.",
      "startOffset" : 30,
      "endOffset" : 88
    } ],
    "year" : 2022,
    "abstractText" : "This work targets automated designing and scaling of Vision Transformers (ViTs). The motivation comes from two pain spots: 1) the lack of efficient and principled methods for designing and scaling ViTs; 2) the tremendous computational cost of training ViT that is much heavier than its convolution counterpart. To tackle these issues, we propose As-ViT, an auto-scaling framework for ViTs without training, which automatically discovers and scales up ViTs in an efficient and principled manner. Specifically, we first design a “seed” ViT topology by leveraging a trainingfree search process. This extremely fast search is fulfilled by a comprehensive study of ViT’s network complexity, yielding a strong Kendall-tau correlation with ground-truth accuracies. Second, starting from the “seed” topology, we automate the scaling rule for ViTs by growing widths/depths to different ViT layers. This results in a series of architectures with different numbers of parameters in a single run. Finally, based on the observation that ViTs can tolerate coarse tokenization in early training stages, we propose a progressive tokenization strategy to train ViTs faster and cheaper. As a unified framework, As-ViT achieves strong performance on classification (83.5% top1 on ImageNet-1k) and detection (52.7% mAP on COCO) without any manual crafting nor scaling of ViT architectures: the end-toend model design and scaling process costs only 12 hours on one V100 GPU. Our code is available at https://github.com/VITA-Group/AsViT.",
    "creator" : "LaTeX with hyperref"
  }
}