{
  "name" : "ICLR2022-OzyXtIZAzFv.pdf",
  "metadata" : {
    "source" : "CRF",
    "title" : "TASK-INDUCED REPRESENTATION LEARNING",
    "authors" : [ "Jun Yamada", "Karl Pertsch", "Anisha Gunjal", "Joseph J. Lim" ],
    "emails" : [ ],
    "sections" : [ {
      "heading" : "1 INTRODUCTION",
      "text" : "The ability to compress sensory inputs into a compact representation is crucial for effective decision making. Deep reinforcement learning (RL) has enabled the learning of such representations via end-to-end policy training (Mnih et al., 2015; Levine et al., 2016). However, learning representations from reward feedback requires many environment interactions. Instead, unsupervised objectives for representation learning (Lange and Riedmiller, 2010; Finn et al., 2016; Hafner et al., 2019; Oord et al., 2018; Chen et al., 2020) directly maximize lower bounds on the mutual information between the sensory inputs and the learned representation. Empirically, such unsupervised objectives can accelerate the training of deep RL agents substantially (Laskin et al., 2020; Stooke et al., 2021; Yang and Nachum, 2021). However, prior works have evaluated such representation learning approaches in clean laboratory or simulated settings (Finn et al., 2016; Lee et al., 2020; Laskin et al., 2020) where most of the perceived information is important for the task at hand. In contrast, realistic environments feature lots of task-irrelevant detail, such as clutter or objects moving in the background. This has the potential to impair the performance of unsupervised representations for RL since they aim to model all information in the input equally.\nThe goal of this paper is to evaluate the effectiveness of representation learning approaches for decision making in such more realistic, visually complex environments with distractors and clutter. We evaluate two classes of representation learning approaches: (1) unsupervised representation learning based on reconstruction, prediction or contrastive objectives, and (2) approaches that leverage task information from prior tasks to shape the representation, which we will refer to as task-induced representation learning approaches. Such task information can often be available at no extra cost, e.g., in the form of prior task rewards if the data has been collected from RL training runs. Task-induced representations can leverage this task information to determine which features are important in visually complex scenes, and which are distractors that can be ignored. We focus\n∗Work done while at USC † AI Advisor at NAVER AI Lab 1Project website: clvrai.com/tarp\nour evaluation on a practical representation learning setting, shown in Figure 1: given a large offline dataset of experience collected across multiple prior tasks, we perform offline representation learning with different approaches. Then, we transfer the pre-trained representations for training a policy on a new task and compare efficiency to training the policy from scratch.\nTo evaluate the effectiveness of different representation learning objectives, we compare common unsupervised approaches based on reconstruction, prediction and contrastive learning to four taskinduced representation learning methods. We perform experiments in four visually complex environments, ranging from scenes with distracting background videos in the Distracting DMControl bench (Stone et al., 2021) to realistic distractors such as clouds, weather and urban scenery in the CARLA driving simulator (Dosovitskiy et al., 2017). Across RL and imitation learning experiments we find that pre-trained representations accelerate downstream task learning, even in visually complex environments. Additionally, in our comparisons task-induced representation learning approaches achieve up to double the learning efficiency of unsupervised approaches by learning to ignore distractors and task-irrelevant visual details.\nIn summary, the contributions of our work are threefold: (1) we formalize the class of task-induced representation learning approaches which leverage task-information from prior tasks for shaping the learned representations, (2) we empirically compare widely used unsupervised representation learning approaches and task-induced representation learning methods across four visually complex environments with numerous distractors, showing that task-induced representations can lead to more effective learning and (3) through analysis experiments we develop a set of best practices for task-induced representation learning."
    }, {
      "heading" : "2 RELATED WORK",
      "text" : "Deep RL can train “end-to-end” policies that directly map raw visual inputs to action commands (Mnih et al., 2015; Kalashnikov et al., 2018). To improve data efficiency in deep RL from highdimensional observations, a number of recent works have explored using data augmentation (Yarats et al., 2021; Laskin et al., 2021) and unsupervised representation learning techniques during RL training. The latter can be categorized into (1) reconstruction (Lange and Riedmiller, 2010; Finn et al., 2016), (2) prediction (Hafner et al., 2019; Lee et al., 2020), and (3) contrastive learning (Laskin et al., 2020; Stooke et al., 2021; Zhan et al., 2020; Yang and Nachum, 2021) approaches. While these works have shown improved sample efficiency, fundamentally they are unsupervised and therefore cannot decide which information in the input is relevant or irrelevant to a certain task. We show that this leads to deteriorating performance in visually complex environments such as autonomous driving scenarios with lots of non-relevant information in the input observations.\nAnother line of work has used task information to shape representations that learn to ignore distractors. Specifically, Fu et al. (2021) predict future rewards to learn representations that focus only on task-\nrelevant aspects of a scene. Zhang et al. (2021) leverage rewards as part of a bisimulation objective to learn representations without reconstruction. In this work, we provide a unifying framework for such task-induced representation learning approaches that encompasses the objectives of Fu et al. (2021) and Zhang et al. (2021) among others, and perform a systematic comparison to unsupervised representations in visually complex environments.\nClosest to our work is the work of Yang and Nachum (2021), which evaluates unsupervised and taskinduced representation learning objectives for pre-training in multiple environments from the D4RL benchmark (Fu et al., 2020). Their work shows that representation pre-training can substantially improve downstream learning efficiency. While Yang and Nachum (2021)’s evaluation is performed in visually clean OpenAI gym environments (Brockman et al., 2016) without distractors, we focus our evaluation on more realistic, visually complex environments with distractors, which can pose additional challenges, especially for unsupervised representation learning approaches."
    }, {
      "heading" : "3 PROBLEM FORMULATION",
      "text" : "Our goal is to efficiently learn a policy π that solves a target task Ttarget in an MDP defined by a tuple (S,A, T , R, ρ, γ) of states, actions, transition probabilities, rewards, initial state distribution, and discount factor. The policy is trained to maximize the discounted return Eat∼π [∑T−1 t=0 γ tR(st, at) ] .\nWe do not assume access to the underlying state s of the MDP, but instead our policy receives a high-dimensional observation x ∈ X in every step, e.g., an image observation. To improve training efficiency, we aim to learn an encoder φ(x) which maps the input observation to a low-dimensional state representation that is input to the policy π(φ(x)). To learn this representation, we assume access to a dataset of past interactions D = {D1, . . . ,DN} collected across T1:N ∈ T tasks, with per-task datasets Di = {xt, at, (rt), ...} of state-action trajectories and optional reward annotation. The set of training tasks does not include the target task Ttarget /∈ T1:N . We assume that the training data contains task information for prior tasks, e.g., in the form of step-wise reward annotations rt or by consisting of task demonstrations. Such task information can often be available at no extra cost, e.g., if the data was collected from prior training runs (Fu et al., 2020; Çaglar Gülçehre et al., 2020) or human teleoperation (Mandlekar et al., 2018; Cabi et al., 2019).\nWe follow Stooke et al. (2021) and test all representation learning approaches in two phases: we first train the representation encoder φ(x) from the offline dataset D, then transfer its parameters to the policy π(φ(x)) and optimize it on the downstream task, either freezing or finetuning the encoder parameters. This allows us to efficiently reuse data collected across prior tasks."
    }, {
      "heading" : "3.1 UNSUPERVISED REPRESENTATION LEARNING",
      "text" : "Unsupervised representation learning approaches aim to learn the low-dimensional representation φ(x), by maximizing lower bounds on the mutual information maxφ I ( x, φ(x) ) .\nGenerative Representation Learning. Maximizes the mutual information via generative modeling, either of the current state (reconstruction) or of future states (prediction). A decoder D(φ(x)) is trained by maximizing a lower bound on the data likelihood p(x) (Kingma and Welling, 2014; Rezende et al., 2014; Denton and Fergus, 2018; Hafner et al., 2019).\nContrastive Representation Learning. Avoids training complex generative models by using contrastive objectives for maximizing the mutual information (Oord et al., 2018; Laskin et al., 2020; Stooke et al., 2021). During training, mini-batches of positive and negative data pairs are assembled, where positive pairs can for example constitute consecutive frames of the same trajectory while negative pairs mix frames across trajectories. The representation is then trained with the InfoNCE objective (Gutmann and Hyvärinen, 2010; Oord et al., 2018), which is a lower bound on I ( x, φ(x) ) ."
    }, {
      "heading" : "4 TASK-INDUCED REPRESENTATION LEARNING",
      "text" : "An alternative class of representation learning approaches uses task information from prior tasks as a filter for which aspects of the environment are interesting, and which others do not need to be\nmodeled. This addresses a fundamental problem of unsupervised representation learning approaches: by maximizing the mutual information between observations and representation they are trained to model every bit of information equally and thus can struggle in visually complex environments with lots of irrelevant details.\nFormally, the state of an environment S can be divided into task-relevant and task-irrelevant or nuisance components S = {Sitask,Sin}. The superscript i indicates that this division is task-dependent, since some components of the state space are relevant for a particular task Ti but irrelevant for others. In visually complex environments, we can assume that |Stask| |S|, i.e., that the task-relevant part of the state space is much smaller than all state information in the input observations (Zhaoping, 2006).\nWhen choosing how much of this input information to model, end-to-end policy learning and unsupervised representation learning, form two ends of a spectrum. End-to-end policy learning only models Sitask for its training task, which is efficient, but only allows transfer from task i to task j if Sjtask ⊆ Sitask, i.e., if the task-relevant components of the target task are a subset of those of the training task. In contrast, unsupervised representation learning models the full S = {Stask,Sn}, which allows for flexible transfer since Sjtask ⊆ S ∀ Tj ∈ T , but training can be inefficient since the learned representation contains many nuisance variables.\nIn this work, we formalize the family of task-induced representation learning (TARP) approaches, which aim to combine the best of both worlds. Similar to end-to-end policy learning, task-induced representation learning approaches use task information to learn compact, task-relevant representations. Yet, by combining the task information from a wide range of prior tasks they learn a representation that combines the task-relevant components of all tasks in the training dataset D: STARP = S1task ∪ · · · ∪ SNtask. Thus, such a representation allows for transfer to a wide range of unseen tasks for which S targettask ⊆ STARP. Yet, the representation filters a large part of the state space which is not relevant for any of the training tasks, allowing sample efficient learning on the target task."
    }, {
      "heading" : "4.1 APPROACHES FOR TASK-INDUCED REPRESENTATION LEARNING",
      "text" : "We compare multiple approaches for task-induced representation learning which can leverage different forms of task supervision. We focus on reward annotations and task demonstrations; but, future work can extend the TARP framework to other forms of task supervision like language commands or human preferences. All instantiations of TARP train a shared encoder network φ(x) with separate task-supervision heads (see Figure 2).\nValue Prediction (TARP-V). We can leverage reward annotations as task supervision, similar to Fu et al. (2021), by estimating the future discounted return of the data collection policy. Intuitively, a representation that allows estimation of the value of a state needs to include all task-relevant aspects of this state. We introduce separate value prediction heads hiv for each task i and train the representation φ(x) by minimizing the error in the predicted discounted return:\nLTARP-V = N∑ i=1 E(xt,rt)∼Di ( hiv(φ(xt))− T∑ t′=t γt ′−trt′ )2 . (1)\nOffline RL (TARP-CQL). Alternatively, we can learn a representation by training a policy to directly maximize the discounted reward of the training tasks. Since we aim to use offline training\nPublished as a conference paper at ICLR 2022\n(a) Distracting Control (c) CARLA(b) ViZDoom\ndata only, we leverage recently proposed methods for offline RL (Levine et al., 2020; Kumar et al., 2020) and introduce separate policy heads hiπ and critics Q\ni for each task. Following Kumar et al. (2020), we train the policy to maximize the entropy-augmented future return:\nLTARP-CQL = − N∑ i=1 Ex∼Di ( Qi(x, hiπ(φ(x))) + αH ( hiπ(φ(x)) )) . (2)\nHere H(·) denotes the entropy of the policy’s output distribution and α is a learned weighting factor (Kumar et al., 2020; Haarnoja et al., 2018b).\nBisimulation (TARP-Bisim). We use a bisimulation objective for reward-induced representation learning (Larsen and Skou, 1991; Ferns et al., 2011). It groups states based on their “behavioral similarity”, measured as their expected future returns under arbitrary action sequences. Specifically, we build on the approach of Zhang et al. (2021) that leverages deep neural networks to estimate the bisimulation distance, and modify it for multi-task learning by adding per-task embedding heads zi = hibisim ( φ(x) ) . The representation learning objective is:\nLTARP-Bisim = N∑ i=1 E (xj ,aj ,rj) (xk,ak,rk) ∼Di ( |zij−zik|−|rj−rk|−γW2 ( P (·|z̄ij,t, aj,t), P (·|z̄ik,t, ak,t) ))2 (3)\nHere P (·|z, a) is a learned latent transition model andW2 refers to the 2-Wasserstein metric which we can compute in closed form for Gaussian transition models. Following Zhang et al. (2021) we use a target encoder updated with the moving average of the encoder’s weights for producing z̄ and we add an auxiliary reward prediction objective with per-task reward predictors r̃ibisim(z).\nImitation Learning (TARP-BC). We can also train task-induced representations from data without reward annotation by directly imitating the data collection policy, thus learning to represent all elements of the state space that were important for the policy’s decision making. We choose behavioral cloning (BC, Pomerleau (1989)) for imitation learning since it is easily applicable especially in the offline setting. We introduce N separate imitation policy heads hiBC and minimize the negative log-likelihood of the training data’s actions:\nLTARP-BC = − N∑ i=1 E(x,a)∼Di ( log hiBC(a|φ(x)) ) (4)"
    }, {
      "heading" : "5 EXPERIMENTS",
      "text" : ""
    }, {
      "heading" : "5.1 EXPERIMENTAL SETUP",
      "text" : "We compare the performance of different representation learning approaches in four visually complex environments (see Figure 3). We will briefly describe each environment; for more details on environment setup and data collection, see appendix, Section A.\nDistracting DMControl. We use the environment of Stone et al. (2021), in which the visual complexity of the standard DMControl “Walker” task (Tassa et al., 2018) is increased by overlaying randomly sampled natural videos from the DAVIS 2017 dataset (Pont-Tuset et al., 2017). We train on data collected from standing, forward and backward walking policies and test on a downstream running task. An efficient representation should focus on modeling the agent while ignoring irrelevant information from the background video.\nViZDoom. A simulator for the ego-shooter game Doom (Wydmuch et al., 2018). We use pretrained models from Dosovitskiy and Koltun (2017) for data collection and vary their objectives to get diverse behaviors such as maximizing the number of collected medi-packs or minimizing the loss of health points. Learned representations should focus on important aspects such as the location of enemies or medi-packs, while ignoring irrelevant details such as the texture of walls or appearance features of medi-packs etc. We test on the full “battle” task from Dosovitskiy and Koltun (2017).\nDistracting MetaWorld. Based on the MetaWorld multi-task robotic manipulation environment (Yu et al., 2020). We increase the visual complexity by overlaying the background with the same natural videos used in the distracting DMControl, but define a much larger set of 15 training and 6 testing tasks, which require manipulation of diverse objects with a Sawyer robot arm. All objects manipulated in the testing tasks are present in at least one of the training tasks. During evaluation, we report the average performance across the six testing tasks and normalize each task’s performance with the score of the best-performing policy.\nAutonomous Driving. We simulate realistic first-person driving scenarios using the CARLA simulator (Dosovitskiy et al., 2017). We collect training data from intersection crossings as well as right and left turns using pre-trained policies and test on a long-range point-to-point driving task that requires navigating an unseen part of the environment. For efficient learning, representations need to model relevant driving information such as position and velocity of other cars, while ignoring irrelevant details such as trees, shadows or the color and make of cars in the scene.\nWe compare the different instantiations of the task-induced representation learning framework from Section 4.1 to common unsupervised representation learning approaches:\n• Reconstruction: We train a beta-VAE (Higgins et al., 2017) or a stochastic video prediction model (“Pred-O”) on the training data and transfers the encoder.\n• Contrastive Learning: We use the contrastive learning objective from Stooke et al. (2021) for pre-training (“ATC”).\nWe also compare to an approach that combines video prediction with reward prediction for pretraining (“Pred-R+O”), similar to Hafner et al. (2019), thus combining elements form unsupervised and task-induced representation learning. Additionally, we report performance of a policy transfer baseline, which pre-trains a policy onD using BC and then finetunes the full policy on the downstream task as an alternative to representation transfer2. For environments that provide a low-dimensional state (DMControl, MetaWorld), we further report results for an oracle baseline.\nAfter pre-training, we transfer the frozen encoder weights to the target task policy, which we train with soft actor-critic (SAC, Haarnoja et al. (2018a)) on continuous control tasks (distracting DMControl, distracting MetaWorld, CARLA), and with PPO (Schulman et al., 2017) on discrete action tasks (ViZDoom).3 For more implementation details and hyperparameters, see Appendix D."
    }, {
      "heading" : "5.2 DOWNSTREAM TASK LEARNING EFFICIENCY",
      "text" : "We report downstream task learning curves for task-induced and unsupervised representation learning methods as well as direct policy transfer in Figure 4. The low performance of the policy transfer baseline (purple) shows that in most tested environments the downstream task requires significantly different behaviors than those observed in the pre-training data, a scenario in which transferring\n2We also tried pre-training policies on each of the individual task datasets D1, . . . ,DN but found the finetuning performance of the policies trained on the full dataset D to be superior.\n3We report results with finetuning of the pre-trained encoder in appendix, Section C, and find no substantial difference to the setting with frozen encoder.\nrepresentations can be beneficial over directly transferring behaviors4. All reconstruction-based approaches (green) struggle with the complexity of the tested scenes, especially the method that attempts to predict the scene dynamics (Pred-O). We find that adding reward prediction to the objective improves performance (red, Pred-O+R). Yet, downstream learning is still slow, since the reconstruction objective leads to task-irrelevant information being modeled in the learned representation. The non-reconstructive contrastive approach ATC (brown) achieves stronger results, particularly in VizDoom which features less visual distractors, but its performance deteriorates substantially in environments with more task-irrelevant details, i.e. distracted DMControl, MetaWorld and CARLA.\nOverall, we find that task-induced representations enable more sample efficient learning. Among the TARP instantiations, we find that TARP-V and TARP-Bisim representations can lead to lower transfer performance, since they rely on the expressiveness of the reward function: if future rewards can be predicted without modeling all task-relevant features, the representations will not capture them. In contrast, TARP-CQL and TARP-BC learn representations via policy learning, which can enable more efficient transfer to downstream policy learning problems. On the distracting DMControl task we find that TARP representations even outperform representations trained with direct supervision through a handcrafted oracle state representation, since they can learn to represent concepts like joint body parts of the walker during pre-training, while the oracle needs to learn these during downstream RL."
    }, {
      "heading" : "5.3 PROBING TASK-INDUCED REPRESENTATIONS",
      "text" : "To better understand TARP’s improved learning efficiency, we visualize what information is captured in the representation in Figure 5: we compare input saliency maps for representations learned with task-induced and unsupervised objectives. Saliency maps visualize the average gradient magnitude for each input pixel with respect to the output φ(x) and thus capture the contribution of each part of the input to the representation. We find that task-induced representations focus on the important aspects of the scene, such as the walker agent in distracting DMControl and other cars in CARLA. In contrast, the unsupervised approaches have high saliency values for scattered parts of the input and often represent task-irrelevant aspects such as changing background videos, buildings and trees, since they cannot differentiate task-relevant and irrelevant information.\nFor quantitative analysis, we train probing networks on top of the learned representations in distracting DMControl. We test whether (1) task-relevant information is modeled by predicting oracle joint states and (2) whether task-irrelevant information is ignored by classifying the ID of the used background video. The more irrelevant background information is captured in the representation, the better the probing network will be at classifying the video. The results show that probing networks trained with task-induced representations more accurately predict the task-relevant state information (Figure 6a) while successfully filtering information about the background video and thus obtaining lower background classification accuracy (Figure 6b).\n4The policy transfer baseline achieves good performance in the distracting DMControl environment since it can reuse behaviors from the walk-forward training task for the target run-forward task."
    }, {
      "heading" : "5.4 TRANSFERRING REPRESENTATIONS FOR IMITATION LEARNING",
      "text" : "We test whether the conclusions from the model-free RL experiments above equally apply when instead performing imitation learning (IL) on the downstream task. We train policies with the pretrained representations from Section 5.2 by Soft-Q Imitation Learning (SQIL, Reddy et al. (2020)) on the distracting DMControl target running task. In Figure 6c we show that task-induced representations also improve downstream performance in visually complex environments for IL and allow for more efficient imitation, since they model only task-relevant information. Again, TARP-BC and TARPCQL lead to the best learning efficiency. This shows that the benefit of modeling task-relevant aspects is not constrained to RL, but the same representations can be used to accelerate IL."
    }, {
      "heading" : "5.5 DATA ANALYSIS EXPERIMENTS",
      "text" : "In the previous sections, we found that task-induced representations can improve learning efficiency over common unsupervised representation learning approaches in visually complex environments. These task-induced representation learning approaches are designed to leverage data from a variety of sources, such as prior training runs or human teleoperation. Thus, analyzing what characteristics of this training data lead to successful transfer is key to their practical use – our goal in this section is to derive a set of best practices when collecting datasets for task-induced representation learning.\nMany tasks vs. lots of data per task. When collecting large datasets there is a trade-off between collecting a lot of data for few tasks vs. collecting less data each for a larger set of tasks. To analyze the effects of this trade-off on TARP, we train TARPBC on data from a varying number of pre-training tasks in distracting MetaWorld. When training on data from fewer tasks, we collect more data on each of these tasks, to ensure that the size of the training datasets is constant across all experiments. The results in Figure 7 show: training on fewer data from a larger number of tasks is beneficial over training on lots of data from few tasks. Intuitively, since downstream tasks can leverage the union of task-relevant components of all training tasks, having a diverse set of tasks is more important for transfer than having lots of data for few tasks.\nMore data vs. optimal data. Another trade-off in data collection exists between the amount of data and its optimality: a method that can learn from sub-optimal trajectory data is able to leverage much larger and more diverse datasets. Since training on diverse data is important for successful transfer (see above) robustness to sub-optimal training data is an important feature of any representation learning approach. We test the robustness of task-induced representation learning approaches by training on sub-optimal trajectory data, collected from only partially trained and completely random policies, in distracting DMControl. The downstream RL performance comparison in Figure 8 shows that TARP approaches can learn strong representations from low-performance trajectory data and even when trained from random data, performance does not decrease compared\nto a SAC baseline trained from scratch. Intuitively, task-induced representation learning does not pre-train a model on “how to act” but merely “what to pay attention to”. We find that TARP-CQL’s performance can even increase slightly with the suboptimal data, which we attribute to its increased state coverage. Thus we conclude that task-induced representation learning is robust to the optimality of the pre-training data and collecting larger, diverse datasets is more important than collecting optimal data.\nMulti-Source Task Supervision. When collecting large datasets, it can be beneficial to pool data from multiple sources, e.g. data obtained from prior training runs or via human teleoperation. In Section 4 we introduced different instantiations of the TARP framework that are able to leverage different forms of task supervision. Here, we test whether we can train a single representation using multiple sources of task supervision simultaneously. In particular, we train “TARP-V+BC” models that assume reward annotations for only some of the tasks in the pre-training dataset and demonstration data for the remaining tasks (for more details on data collection, see Section B). We compare downstream learning efficiency on distracting DMControl and CARLA in Figure 10 We find that the combined-source model trained from the heterogeneous dataset achieves comparable or superior performance to all single-source models, showing that practitioners should collect diverse datasets, even if they have heterogeneous sources of task-supervision."
    }, {
      "heading" : "6 CONCLUSION",
      "text" : "In this work, we investigate the effectiveness of representation learning approaches for transfer in visually complex scenes. We define the family of task-induced representation learning approaches, that leverage task-information from prior tasks to only model task-relevant aspects of a scene while ignoring distractors. We compare task-induced representations to common unsupervised representation learning approaches across four visually complex environments with substantial distractors and find that they lead to improved sample efficiency on downstream tasks compared to unsupervised approaches. Future work should investigate approaches for incorporating other sources of task information such as language commands to learn task-induced representation."
    }, {
      "heading" : "7 REPRODUCIBILITY STATEMENT",
      "text" : "We provide a detailed description of all used environments, the procedures for offline dataset collection, and descriptions of the downstream evaluation tasks in appendix, Section A. Furthermore, in appendix, Section D we list all hyperparameters used for the pre-training phase (i.e. task-induced and unsupervised representation learning) as well as for training of the RL policies. We opensource our codebase with example commands to reproduce our results on the project website: clvrai.com/tarp."
    }, {
      "heading" : "8 ACKNOWLEDGEMENT",
      "text" : "We thank our colleagues from the CLVR lab at USC for the valuable discussions that considerably helped to shape this work."
    }, {
      "heading" : "A ENVIRONMENTS",
      "text" : "A.1 DISTRACTING DMCONTROL\nFollowing Stone et al. (2021), we increase the visual complexity of the DMControl “walker” task (Tassa et al., 2018) by overlaying randomly sampled videos from the DAVIS 2017 dataset (PontTuset et al., 2017) in the background. In our experiments we use expert policies to collect offline datasets for the pre-training tasks of standing, forward walking, and backward walking respectively. To collect these datasets, we pre-train polices with SAC(Haarnoja et al., 2018a) in the state space and collect rollouts of the visual observation. We test our representation on the downstream task of “running”.\nRewards: We use reward functions provided by DMControl “walker” task (Tassa et al., 2018). For the backward walking task, we invert the sign of the walking speed in the “forward” task defined in DMControl, so that the agent gets higher reward when it moves backwards instead of forwards.\nA.2 VIZDOOM\nOur experiments use the “D3 battle”environment provided by Wydmuch et al. (2018) where the agent’s objective is to defend against enemies while collecting medi-packs and ammunition. For collection of the pre-training task dataset, we use the pre-trained models provided by Dosovitskiy and Koltun (2017) and vary the reward weighting parameters (described below) to produce a diverse set of behaviors.\nRewards: A reward function is defined by a linear combination of three measurements (ammunition, health, and frags) with their corresponding coefficients.\nRViZDoom = cammo · xammt − xammt−1\n7.5 + chealth · xhealtht − xhealtht−1 30.0 + cfrags · xfragst − x frags t−1 1.0 .\n(5)\nwhere xammt is a measurement of ammunition, x health t is the health of the agent, and x frags t is the number of frags at timestep t. The set of coefficients for ammunition, health and frags are represented as (cammo, chealth, cfrags). We use the coefficients of (0, 0, 1), (0, 1, 0), and (1, 1,−1) for collecting the pre-training data, and (0.5, 0.5, 1.0) for the target task.\nA.3 DISTRACTING METAWORLD\nWe increase the visual complexity of MetaWorld environment (Yu et al., 2020) by overlaying randomly sampled videos from the DAVIS 2017 dataset (Pont-Tuset et al., 2017), similar to Stone et al. (2021). For data collection, we pre-train polices with SAC(Haarnoja et al., 2018a) using low-dimensional state information and collect rollouts of the visual observations. All objects manipulated in the downstream tasks are present in at least one of the training tasks. We define 15 tasks for data collection:\nbutton press button press topdown button press topdown wall plate slide plate slide back plate slide side handle pull handle pull side handle press door open door lock coffee button coffee push push push back\nWe evaluated transfer performance on 6 downstream tasks:\nbutton press wall plate slide back side handle press side door unlock coffee pull push wall\nWe report the average performance across the six downstream tasks and normalize each task’s performance with the episode reward of the best-performing policy. Furthermore, we show the performance of each downstream task in Figure 9.\nRewards: We use reward functions provided by Metaworld (Yu et al., 2020).\nA.4 CARLA\nWe use the map of “Town05” from the CARLA environment (Dosovitskiy et al., 2017) for our experiments. At the beginning of each episode, we randomly spawn 300 vehicles and 200 pedestrians. The initial location of the agent is randomly sampled from a task set containing multiple start and goal locations. We collect pre-training datasets for the tasks of intersection crossing, taking a right turn, and taking a left turn using pre-trained policies. Then, we test on a long-range curvy road point-to-point driving task that requires navigating an unseen part of the environment. We pre-train the policies with SAC (Haarnoja et al., 2018a) using segmentation masks of the environment as the input, and then use the learnt policies to collect rollouts of visual observations for the datasets.\nRewards: We modify a reward function used in Vergara (2019) for all of the tasks. The reward function consists of terms for speed, centering on a road, angle of the agent, and collision.\nRspeed = v\nvmin · 1v≤vmin + (1.0− v − vtarget vmax − vtarget ) · 1v≥vmax + 1.0 · 1vmin≤v≤vmax .\nRcentering = max(1.0− dcenter dmax , 0).\nRangle = max(1.0− | r\n(rmax · π180 ) |, 0).\nRCARLA = Rspeed +Rcentering +Rangle − 10−4 · collision_intensity.\n(6)\nwhere v is velocity of the agent, dcenter is distance between the center of the road and the agent, r is angle of the agent. We use constant values of vmin = 15.0, vmax = 30.0, vtarget = 25.0, dmax = 3, and rmax = 20."
    }, {
      "heading" : "B DATA COLLECTION FOR MULTI-SOURCE TASK SUPERVISION",
      "text" : "We detail the composition of the pre-training dataset for the experiment in which we train TARP from heterogeneous data sources. For the distracting DMControl environment, the dataset is composed of demonstrations for the “forward walking“ and “backward walking“ tasks, and a dataset with reward annotations for the “stand“ task. For the CARLA environment, the task-induced representations are trained on a dataset composed of demonstrations for the “intersection crossing” task, and data annotated with rewards for the “right turn” and “left turn” tasks. For both environments, the datasets are collected with the procedures described in appendix, Section A."
    }, {
      "heading" : "C FINETUNING LEARNED REPRESENTATIONS",
      "text" : "In our experimental evaluation in Section 5 we held the parameters of the pre-trained encoder fixed to cleanly evaluate the quality of the pre-trained representation. However, in practice pre-trained representations are often finetuned on the target task using target task rewards. Prior work on representation learning found mixed results when finetuning the pre-trained representations (Yang and Nachum, 2021). Thus, in this section we experimentally compare the different representation learning approaches on the Distracting DMControl, ViZDoom, and CARLA environment while finetuning the learned representations on the target task. As illustrated in Figure 11(a), we find that task-induced representations show improved sample efficiency and better performance even in the fine-tuning setting, analogous to the results in Section 5.2.\nPublished as a conference paper at ICLR 2022\nScratch\nTARP-V TARP-CQL TARP-BC Task-Induced Representation TARP-Bisim\n(a) Finetuning learned representations (b) Performance of downstream walk task\nPred-O VAE Reconstruction\nATC Contrastive Pred-R+O Reconstruction+Task-Induced"
    }, {
      "heading" : "D HYPERPARAMETERS",
      "text" : "D.1 HYPERPARAMETERS FOR RL\nD.2 HYPERPARAMETERS FOR PRE-TRAINING\nIn TARP-BC, we use recurrent neural networks to predict a sequence of actions over prediction horizon T to learn task-induced representations only in CARLA (see Table 7)."
    } ],
    "references" : [ {
      "title" : "Scaling data-driven robotics with reward sketching and batch reinforcement learning",
      "author" : [ "Serkan Cabi", "Sergio Gomez Colmenarejo", "Alexander Novikov", "Ksenia Konyushkova", "Scott Reed", "Rae Jeong", "Konrad Zolna", "Yusuf Aytar", "David Budden", "Mel Vecerik", "Oleg Sushkov", "David Barker", "Jonathan Scholz", "Misha Denil", "Nando de Freitas", "Ziyu Wang" ],
      "venue" : null,
      "citeRegEx" : "Cabi et al\\.,? \\Q2019\\E",
      "shortCiteRegEx" : "Cabi et al\\.",
      "year" : 2019
    }, {
      "title" : "A simple framework for contrastive learning of visual representations",
      "author" : [ "Ting Chen", "Simon Kornblith", "Mohammad Norouzi", "Geoffrey Hinton" ],
      "venue" : "In International conference on machine learning,",
      "citeRegEx" : "Chen et al\\.,? \\Q2020\\E",
      "shortCiteRegEx" : "Chen et al\\.",
      "year" : 2020
    }, {
      "title" : "Stochastic video generation with a learned prior",
      "author" : [ "E. Denton", "R. Fergus" ],
      "venue" : "In ICML,",
      "citeRegEx" : "Denton and Fergus.,? \\Q2018\\E",
      "shortCiteRegEx" : "Denton and Fergus.",
      "year" : 2018
    }, {
      "title" : "Learning to act by predicting the future",
      "author" : [ "Alexey Dosovitskiy", "Vladlen Koltun" ],
      "venue" : null,
      "citeRegEx" : "Dosovitskiy and Koltun.,? \\Q2017\\E",
      "shortCiteRegEx" : "Dosovitskiy and Koltun.",
      "year" : 2017
    }, {
      "title" : "CARLA: An open urban driving simulator",
      "author" : [ "Alexey Dosovitskiy", "German Ros", "Felipe Codevilla", "Antonio Lopez", "Vladlen Koltun" ],
      "venue" : "In Proceedings of the 1st Annual Conference on Robot Learning,",
      "citeRegEx" : "Dosovitskiy et al\\.,? \\Q2017\\E",
      "shortCiteRegEx" : "Dosovitskiy et al\\.",
      "year" : 2017
    }, {
      "title" : "Bisimulation metrics for continuous markov decision processes",
      "author" : [ "Norm Ferns", "Prakash Panangaden", "Doina Precup" ],
      "venue" : "SIAM Journal on Computing,",
      "citeRegEx" : "Ferns et al\\.,? \\Q2011\\E",
      "shortCiteRegEx" : "Ferns et al\\.",
      "year" : 2011
    }, {
      "title" : "Deep spatial autoencoders for visuomotor learning",
      "author" : [ "Chelsea Finn", "Xin Yu Tan", "Yan Duan", "Trevor Darrell", "Sergey Levine", "Pieter Abbeel" ],
      "venue" : "In Proceedings of IEEE International Conference on Robotics and Automation,",
      "citeRegEx" : "Finn et al\\.,? \\Q2016\\E",
      "shortCiteRegEx" : "Finn et al\\.",
      "year" : 2016
    }, {
      "title" : "D4rl: Datasets for deep data-driven reinforcement learning",
      "author" : [ "Justin Fu", "Aviral Kumar", "Ofir Nachum", "George Tucker", "Sergey Levine" ],
      "venue" : "arXiv preprint arXiv:2004.07219,",
      "citeRegEx" : "Fu et al\\.,? \\Q2020\\E",
      "shortCiteRegEx" : "Fu et al\\.",
      "year" : 2020
    }, {
      "title" : "Learning task informed abstractions",
      "author" : [ "Xiang Fu", "Ge Yang", "Pulkit Agrawal", "Tommi Jaakkola" ],
      "venue" : "In Proceedings of the 38th International Conference on Machine Learning, Proceedings of Machine Learning Research. PMLR,",
      "citeRegEx" : "Fu et al\\.,? \\Q2021\\E",
      "shortCiteRegEx" : "Fu et al\\.",
      "year" : 2021
    }, {
      "title" : "Noise-contrastive estimation: A new estimation principle for unnormalized statistical models",
      "author" : [ "Michael Gutmann", "Aapo Hyvärinen" ],
      "venue" : "In Proceedings of the Thirteenth International Conference on Artificial Intelligence and Statistics,",
      "citeRegEx" : "Gutmann and Hyvärinen.,? \\Q2010\\E",
      "shortCiteRegEx" : "Gutmann and Hyvärinen.",
      "year" : 2010
    }, {
      "title" : "Soft actor-critic: Off-policy maximum entropy deep reinforcement learning with a stochastic actor",
      "author" : [ "Tuomas Haarnoja", "Aurick Zhou", "Pieter Abbeel", "Sergey Levine" ],
      "venue" : null,
      "citeRegEx" : "Haarnoja et al\\.,? \\Q2018\\E",
      "shortCiteRegEx" : "Haarnoja et al\\.",
      "year" : 2018
    }, {
      "title" : "Soft actor-critic algorithms and applications",
      "author" : [ "Tuomas Haarnoja", "Aurick Zhou", "Kristian Hartikainen", "George Tucker", "Sehoon Ha", "Jie Tan", "Vikash Kumar", "Henry Zhu", "Abhishek Gupta", "Pieter Abbeel" ],
      "venue" : "arXiv preprint arXiv:1812.05905,",
      "citeRegEx" : "Haarnoja et al\\.,? \\Q2018\\E",
      "shortCiteRegEx" : "Haarnoja et al\\.",
      "year" : 2018
    }, {
      "title" : "Learning latent dynamics for planning from pixels",
      "author" : [ "Danijar Hafner", "Timothy Lillicrap", "Ian Fischer", "Ruben Villegas", "David Ha", "Honglak Lee", "James Davidson" ],
      "venue" : null,
      "citeRegEx" : "Hafner et al\\.,? \\Q2019\\E",
      "shortCiteRegEx" : "Hafner et al\\.",
      "year" : 2019
    }, {
      "title" : "beta-VAE: Learning basic visual concepts with a constrained variational framework",
      "author" : [ "Irina Higgins", "Loic Matthey", "Arka Pal", "Christopher Burgess", "Xavier Glorot", "Matthew Botvinick", "Shakir Mohamed", "Alexander Lerchner" ],
      "venue" : "In ICLR,",
      "citeRegEx" : "Higgins et al\\.,? \\Q2017\\E",
      "shortCiteRegEx" : "Higgins et al\\.",
      "year" : 2017
    }, {
      "title" : "Qt-opt: Scalable deep reinforcement learning for vision-based robotic manipulation",
      "author" : [ "Dmitry Kalashnikov", "Alex Irpan", "Peter Pastor", "Julian Ibarz", "Alexander Herzog", "Eric Jang", "Deirdre Quillen", "Ethan Holly", "Mrinal Kalakrishnan", "Vincent Vanhoucke" ],
      "venue" : "In Conference on Robot Learning,",
      "citeRegEx" : "Kalashnikov et al\\.,? \\Q2018\\E",
      "shortCiteRegEx" : "Kalashnikov et al\\.",
      "year" : 2018
    }, {
      "title" : "Auto-encoding variational Bayes",
      "author" : [ "Diederik P Kingma", "Max Welling" ],
      "venue" : "In ICLR,",
      "citeRegEx" : "Kingma and Welling.,? \\Q2014\\E",
      "shortCiteRegEx" : "Kingma and Welling.",
      "year" : 2014
    }, {
      "title" : "Conservative q-learning for offline reinforcement learning",
      "author" : [ "Aviral Kumar", "Aurick Zhou", "George Tucker", "Sergey Levine" ],
      "venue" : "NeurIPS,",
      "citeRegEx" : "Kumar et al\\.,? \\Q2020\\E",
      "shortCiteRegEx" : "Kumar et al\\.",
      "year" : 2020
    }, {
      "title" : "Deep auto-encoder neural networks in reinforcement learning",
      "author" : [ "Sascha Lange", "Martin Riedmiller" ],
      "venue" : "In The 2010 International Joint Conference on Neural Networks (IJCNN),",
      "citeRegEx" : "Lange and Riedmiller.,? \\Q2010\\E",
      "shortCiteRegEx" : "Lange and Riedmiller.",
      "year" : 2010
    }, {
      "title" : "Bisimulation through probabilistic testing",
      "author" : [ "Kim G Larsen", "Arne Skou" ],
      "venue" : "Information and computation,",
      "citeRegEx" : "Larsen and Skou.,? \\Q1991\\E",
      "shortCiteRegEx" : "Larsen and Skou.",
      "year" : 1991
    }, {
      "title" : "Curl: Contrastive unsupervised representations for reinforcement learning",
      "author" : [ "Michael Laskin", "Aravind Srinivas", "Pieter Abbeel" ],
      "venue" : "In International Conference on Machine Learning,",
      "citeRegEx" : "Laskin et al\\.,? \\Q2020\\E",
      "shortCiteRegEx" : "Laskin et al\\.",
      "year" : 2020
    }, {
      "title" : "Reinforcement learning with augmented data",
      "author" : [ "Michael Laskin", "Kimin Lee", "Adam Stooke", "Lerrel Pinto", "Pieter Abbeel", "Aravind Srinivas" ],
      "venue" : "In Proceedings of Neural Information Processing Systems (NeurIPS),",
      "citeRegEx" : "Laskin et al\\.,? \\Q2021\\E",
      "shortCiteRegEx" : "Laskin et al\\.",
      "year" : 2021
    }, {
      "title" : "Stochastic latent actor-critic: Deep reinforcement learning with a latent variable model",
      "author" : [ "Alex X Lee", "Anusha Nagabandi", "Pieter Abbeel", "Sergey Levine" ],
      "venue" : "NeurIPS,",
      "citeRegEx" : "Lee et al\\.,? \\Q2020\\E",
      "shortCiteRegEx" : "Lee et al\\.",
      "year" : 2020
    }, {
      "title" : "End-to-end training of deep visuomotor policies",
      "author" : [ "Sergey Levine", "Chelsea Finn", "Trevor Darrell", "Pieter Abbeel" ],
      "venue" : "The Journal of Machine Learning Research,",
      "citeRegEx" : "Levine et al\\.,? \\Q2016\\E",
      "shortCiteRegEx" : "Levine et al\\.",
      "year" : 2016
    }, {
      "title" : "Offline reinforcement learning: Tutorial, review, and perspectives on open problems",
      "author" : [ "Sergey Levine", "Aviral Kumar", "George Tucker", "Justin Fu" ],
      "venue" : "arXiv preprint arXiv:2005.01643,",
      "citeRegEx" : "Levine et al\\.,? \\Q2020\\E",
      "shortCiteRegEx" : "Levine et al\\.",
      "year" : 2020
    }, {
      "title" : "Roboturk: A crowdsourcing platform for robotic skill learning through imitation",
      "author" : [ "Ajay Mandlekar", "Yuke Zhu", "Animesh Garg", "Jonathan Booher", "Max Spero", "Albert Tung", "Julian Gao", "John Emmons", "Anchit Gupta", "Emre Orbay", "Silvio Savarese", "Li Fei-Fei" ],
      "venue" : "CoRL,",
      "citeRegEx" : "Mandlekar et al\\.,? \\Q2018\\E",
      "shortCiteRegEx" : "Mandlekar et al\\.",
      "year" : 2018
    }, {
      "title" : "Human-level control through deep reinforcement learning",
      "author" : [ "Volodymyr Mnih", "Koray Kavukcuoglu", "David Silver", "Andrei A. Rusu", "Joel Veness", "Marc G. Bellemare", "Alex Graves", "Martin Riedmiller", "Andreas K. Fidjeland", "Georg Ostrovski", "Stig Petersen", "Charles Beattie", "Amir Sadik", "Ioannis Antonoglou", "Helen King", "Dharshan Kumaran", "Daan Wierstra", "Shane Legg", "Demis Hassabis" ],
      "venue" : "Nature, 518:529–533,",
      "citeRegEx" : "Mnih et al\\.,? \\Q2015\\E",
      "shortCiteRegEx" : "Mnih et al\\.",
      "year" : 2015
    }, {
      "title" : "Representation learning with contrastive predictive coding",
      "author" : [ "Aaron van den Oord", "Yazhe Li", "Oriol Vinyals" ],
      "venue" : "arXiv preprint arXiv:1807.03748,",
      "citeRegEx" : "Oord et al\\.,? \\Q2018\\E",
      "shortCiteRegEx" : "Oord et al\\.",
      "year" : 2018
    }, {
      "title" : "Alvinn: An autonomous land vehicle in a neural network",
      "author" : [ "Dean A Pomerleau" ],
      "venue" : "In Proceedings of Neural Information Processing Systems (NeurIPS),",
      "citeRegEx" : "Pomerleau.,? \\Q1989\\E",
      "shortCiteRegEx" : "Pomerleau.",
      "year" : 1989
    }, {
      "title" : "The 2017 davis challenge on video object segmentation",
      "author" : [ "Jordi Pont-Tuset", "Federico Perazzi", "Sergi Caelles", "Pablo Arbeláez", "Alex Sorkine-Hornung", "Luc Van Gool" ],
      "venue" : "arXiv preprint arXiv:1704.00675,",
      "citeRegEx" : "Pont.Tuset et al\\.,? \\Q2017\\E",
      "shortCiteRegEx" : "Pont.Tuset et al\\.",
      "year" : 2017
    }, {
      "title" : "SQIL}: Imitation learning via reinforcement learning with sparse rewards",
      "author" : [ "Siddharth Reddy", "Anca D. Dragan", "Sergey Levine" ],
      "venue" : "In International Conference on Learning Representations,",
      "citeRegEx" : "Reddy et al\\.,? \\Q2020\\E",
      "shortCiteRegEx" : "Reddy et al\\.",
      "year" : 2020
    }, {
      "title" : "Stochastic backpropagation and approximate inference in deep generative models",
      "author" : [ "Danilo Jimenez Rezende", "Shakir Mohamed", "Daan Wierstra" ],
      "venue" : "In ICML,",
      "citeRegEx" : "Rezende et al\\.,? \\Q2014\\E",
      "shortCiteRegEx" : "Rezende et al\\.",
      "year" : 2014
    }, {
      "title" : "Proximal policy optimization algorithms",
      "author" : [ "John Schulman", "Filip Wolski", "Prafulla Dhariwal", "Alec Radford", "Oleg Klimov" ],
      "venue" : "arXiv preprint arXiv:1707.06347,",
      "citeRegEx" : "Schulman et al\\.,? \\Q2017\\E",
      "shortCiteRegEx" : "Schulman et al\\.",
      "year" : 2017
    }, {
      "title" : "The distracting control suite – a challenging benchmark for reinforcement learning from pixels",
      "author" : [ "Austin Stone", "Oscar Ramirez", "Kurt Konolige", "Rico Jonschkowski" ],
      "venue" : "arXiv preprint arXiv:2101.02722,",
      "citeRegEx" : "Stone et al\\.,? \\Q2021\\E",
      "shortCiteRegEx" : "Stone et al\\.",
      "year" : 2021
    }, {
      "title" : "Decoupling representation learning from reinforcement learning",
      "author" : [ "Adam Stooke", "Kimin Lee", "Pieter Abbeel", "Michael Laskin" ],
      "venue" : null,
      "citeRegEx" : "Stooke et al\\.,? \\Q2021\\E",
      "shortCiteRegEx" : "Stooke et al\\.",
      "year" : 2021
    }, {
      "title" : "Accelerating training of deep reinforcement learning-based autonomous driving agents through comparative study of agent and environment",
      "author" : [ "Marcus Loo Vergara" ],
      "venue" : "URL https://ntnuopen.ntnu.no/ntnu-xmlui/handle/11250/2625841",
      "citeRegEx" : "Vergara.,? \\Q2019\\E",
      "shortCiteRegEx" : "Vergara.",
      "year" : 2019
    }, {
      "title" : "Vizdoom competitions: Playing doom from pixels",
      "author" : [ "Marek Wydmuch", "Michał Kempka", "Wojciech Jaśkowski" ],
      "venue" : "IEEE Transactions on Games,",
      "citeRegEx" : "Wydmuch et al\\.,? \\Q2018\\E",
      "shortCiteRegEx" : "Wydmuch et al\\.",
      "year" : 2018
    }, {
      "title" : "Representation matters: Offline pretraining for sequential decision making",
      "author" : [ "Mengjiao Yang", "Ofir Nachum" ],
      "venue" : "arXiv preprint arXiv:2102.05815,",
      "citeRegEx" : "Yang and Nachum.,? \\Q2021\\E",
      "shortCiteRegEx" : "Yang and Nachum.",
      "year" : 2021
    }, {
      "title" : "Image augmentation is all you need: Regularizing deep reinforcement learning from pixels",
      "author" : [ "Denis Yarats", "Ilya Kostrikov", "Rob Fergus" ],
      "venue" : "In ICLR,",
      "citeRegEx" : "Yarats et al\\.,? \\Q2021\\E",
      "shortCiteRegEx" : "Yarats et al\\.",
      "year" : 2021
    }, {
      "title" : "Meta-world: A benchmark and evaluation for multi-task and meta reinforcement learning",
      "author" : [ "Tianhe Yu", "Deirdre Quillen", "Zhanpeng He", "Ryan Julian", "Karol Hausman", "Chelsea Finn", "Sergey Levine" ],
      "venue" : "In Conference on Robot Learning (CoRL),",
      "citeRegEx" : "Yu et al\\.,? \\Q2020\\E",
      "shortCiteRegEx" : "Yu et al\\.",
      "year" : 2020
    }, {
      "title" : "A framework for efficient robotic manipulation",
      "author" : [ "Albert Zhan", "Ruihan Zhao", "Lerrel Pinto", "Pieter Abbeel", "Michael Laskin" ],
      "venue" : "arXiv preprint arXiv:2012.07975,",
      "citeRegEx" : "Zhan et al\\.,? \\Q2020\\E",
      "shortCiteRegEx" : "Zhan et al\\.",
      "year" : 2020
    }, {
      "title" : "Learning invariant representations for reinforcement learning without reconstruction",
      "author" : [ "Amy Zhang", "Rowan McAllister", "Roberto Calandra", "Yarin Gal", "Sergey Levine" ],
      "venue" : null,
      "citeRegEx" : "Zhang et al\\.,? \\Q2021\\E",
      "shortCiteRegEx" : "Zhang et al\\.",
      "year" : 2021
    }, {
      "title" : "Theoretical understanding of the early visual processes by data compression and data selection",
      "author" : [ "Li Zhaoping" ],
      "venue" : "Network: Computation in Neural Systems,",
      "citeRegEx" : "Zhaoping.,? \\Q2006\\E",
      "shortCiteRegEx" : "Zhaoping.",
      "year" : 2006
    }, {
      "title" : "Rl unplugged: A suite of benchmarks for offline reinforcement learning",
      "author" : [ "Çaglar Gülçehre", "Ziyu Wang", "Alexander Novikov", "Thomas Paine", "Sergio Gómez Colmenarejo", "Konrad Zolna", "Rishabh Agarwal", "Josh Merel", "Daniel J. Mankowitz", "Cosmin Paduraru", "Gabriel Dulac-Arnold", "Jerry Li", "Mohammad Norouzi", "Matthew Hoffman", "Nicolas Heess", "Nando de Freitas" ],
      "venue" : "NeurIPS,",
      "citeRegEx" : "Gülçehre et al\\.,? \\Q2020\\E",
      "shortCiteRegEx" : "Gülçehre et al\\.",
      "year" : 2020
    }, {
      "title" : "In our experiments we use expert policies to collect offline datasets for the pre-training tasks of standing, forward walking, and backward walking respectively. To collect these datasets, we pre-train polices with SAC(Haarnoja et al., 2018a) in the state space and collect rollouts of the visual observation. We test our representation on the downstream task of “running",
      "author" : [ "Tuset" ],
      "venue" : null,
      "citeRegEx" : "Tuset,? \\Q2018\\E",
      "shortCiteRegEx" : "Tuset",
      "year" : 2018
    } ],
    "referenceMentions" : [ {
      "referenceID" : 25,
      "context" : "Deep reinforcement learning (RL) has enabled the learning of such representations via end-to-end policy training (Mnih et al., 2015; Levine et al., 2016).",
      "startOffset" : 113,
      "endOffset" : 153
    }, {
      "referenceID" : 22,
      "context" : "Deep reinforcement learning (RL) has enabled the learning of such representations via end-to-end policy training (Mnih et al., 2015; Levine et al., 2016).",
      "startOffset" : 113,
      "endOffset" : 153
    }, {
      "referenceID" : 17,
      "context" : "Instead, unsupervised objectives for representation learning (Lange and Riedmiller, 2010; Finn et al., 2016; Hafner et al., 2019; Oord et al., 2018; Chen et al., 2020) directly maximize lower bounds on the mutual information between the sensory inputs and the learned representation.",
      "startOffset" : 61,
      "endOffset" : 167
    }, {
      "referenceID" : 6,
      "context" : "Instead, unsupervised objectives for representation learning (Lange and Riedmiller, 2010; Finn et al., 2016; Hafner et al., 2019; Oord et al., 2018; Chen et al., 2020) directly maximize lower bounds on the mutual information between the sensory inputs and the learned representation.",
      "startOffset" : 61,
      "endOffset" : 167
    }, {
      "referenceID" : 12,
      "context" : "Instead, unsupervised objectives for representation learning (Lange and Riedmiller, 2010; Finn et al., 2016; Hafner et al., 2019; Oord et al., 2018; Chen et al., 2020) directly maximize lower bounds on the mutual information between the sensory inputs and the learned representation.",
      "startOffset" : 61,
      "endOffset" : 167
    }, {
      "referenceID" : 26,
      "context" : "Instead, unsupervised objectives for representation learning (Lange and Riedmiller, 2010; Finn et al., 2016; Hafner et al., 2019; Oord et al., 2018; Chen et al., 2020) directly maximize lower bounds on the mutual information between the sensory inputs and the learned representation.",
      "startOffset" : 61,
      "endOffset" : 167
    }, {
      "referenceID" : 1,
      "context" : "Instead, unsupervised objectives for representation learning (Lange and Riedmiller, 2010; Finn et al., 2016; Hafner et al., 2019; Oord et al., 2018; Chen et al., 2020) directly maximize lower bounds on the mutual information between the sensory inputs and the learned representation.",
      "startOffset" : 61,
      "endOffset" : 167
    }, {
      "referenceID" : 19,
      "context" : "Empirically, such unsupervised objectives can accelerate the training of deep RL agents substantially (Laskin et al., 2020; Stooke et al., 2021; Yang and Nachum, 2021).",
      "startOffset" : 102,
      "endOffset" : 167
    }, {
      "referenceID" : 33,
      "context" : "Empirically, such unsupervised objectives can accelerate the training of deep RL agents substantially (Laskin et al., 2020; Stooke et al., 2021; Yang and Nachum, 2021).",
      "startOffset" : 102,
      "endOffset" : 167
    }, {
      "referenceID" : 36,
      "context" : "Empirically, such unsupervised objectives can accelerate the training of deep RL agents substantially (Laskin et al., 2020; Stooke et al., 2021; Yang and Nachum, 2021).",
      "startOffset" : 102,
      "endOffset" : 167
    }, {
      "referenceID" : 6,
      "context" : "However, prior works have evaluated such representation learning approaches in clean laboratory or simulated settings (Finn et al., 2016; Lee et al., 2020; Laskin et al., 2020) where most of the perceived information is important for the task at hand.",
      "startOffset" : 118,
      "endOffset" : 176
    }, {
      "referenceID" : 21,
      "context" : "However, prior works have evaluated such representation learning approaches in clean laboratory or simulated settings (Finn et al., 2016; Lee et al., 2020; Laskin et al., 2020) where most of the perceived information is important for the task at hand.",
      "startOffset" : 118,
      "endOffset" : 176
    }, {
      "referenceID" : 19,
      "context" : "However, prior works have evaluated such representation learning approaches in clean laboratory or simulated settings (Finn et al., 2016; Lee et al., 2020; Laskin et al., 2020) where most of the perceived information is important for the task at hand.",
      "startOffset" : 118,
      "endOffset" : 176
    }, {
      "referenceID" : 32,
      "context" : "We perform experiments in four visually complex environments, ranging from scenes with distracting background videos in the Distracting DMControl bench (Stone et al., 2021) to realistic distractors such as clouds, weather and urban scenery in the CARLA driving simulator (Dosovitskiy et al.",
      "startOffset" : 152,
      "endOffset" : 172
    }, {
      "referenceID" : 4,
      "context" : ", 2021) to realistic distractors such as clouds, weather and urban scenery in the CARLA driving simulator (Dosovitskiy et al., 2017).",
      "startOffset" : 106,
      "endOffset" : 132
    }, {
      "referenceID" : 25,
      "context" : "Deep RL can train “end-to-end” policies that directly map raw visual inputs to action commands (Mnih et al., 2015; Kalashnikov et al., 2018).",
      "startOffset" : 95,
      "endOffset" : 140
    }, {
      "referenceID" : 14,
      "context" : "Deep RL can train “end-to-end” policies that directly map raw visual inputs to action commands (Mnih et al., 2015; Kalashnikov et al., 2018).",
      "startOffset" : 95,
      "endOffset" : 140
    }, {
      "referenceID" : 37,
      "context" : "To improve data efficiency in deep RL from highdimensional observations, a number of recent works have explored using data augmentation (Yarats et al., 2021; Laskin et al., 2021) and unsupervised representation learning techniques during RL training.",
      "startOffset" : 136,
      "endOffset" : 178
    }, {
      "referenceID" : 20,
      "context" : "To improve data efficiency in deep RL from highdimensional observations, a number of recent works have explored using data augmentation (Yarats et al., 2021; Laskin et al., 2021) and unsupervised representation learning techniques during RL training.",
      "startOffset" : 136,
      "endOffset" : 178
    }, {
      "referenceID" : 17,
      "context" : "The latter can be categorized into (1) reconstruction (Lange and Riedmiller, 2010; Finn et al., 2016), (2) prediction (Hafner et al.",
      "startOffset" : 54,
      "endOffset" : 101
    }, {
      "referenceID" : 6,
      "context" : "The latter can be categorized into (1) reconstruction (Lange and Riedmiller, 2010; Finn et al., 2016), (2) prediction (Hafner et al.",
      "startOffset" : 54,
      "endOffset" : 101
    }, {
      "referenceID" : 12,
      "context" : ", 2016), (2) prediction (Hafner et al., 2019; Lee et al., 2020), and (3) contrastive learning (Laskin et al.",
      "startOffset" : 24,
      "endOffset" : 63
    }, {
      "referenceID" : 21,
      "context" : ", 2016), (2) prediction (Hafner et al., 2019; Lee et al., 2020), and (3) contrastive learning (Laskin et al.",
      "startOffset" : 24,
      "endOffset" : 63
    }, {
      "referenceID" : 19,
      "context" : ", 2020), and (3) contrastive learning (Laskin et al., 2020; Stooke et al., 2021; Zhan et al., 2020; Yang and Nachum, 2021) approaches.",
      "startOffset" : 38,
      "endOffset" : 122
    }, {
      "referenceID" : 33,
      "context" : ", 2020), and (3) contrastive learning (Laskin et al., 2020; Stooke et al., 2021; Zhan et al., 2020; Yang and Nachum, 2021) approaches.",
      "startOffset" : 38,
      "endOffset" : 122
    }, {
      "referenceID" : 39,
      "context" : ", 2020), and (3) contrastive learning (Laskin et al., 2020; Stooke et al., 2021; Zhan et al., 2020; Yang and Nachum, 2021) approaches.",
      "startOffset" : 38,
      "endOffset" : 122
    }, {
      "referenceID" : 36,
      "context" : ", 2020), and (3) contrastive learning (Laskin et al., 2020; Stooke et al., 2021; Zhan et al., 2020; Yang and Nachum, 2021) approaches.",
      "startOffset" : 38,
      "endOffset" : 122
    }, {
      "referenceID" : 7,
      "context" : "Closest to our work is the work of Yang and Nachum (2021), which evaluates unsupervised and taskinduced representation learning objectives for pre-training in multiple environments from the D4RL benchmark (Fu et al., 2020).",
      "startOffset" : 205,
      "endOffset" : 222
    }, {
      "referenceID" : 7,
      "context" : ", if the data was collected from prior training runs (Fu et al., 2020; Çaglar Gülçehre et al., 2020) or human teleoperation (Mandlekar et al.",
      "startOffset" : 53,
      "endOffset" : 100
    }, {
      "referenceID" : 15,
      "context" : "A decoder D(φ(x)) is trained by maximizing a lower bound on the data likelihood p(x) (Kingma and Welling, 2014; Rezende et al., 2014; Denton and Fergus, 2018; Hafner et al., 2019).",
      "startOffset" : 85,
      "endOffset" : 179
    }, {
      "referenceID" : 30,
      "context" : "A decoder D(φ(x)) is trained by maximizing a lower bound on the data likelihood p(x) (Kingma and Welling, 2014; Rezende et al., 2014; Denton and Fergus, 2018; Hafner et al., 2019).",
      "startOffset" : 85,
      "endOffset" : 179
    }, {
      "referenceID" : 2,
      "context" : "A decoder D(φ(x)) is trained by maximizing a lower bound on the data likelihood p(x) (Kingma and Welling, 2014; Rezende et al., 2014; Denton and Fergus, 2018; Hafner et al., 2019).",
      "startOffset" : 85,
      "endOffset" : 179
    }, {
      "referenceID" : 12,
      "context" : "A decoder D(φ(x)) is trained by maximizing a lower bound on the data likelihood p(x) (Kingma and Welling, 2014; Rezende et al., 2014; Denton and Fergus, 2018; Hafner et al., 2019).",
      "startOffset" : 85,
      "endOffset" : 179
    }, {
      "referenceID" : 26,
      "context" : "Avoids training complex generative models by using contrastive objectives for maximizing the mutual information (Oord et al., 2018; Laskin et al., 2020; Stooke et al., 2021).",
      "startOffset" : 112,
      "endOffset" : 173
    }, {
      "referenceID" : 19,
      "context" : "Avoids training complex generative models by using contrastive objectives for maximizing the mutual information (Oord et al., 2018; Laskin et al., 2020; Stooke et al., 2021).",
      "startOffset" : 112,
      "endOffset" : 173
    }, {
      "referenceID" : 33,
      "context" : "Avoids training complex generative models by using contrastive objectives for maximizing the mutual information (Oord et al., 2018; Laskin et al., 2020; Stooke et al., 2021).",
      "startOffset" : 112,
      "endOffset" : 173
    }, {
      "referenceID" : 9,
      "context" : "The representation is then trained with the InfoNCE objective (Gutmann and Hyvärinen, 2010; Oord et al., 2018), which is a lower bound on I ( x, φ(x) ) .",
      "startOffset" : 62,
      "endOffset" : 110
    }, {
      "referenceID" : 26,
      "context" : "The representation is then trained with the InfoNCE objective (Gutmann and Hyvärinen, 2010; Oord et al., 2018), which is a lower bound on I ( x, φ(x) ) .",
      "startOffset" : 62,
      "endOffset" : 110
    }, {
      "referenceID" : 41,
      "context" : ", that the task-relevant part of the state space is much smaller than all state information in the input observations (Zhaoping, 2006).",
      "startOffset" : 118,
      "endOffset" : 134
    }, {
      "referenceID" : 32,
      "context" : "(a) Distracting DMControl (Stone et al., 2021) with randomly overlayed videos, (b) ViZDoom (Wydmuch et al.",
      "startOffset" : 26,
      "endOffset" : 46
    }, {
      "referenceID" : 35,
      "context" : ", 2021) with randomly overlayed videos, (b) ViZDoom (Wydmuch et al., 2018) with diverse textures and enemy appearances, (c) Distracting MetaWorld (Yu et al.",
      "startOffset" : 52,
      "endOffset" : 74
    }, {
      "referenceID" : 38,
      "context" : ", 2018) with diverse textures and enemy appearances, (c) Distracting MetaWorld (Yu et al., 2020) with randomly overlayed videos, and (d) CARLA (Dosovitskiy et al.",
      "startOffset" : 79,
      "endOffset" : 96
    }, {
      "referenceID" : 4,
      "context" : ", 2020) with randomly overlayed videos, and (d) CARLA (Dosovitskiy et al., 2017) with realistic outdoor driving scenes and weather simulation.",
      "startOffset" : 54,
      "endOffset" : 80
    }, {
      "referenceID" : 23,
      "context" : "data only, we leverage recently proposed methods for offline RL (Levine et al., 2020; Kumar et al., 2020) and introduce separate policy heads hπ and critics Q i for each task.",
      "startOffset" : 64,
      "endOffset" : 105
    }, {
      "referenceID" : 16,
      "context" : "data only, we leverage recently proposed methods for offline RL (Levine et al., 2020; Kumar et al., 2020) and introduce separate policy heads hπ and critics Q i for each task.",
      "startOffset" : 64,
      "endOffset" : 105
    }, {
      "referenceID" : 16,
      "context" : "Here H(·) denotes the entropy of the policy’s output distribution and α is a learned weighting factor (Kumar et al., 2020; Haarnoja et al., 2018b).",
      "startOffset" : 102,
      "endOffset" : 146
    }, {
      "referenceID" : 18,
      "context" : "We use a bisimulation objective for reward-induced representation learning (Larsen and Skou, 1991; Ferns et al., 2011).",
      "startOffset" : 75,
      "endOffset" : 118
    }, {
      "referenceID" : 5,
      "context" : "We use a bisimulation objective for reward-induced representation learning (Larsen and Skou, 1991; Ferns et al., 2011).",
      "startOffset" : 75,
      "endOffset" : 118
    }, {
      "referenceID" : 28,
      "context" : ", 2018) is increased by overlaying randomly sampled natural videos from the DAVIS 2017 dataset (Pont-Tuset et al., 2017).",
      "startOffset" : 95,
      "endOffset" : 120
    }, {
      "referenceID" : 35,
      "context" : "A simulator for the ego-shooter game Doom (Wydmuch et al., 2018).",
      "startOffset" : 42,
      "endOffset" : 64
    }, {
      "referenceID" : 38,
      "context" : "Based on the MetaWorld multi-task robotic manipulation environment (Yu et al., 2020).",
      "startOffset" : 67,
      "endOffset" : 84
    }, {
      "referenceID" : 4,
      "context" : "We simulate realistic first-person driving scenarios using the CARLA simulator (Dosovitskiy et al., 2017).",
      "startOffset" : 79,
      "endOffset" : 105
    }, {
      "referenceID" : 13,
      "context" : "• Reconstruction: We train a beta-VAE (Higgins et al., 2017) or a stochastic video prediction model (“Pred-O”) on the training data and transfers the encoder.",
      "startOffset" : 38,
      "endOffset" : 60
    }, {
      "referenceID" : 31,
      "context" : "(2018a)) on continuous control tasks (distracting DMControl, distracting MetaWorld, CARLA), and with PPO (Schulman et al., 2017) on discrete action tasks (ViZDoom).",
      "startOffset" : 105,
      "endOffset" : 128
    } ],
    "year" : 2022,
    "abstractText" : "In this work, we evaluate the effectiveness of representation learning approaches for decision making in visually complex environments. Representation learning is essential for effective reinforcement learning (RL) from high-dimensional inputs. Unsupervised representation learning approaches based on reconstruction, prediction or contrastive learning have shown substantial learning efficiency gains. Yet, they have mostly been evaluated in clean laboratory or simulated settings. In contrast, real environments are visually complex and contain substantial amounts of clutter and distractors. Unsupervised representations will learn to model such distractors, potentially impairing the agent’s learning efficiency. In contrast, an alternative class of approaches, which we call task-induced representation learning, leverages task information such as rewards or demonstrations from prior tasks to focus on task-relevant parts of the scene and ignore distractors. We investigate the effectiveness of unsupervised and task-induced representation learning approaches on four visually complex environments, from Distracting DMControl to the CARLA driving simulator. For both, RL and imitation learning, we find that representation learning generally improves sample efficiency on unseen tasks even in visually complex scenes and that task-induced representations can double learning efficiency compared to unsupervised alternatives. 1",
    "creator" : "LaTeX with hyperref"
  }
}