{
  "name" : "ICLR2022-oMI9PjOb9Jl.pdf",
  "metadata" : {
    "source" : "CRF",
    "title" : "DAB-DETR: DYNAMIC ANCHOR BOXES",
    "authors" : [ "Shilong Liu", "Feng Li", "Hao Zhang", "Xiao Yang", "Xianbiao Qi", "Hang Su", "Jun Zhu", "Lei Zhang" ],
    "emails" : [ "liusl20@mails.tsinghua.edu.cn", "yangxiao19@mails.tsinghua.edu.cn", "fliay@connect.ust.hk", "hzhangcx@connect.ust.hk", "qixianbiao@idea.edu.cn", "leizhang@idea.edu.cn", "suhangss@mail.tsinghua.edu.cn", "dcszj@mail.tsinghua.edu.cn" ],
    "sections" : [ {
      "heading" : null,
      "text" : "We present in this paper a novel query formulation using dynamic anchor boxes for DETR (DEtection TRansformer) and offer a deeper understanding of the role of queries in DETR. This new formulation directly uses box coordinates as queries in Transformer decoders and dynamically updates them layer by layer. Using box coordinates not only helps using explicit positional priors to improve the queryto-feature similarity and eliminate the slow training convergence issue in DETR, but also allows us to modulate the positional attention map using the box width and height information. Such a design makes it clear that queries in DETR can be implemented as performing soft ROI pooling layer by layer in a cascade manner. As a result, it leads to the best performance on MS-COCO benchmark among the DETR-like detection models under the same setting, e.g., AP 45.7% using ResNet50-DC5 as backbone trained in 50 epochs. We also conducted extensive experiments to confirm our analysis and verify the effectiveness of our methods. Code is available at https://github.com/IDEA-opensource/ DAB-DETR."
    }, {
      "heading" : "1 INTRODUCTION",
      "text" : "Object detection is a fundamental task in computer vision of wide applications. Most classical detectors are based on convolutional architectures which have made remarkable progress in the last decade (Ren et al., 2017; Girshick, 2015; Redmon et al., 2016; Bochkovskiy et al., 2020; Ge et al., 2021). Recently, Carion et al. (2020) proposed a Transformer-based end-to-end detector named DETR (DEtection TRansformer), which eliminates the need for hand-designed components, e.g., anchors, and shows promising performance compared with modern anchor-based detectors such as Faster RCNN (Ren et al., 2017).\nIn contrast to anchor-based detectors, DETR models object detection as a set prediction problem and uses 100 learnable queries to probe and pool features from images, which makes predictions without the need of using non-maximum suppression. However, due to its ineffective design and use of queries, DETR suffers from significantly slow training convergence, usually requiring 500 epochs to achieve a good performance. To address this issue, many follow-up works attempted to improve the design of DETR queries for both faster training convergence and better performance (Zhu et al., 2021; Gao et al., 2021; Meng et al., 2021; Wang et al., 2021).\n∗This work was done when Shilong Liu was intern at IDEA. †Corresponding author.\nDespite all the progress, the role of the learned queries in DETR is still not fully understood or utilized. While most previous attempts make each query in DETR more explicitly associated with one specific spatial position rather than multiple positions , the technical solutions are largely different. For example, Conditional DETR learns a conditional spatial query by adapting a query based on its content feature for better matching with image features (Meng et al., 2021). Efficient DETR introduces a dense prediction module to select top-K object queries (Yao et al., 2021) and Anchor DETR formulates queries as 2D anchor points (Wang et al., 2021), both associating each query with a specific spatial position. Similarly, Deformable DETR directly treats 2D reference points as queries and performs deformable cross-attention operation at each reference points (Zhu et al., 2021). But all the above works only leverage 2D positions as anchor points without considering the object scales.\nMotivated by these studies, we take a closer look at the cross-attention module in Transformer decoder and propose to use anchor boxes, i.e., 4D box coordinates (x, y, w, h), as queries in DETR and update them layer by layer. This new query formulation introduce better spatial priors for the cross-attention module by considering both the position and size of each anchor box, which also leads to a much simpler implementation and a deeper understanding of the role of queries in DETR.\nThe key insight behind this formulation is that each query in DETR is formed by two parts: a content part (decoder self-attention output) and a positional part (e.g., learnable queries in DETR) 1. The cross-attention weights are computed by comparing a query with a set of keys which consists of two parts as a content part (encoded image feature) and a positional part (positional embedding). Thus, queries in Transformer decoder can be interpreted as pooling features from a feature map based on the query-to-feature similarity measure, which considers both the content and positional information. While the content similarity is for pooling semantically related features, the positional similarity is to provide a positional constraint for pooling features around the query position. This attention computing mechanism motivates us to formulate queries as anchor boxes as illustrated in Fig. 1 (c), allowing us to use the center position (x, y) of an anchor box to pool features around the center and use the anchor box size (w, h) to modulate the cross-attention map, adapting it to anchor box size. In addition, because of the use of coordinates as queries, anchor boxes can be updated layer by layer dynamically. In this way, queries in DETR can be implemented as performing soft ROI pooling layer by layer in a cascade way.\nWe provide a better positional prior for pooling features by using anchor box size to modulate the cross-attention. Because the cross-attention can pool features from the whole feature map, it is\n1See the DETR implementation at https://github.com/facebookresearch/detr. The components of queries and keys are also shown in each subplot of Fig. 1. Note that the learnable queries in DETR are only for the positional part. Related discussion can also be found in Conditional DETR (Meng et al., 2021).\ncrucial to provide a proper positional prior for each query to let the cross-attention module focus on a local region corresponding to a target object. It can also facilitate to speed up the training convergence of DETR. Most prior works improve DETR by associating each query with a specific location, but they assume an isotropic Gaussian positional prior of a fixed size(Fig. 4 (b)), which is inappropriate for objects of different scales. With the size information (w, h) available in each query anchor box, we can modulate the Gaussian positional prior as an oval shape. More specifically, we divide the width and height from the cross-attention weight (before softmax) for its x part and y part separately, which helps the Gaussian prior to better match with objects of different scales(Fig. 4 (c)). To further improve the positional prior, we also introduce a temperature parameter to tune the flatness of positional attention, which has been overlooked in all prior works.\nIn summary, our proposed DAB-DETR (Dynamic Anchor Box DETR) presents a novel query formulation by directly learning anchors as queries. This formulation offers a deeper understanding of the role of queries, allowing us to use anchor size to modulate the positional cross-attention map in Transformer decoders and perform dynamic anchor update layer by layer. Our results demonstrate that DAB-DETR attains the best performance among DETR-like architectures under the same setting on the COCO object detection benchmark. The proposed method can achieve 45.7% AP when using a single ResNet-50 (He et al., 2016) model as backbone for training 50 epochs. We also conducted extensive experiments to confirm our analysis and verify the effectiveness of our methods."
    }, {
      "heading" : "2 RELATED WORK",
      "text" : "Most classical detectors are anchor-based, using either anchor boxes (Ren et al., 2017; Girshick, 2015; Sun et al., 2021) or anchor points (Tian et al., 2019; Zhou et al., 2019). In contrast, DETR (Carion et al., 2020) is a fully anchor-free detector using a set of learnable vectors as queries. Many follow-up works attempted to solve the slow convergence of DETR from different perspectives. Sun et al. (2020) pointed out that the cause of slow training of DETR is due to the crossattention in decoders and hence proposed an encoder-only model. Gao et al. (2021) instead introduced a Gaussian prior to regulate the cross-attention. Despite their improved performance, they did not give a proper explanation of the slow training and the roles of queries in DETR.\nAnother direction to improve DETR, which is more relevant to our work, is towards a deeper understanding of the role of queries in DETR. As the learnable queries in DETR are used to provide positional constraints for feature pooling, most related works attempted to make each query in DETR more explicitly related to a specific spatial position rather than multiple position modes in the vanilla DETR. For example, Deformable DETR (Zhu et al., 2021) directly treats 2D reference points as queries and predicts deformable sampling points for each reference point to perform the deformable cross-attention operation. Conditional DETR (Meng et al., 2021) decouples the attention formulation and generates positional queries based on reference coordinates. Efficient DETR (Yao et al., 2021) introduces a dense prediction module to select top-K positions as object queries. Although these works connect queries with positional information, they do not have an explicit formulation to use anchors.\nDifferent from the hypothesis in prior works that the learnable query vectors contain box coordinate information, our approach is based on a new perspective that all information contained in queries are box coordinates. That is, anchor boxes are better queries for DETR. A concurrent work Anchor DETR (Wang et al., 2021) also suggests learning anchor points directly, while it ignores the anchor width and height information as in other prior works. Besides DETR, Sun et al. (2021) proposed a sparse detector by learning boxes directly, which shares a similar anchor formulation with us, but it discards the Transformer structure and leverages hard ROI align for feature extraction. Table 1 summarizes the key differences between related works and our proposed DAB-DETR. We compare our model with related works on five dimensions: if the model directly learns anchors, if the model predicts reference coordinates (in its intermediate stage), if the model updates the reference anchors layer by layer, if the model uses the standard dense cross-attention, if the attention is modulated to better match with objects of different scales, and if the model updates the learned queries layer by layer. A more detailed comparison of DETR-like models is available in Sec. B of Appendix. We recommend this section for readers who have confusions about the table."
    }, {
      "heading" : "3 WHY A POSITIONAL PRIOR COULD SPEEDUP TRAINING?",
      "text" : "Much work has been done to accelerate the training convergence speed of DETR, while lacking a unified understanding of why their methods work. Sun et al. (2020) showed that the cross-attention module is mainly responsible for the slow convergence, but they simply removed the decoders for faster training. We follow their analysis to find which sub-module in the cross-attention affects the performance. Comparing the self-attention module in encoders with the cross-attention module in decoders, we find the key difference between their inputs comes from the queries, as shown in Fig. 2. As the decoder embeddings are initialized as 0, they are projected to the same space as the image features after the first cross-attention module. After that, they will go through a similar process in decoder layers as the image features in encoder layers. Hence the root cause is likely due to the learnable queries.\nTwo possible reasons in cross-attention account for the model’s slow training convergence: 1) it is hard to learn the queries due to the optimization challenge, and 2) the positional information in the learned queries is not encoded in the same way as the sinusoidal positional encoding used for image features. To see if it is the first reason, we reuse the well-learned queries from DETR (keep them fixed) and only train the other modules. The training curves in Fig. 3(a) show that the fixed queries only slightly improve the convergence in very early epochs, e.g., the first 25 epochs. Hence the query learning (or optimization) is likely not the key concern.\nThen we turn to the second possibility and try to find out if the learned queries have some undesirable properties. As the learned queries are used to filter objects in certain regions, we visualize a few positional attention maps between the learned queries and the positional embeddings of image\nfeatures in Fig. 4(a). Each query can be regarded as a positional prior to let decoders focus on a region of interest. Although they serve as a positional constraint, they also carry undesirable properties: multiple modes and nearly uniform attention weights. For example, the two attention maps at the top of Fig. 4(a) have two or more concentration centers, making it hard to locate objects when multiple objects exist in an image. The bottom maps of Fig. 4(a) focus on areas that are either too large or too small, and hence cannot inject useful positional information into the procedure of feature extraction. We conjecture that the multiple mode property of queries in DETR is likely the root cause for its slow training and we believe introducing explicit positional priors to constrain queries on a local region is desirable for training. To verify this assumption, we replace the query formulation in DETR with dynamic anchor boxes, which can enforce each query to focus on a specific area, and name this model DETR+DAB. The training curves in Fig. 3(b) show that DETR+DAB leads to much better performance compared with DETR, in terms of both detection AP and training/testing loss. Note that the only difference between DETR and DETR+DAB is the formulation of queries and no other techniques like 300 queries or focal loss are introduced. It shows that after addressing the multi-mode issue of DETR queries, we can achieve both a faster training convergence and a higher detection accuracy.\nSome previous works also have similar analyses and confirmed this. For example, SMCA (Gao et al., 2021) speeds up the training by applying pre-defined Gaussian maps around reference points. Conditional DETR (Meng et al., 2021) uses explicit positional embedding as positional queries for training, yielding attention maps similar to Gaussian kernels as shown in Fig. 4(b). Although explicit positional priors lead to good performance in training, they ignore the scale information of an object. In contrast, our proposed DAB-DETR explicitly takes into account the object scale information to adaptively adjust attention weights, as shown in Fig. 4(c).\n4 DAB-DETR"
    }, {
      "heading" : "4.1 OVERVIEW",
      "text" : "Following DETR (Carion et al., 2020), our model is an end-to-end object detector which includes a CNN backbone, Transformer (Vaswani et al., 2017) encoders and decoders, and prediction heads for boxes and labels. We mainly improve the decoder part, as shown in Fig. 5.\nGiven an image, we extract image spatial features using a CNN backbone followed with Transformer encoders to refine the CNN features. Then dual queries, including positional queries (anchor boxes) and content queries (decoder embeddings), are fed into the decoder to probe the objects which correspond to the anchors and have similar patterns with the content queries. The dual queries are updated layer by layer to get close to the target ground-truth objects gradually. The outputs of the final decoder layer are used to predict the objects with labels and boxes by prediction heads, and then a bipartite graph matching is conducted to calculate loss as in DETR.\nTo illustrate the generality of our dynamic anchor boxes, we also design a stronger DABDeformable-DETR, which is available in Appendix."
    }, {
      "heading" : "4.2 LEARNING ANCHOR BOXES DIRECTLY",
      "text" : "As discussed in Sec. 1 regarding the role of queries in DETR, we propose to directly learn query boxes or say anchor boxes and derive positional queries from these anchors. There are two attention modules in each decoder layer, including a self-attention module and a cross-attention module, which are used for query updating and feature probing, respectively. Each module needs queries, keys, and values to perform attention-based value aggregation, yet the inputs of these triplets differ.\nWe denote Aq = (xq, yq, wq, hq) as the q-th anchor, xq, yq, wq, hq ∈ R, and Cq ∈ RD and Pq ∈ RD as its corresponding content query and positional query, where D is the dimension of decoder embeddings and positional queries.\nGiven an anchor Aq , its positional query Pq is generated by:\nPq = MLP(PE(Aq)), (1)\nwhere PE means positional encoding to generate sinusoidal embeddings from float numbers and the parameters of MLP are shared across all layers. As Aq is a quaternion, we overload the PE operator here:\nPE(Aq) = PE(xq, yq, wq, hq) = Cat(PE(xq),PE(yq),PE(wq),PE(hq)). (2)\nThe notion Cat means concatenation function. In our implementations, the positional encoding function PE maps a float to a vector with D/2 dimensions as: PE: R → RD/2. Hence the function MLP projects a 2D dimensional vector into D dimensions: MLP: R2D → RD. The MLP module has two submodules, each of which is composed of a linear layer and a ReLU activation, and the feature reduction is conducted at the first linear layer.\nIn the self-attention module, all three of queries, keys, and values have the same content items, while the queries and keys contain extra position items:\nSelf-Attn: Qq = Cq + Pq, Kq = Cq + Pq, Vq = Cq, (3)\nInspired by Conditional DETR (Meng et al., 2021), we concatenate the position and content information together as queries and keys in the cross-attention module, so that we can decouple the content and position contributions to the query-to-feature similarity computed as the dot product between a query and a key. To rescale the positional embeddings, we leverage the conditional spatial query (Meng et al., 2021) as well. More specifically, we learn a MLP(csq) : RD → RD to obtain a scale vector conditional on the content information and use it perform element-wise multiplication with the positional embeddings:\nCross-Attn: Qq = Cat(Cq,PE(xq, yq) · MLP(csq)(Cq)), Kx,y = Cat(Fx,y,PE(x, y)), Vx,y = Fx,y,\n(4)\nwhere Fx,y ∈ RD is the image feature at position (x, y) and · is an element-wise multiplication. Both the positional embeddings in queries and keys are generated based on 2D coordinates, making it more consistent to compare the positional similarity, as in previous works (Meng et al., 2021; Wang et al., 2021)."
    }, {
      "heading" : "4.3 ANCHOR UPDATE",
      "text" : "Using coordinates as queries for learning makes it possible to update them layer by layer. In contrast, for queries of high dimensional embeddings, such as in DETR (Carion et al., 2020) and Conditional DETR (Meng et al., 2021), it is hard to perform layer-by-layer query refinement, because it is unclear how to convert an updated anchor back to a high-dimensional query embedding.\nFollowing the previous practice (Zhu et al., 2021; Wang et al., 2021), we update anchors in each layer after predicting relative positions (∆x,∆y,∆w,∆h) by a prediction head, as shown in Fig. 5. Note that all prediction heads in different layers share the same parameters."
    }, {
      "heading" : "4.4 WIDTH & HEIGHT-MODULATED GAUSSIAN KERNEL",
      "text" : "Traditional positional attention maps are used as a Gaussian-like prior, as shown in Fig. 6 left. But the prior is simply assumed isotropic and fixed size for all objects, leaving their scale information (width and height) ignored. To improve the positional prior, we propose to inject the scale information into the attention maps.\nThe query-to-key similarity in the original positional attention map is computed as the sum of dot products of two coordinate encodings:\nAttn((x, y), (xref, yref)) = (PE(x) · PE(xref) + PE(y) · PE(yref))/ √ D, (5)\nwhere 1/ √ D is used to rescale the value as suggested in Vaswani et al. (2017). We modulate the positional attention maps (before softmax) by dividing the relative anchor width and height from its x part and y part separately to smooth the Gaussian prior to better match with objects of different scales:\nModulateAttn((x, y), (xref, yref)) = (PE(x) · PE(xref) wq,ref wq + PE(y) · PE(yref) hq,ref hq\n)/ √ D, (6)\nwhere wq and hq are the width and height of the anchor Aq , and wq,ref and hq,ref are the reference width and height that are calculated by:\nwq,ref, hq,ref = σ(MLP(Cq)). (7)\nThis modulated positional attention helps us extract features of objects with different widths and heights, and the visualizations of modulated attentions are shown in Fig. 6."
    }, {
      "heading" : "4.5 TEMPERATURE TUNING",
      "text" : "For position encoding, we use the sinusoidal function (Vaswani et al., 2017), which is defined as:\nPE(x)2i = sin( x\nT 2i/D ), PE(x)2i+1 = cos(\nx\nT 2i/D ), (8)\nwhere T is a hand-design temperature, and the superscript 2i and 2i + 1 denote the indices in the encoded vectors. The temperature T in Eq. (8) influences the size of positional priors, as shown in Fig. 7. A larger T results in a more flattened attention map, and vice versa. Note that the temperature T is hard-coded in (Vaswani et al., 2017) as 10000 for natural language processing, in which the values of x are integers representing each word’s position in a sentence. However, in DETR, the values of x are floats between 0 and 1 representing bounding box coordinates. Hence a different temperature is highly desired for vision tasks. In this work, we empirically choose T = 20 in all our models."
    }, {
      "heading" : "5 EXPERIMENTS",
      "text" : "We provide the training details in Appendix A."
    }, {
      "heading" : "5.1 MAIN RESULTS",
      "text" : "Table 2 shows our main results on the COCO 2017 validation set. We compare our proposed DABDETR with DETR (Carion et al., 2020), Faster RCNN (Ren et al., 2017), Anchor DETR (Wang et al., 2021), SMCA (Gao et al., 2021), Deformable DETR (Zhu et al., 2021), TSP (Sun et al., 2020), and Conditional DETR (Meng et al., 2021). We showed two variations of our model: standard models and models marked with superscript ∗ that have 3 pattern embeddings (Wang et al., 2021). Our standard models outperform Conditional DETR with a large margin. We notice that our model introduces a slight increase of GFLOPs. GFLOPs may differ depending on the calculation scripts and we use the results reported by the authors in Table 2. Actually, we find in our tests that the GFLOPs of our standard models are nearly the same as the corresponding Conditional DETR models based on our GFLOPs calculation scripts, hence our model still has advantages over previous work under the same settings. When using pattern embeddings, our DAB-DETR with ∗ outperforms previous DETR-like methods on all four backbones with a large margin, even better than multiscale architectures. It verifies the correctness of our analysis and the effectiveness of our design."
    }, {
      "heading" : "5.2 ABLATIONS",
      "text" : "Table 3 shows the effectiveness of each component in our model. We find that all modules we proposed contribute remarkably to our final results. The anchor box formulation improves the performance from 44.0% AP to 45.0% AP compared with the anchor point formulation (compare Row\n3 and Row 4) and the anchor update introduces 1.7% AP improvement (compare Row 1 and Row 2), which demonstrates the effectiveness of dynamic anchor box design.\nAfter removing modulated attention and temperature tuning, the model performance drops to 45.0% (compare Row 1 and Row 3) and 44.4% (compare Row 1 and Row 5), respectively. Hence finegrained tuning of positional attentions is of great importance for improving the detection performance as well."
    }, {
      "heading" : "6 CONCLUSION",
      "text" : "We have presented in this paper a novel query formulation using dynamic anchor boxes for DETR and offered a deeper understanding of the role of queries in DETR. Using anchor boxes as queries leads to several advantages, including a better positional prior with temperature tuning, sizemodulated attention to account for objects of different scales, and iterative anchor update for improving anchor estimate gradually. Such a design makes it clear that queries in DETR can be implemented as performing soft ROI pooling layer by layer in a cascade manner. Extensive experiments were conducted and effectively confirmed our analysis and verified our algorithm design."
    }, {
      "heading" : "ACKNOWLEDGEMENTS",
      "text" : "This work was supported by the National Key Research and Development Program of China (2020AAA0104304, 2020AAA0106000, 2020AAA0106302), NSFC Projects (Nos. 61620106010, 62061136001, 61621136008, 62076147, U19B2034, U1811461, U19A2081), Beijing NSF Project (No. JQ19016), Beijing Academy of Artificial Intelligence (BAAI), Tsinghua-Alibaba Joint Research Program, Tsinghua Institute for Guo Qiang, Tsinghua-OPPO Joint Research Center for Future Terminal Technology.\nWe thank all anonymous reviewers for their valuable comments and suggestions, especially the instructive questions from Reviewer 3.\nETHICS STATEMENT\nObject detection is a fundamental task in computer vision with wide applications. Hence any improvement of this field will yield lots of impacts. To visually perceive and interact with the environment, autonomous vehicles highly depend on this technique and will benefit from any of its improvement. It has also led to advances in medical imaging, word recognition, instance segmentation on natural images, and so on. Therefore a failure in this model could affect many tasks. Our study provides a deeper understanding of the roles of queries in DETR and improves the interpretability of this important submodule in the end-to-end Transformer-based detection framework.\nAs our model relies on deep neural networks, it can be attacked by adversarial examples. Similarly, as it relies on training data, it may produce biased results induced from training samples. These are common problems in deep learning and our community is working together to improve them. Finally, it is worth noting that detection models, especially face or human detection models, might pose a threat to people’s privacy and security if used by someone up to no good.\nREPRODUCIBILITY STATEMENT\nWe confirm the reproducibility of the results. We have released the source code on Github at https://github.com/IDEA-opensource/DAB-DETR with all materials that are needed to reproduce our results."
    }, {
      "heading" : "Appendix for DAB-DETR",
      "text" : ""
    }, {
      "heading" : "A TRAINING DETAILS",
      "text" : "Architecture. Our model is almost the same as DETR which includes a CNN backbone, multiple Transformer (Vaswani et al., 2017) encoders and decoders, and two prediction heads for boxes and labels. We use ImageNet-pretrained ResNet (He et al., 2016) as our backbones, and 6 Transformer encoders and 6 Transformer decoders in our implementations. We follow previous works to report results over four backbones: ResNet-50, ResNet-101, and their 16×-resolution extensions ResNet50-DC5 and ResNet-101-DC5. As we need to predict boxes and labels in each decoder layer, the MLP networks for box and label predictions share the same parameters across different decoder layers. As inspired by Anchor DETR, we also leverage multiple pattern embeddings to perform multiple predictions at one position and the number of patterns is set as 3 which is the same as Anchor DETR. We also leverage PReLU (He et al., 2015) as our activations.\nFollowing Deformable DETR and Conditional DETR, we use 300 anchors as queries. We select 300 predicted boxes and labels with the largest classification logits for evaluation as well. We also use focal loss (Lin et al., 2020) with α = 0.25, γ = 2 for classification. The same loss terms are used in bipartite matching and final loss calculating, but with different coefficients. Classification loss with coefficient 2.0 is used in bipartite matching but 1.0 in the final loss. L1 loss with coefficient 5.0 and GIOU loss (Rezatofighi et al., 2019) with coefficient 2.0 are consistent in both the matching and the final loss calculation procedures. All models are trained on 16 GPUs with 1 image per GPU and AdamW (Loshchilov & Hutter, 2018) is used for training with weight decay 10−4. The learning rates for backbone and other modules are set to 10−5 and 10−4, respectively. We train our models for 50 epochs and drop the learning rate by 0.1 after 40 epochs. All models are trained on Nvidia A100 GPU. We search hyperparameters with batch size 64 and all results in our paper are reported with batch size 16. For better reproducing our results, we provide the memory needed and batch size/GPU in Table 4.\nDataset. We conduct the experiments on the COCO (Lin et al., 2014) object detection dataset. All models are trained on the train2017 split and evaluated on the val2017 split."
    }, {
      "heading" : "B COMPARISON OF DETR-LIKE MODELS",
      "text" : "In this section, we provide a more detailed comparison of DETR-like models, including DETR (Carion et al., 2020), Conditional DETR (Meng et al., 2021), Anchor DETR (Wang et al., 2021), Deformable DETR (Zhu et al., 2021), our proposed DAB-DETR, and DAB-Deformable-DETR. Their model designs are illustrated in Fig. 8. We will discuss the difference between previous models and our models.\nAnchor DETR (Wang et al., 2021) improves DETR by introducing 2D anchor points, which are updated layer by layer. It shares a similar motivation with our work. But it leaves the object scale information unconsidered and thus cannot modulate the cross-attention to make it adapt to objects of different scales. Moreover, the positional queries in its framework are of high dimension and passed to the self-attention modules in all layers without any adaptation. See the brown-colored part in Fig. 8 (d) for details. This design might be sub-optimal as the self-attention modules cannot leverage the refined anchor points in different layers.\nDeformable DETR (Zhu et al., 2021) introduces 4D anchor boxes and updates them layer by layer, which is called iterative bounding box refinement in its paper. Its algorithm is mainly developed based on deformable attention, which requires reference points to sample attention points and meanwhile utilizes box width and height to modulate attention areas. However, as iterative bounding box refinement is closely coupled with the special design of deformable attention, it is nontrivial to apply it to general Transformer decoder-based DETR models. This is probably the reason why few works after Deformable DETR adopt this idea. Moreover, the position queries in Deformable DETR are passed to both the self-attention modules and the cross-attention modules in all layers without any adaptation. See the brown-colored part in Fig. 8 (e) for details. As a result, both its self-attention modules and cross-attention modules cannot fully leverage the refined anchor boxes in different layers.\nTo verify our analysis, we develop a variant of Deformable-DETR by formulating its queries as dynamic anchor boxes as in DAB-DETR. We call this variant as DAB-Deformable-DETR, which is illustrated in Fig. 8 (f). Under exactly the same setting using R50 as the backbone, DABDeformable-DETR improves Deformable-DETR by 0.5 AP (46.3 to 46.8) on COCO. See Table 5 for the performance comparison and Sec. C for more implementation details.\nDynamic DETR (Dai et al., 2021) is another interesting improvement of DETR. It also leverages anchor boxes to pool features, but it uses ROI pooling for feature extraction, which makes it less general to DETR-like models compared with our dynamic anchor boxes. Moreover, compared with cross-attention in Transformer decoders, which performs global feature pooling in a soft manner (based on attention maps), the ROI pooling operation only performs local feature pooling within a ROI window. In our opinion, the ROI pooling operation can help faster convergence as it enforces each query to associate with a specific spatial position. But it may lead to a sub-optimal result due to its ignorance of the global context outside a ROI window."
    }, {
      "heading" : "C DAB-DEFORMABLE-DETR",
      "text" : "To further demonstrate the effectiveness of our dynamic anchor boxes, we develop DABDeformable-DETR by adding our dynamic anchor boxes design to Deformable DETR (Zhu et al., 2021) 2. The difference between Deformable DETR and DAB-Deformable-DETR is shown in Fig. 8 (e) and (f). The results of Deformable DETR and DAB-Deformable-DETR are shown in Table 5. With no more than 10 lines of code modified, our DAB-Deformable-DETR (row 4) results in a significant performance improvement (+0.5 AP) compared with the original Deformable DETR (row 3). All other settings except the query formulation are exactly the same in this experiment.\nWe also compare the speed of convergence in Fig. 9. It shows that our proposed dynamic anchor boxes speed up the training as well (left in Fig. 9). We believe one of the reasons for better performance is the update of learned queries. We plot the change of total loss, which is the sum-up of losses of all decoder layers, during training in the middle figure of Fig. 9. Interestingly, it shows that the total loss of DAB-Deformable-DETR is larger than Deformable DETR. However, the loss of the final layer of DAB-Deformable-DETR is lower than that in Deformable DETR (right in Fig. 9), which is a good indicator of the better performance of DAB-Deformable-DETR as the inference result only takes from the last layer."
    }, {
      "heading" : "D ANCHORS VISUALIZATION",
      "text" : "We visualize the learned anchor boxes in Fig. 10. When learning anchor points as queries, the learned points are distributed evenly around the image, while the centers seem to distribute randomly when learning anchor boxes directly. This might be because the centers are coupled with anchor sizes. The right-most figure shows the visualization of the learned anchor boxes. We only show a partial set for visualization clarity. Most boxes are of medium size and no particular pattern is found in the distribution of boxes.\n2We used the open-source implementation from https://github.com/fundamentalvision/ Deformable-DETR"
    }, {
      "heading" : "E RESULTS WITH DIFFERENT TEMPERATURES",
      "text" : "Table 6 shows the results of models using different temperatures in the positional encoding function. As larger temperature generates more flattened attention maps, it leads to better performances for larger objects. For example, the model with T = 2 and the model with T = 10000 have similar AP results, but the former has better performances on APS and APM , while the latter works better on APL, which also validates the role of positional priors in DETR."
    }, {
      "heading" : "F RESULTS WITH LESS DECODER LAYERS",
      "text" : "Table 7 shows the results of models with different decoder layers. All models are trained under our standard ResNet-50-DC setting except the number of decoder layers.\nG FIXED x, y FOR BETTER PERFORMANCE\nWe provide in this section an interesting experiment. As we all know, all box coordinates x, y, h, w are learned from data. When we fix x, y of the anchor boxes with the random initialization, the model’s performance increases consistently. The comparison of standard DAB-DETR and DABDETR with fixed x, y coordinates is shown in Table 8. Note that we only fix x, y at the first layer to prevent them from learning information from data. But x, y will be updated in other layers. We conjecture that the randomly initialized and fixed x, y coordinates can help to avoid overfitting, which may account for this phenomenon."
    }, {
      "heading" : "H COMPARISON OF BOX UPDATE",
      "text" : "To further demonstrate the effectiveness of our dynamic anchor box design, we plot the layer-bylayer update result of boxes of DAB-DETR and Conditional DETR in Fig. 11. All DETR-like models have a stacked layers structure. Hence the outputs of each layer can be viewed as a refining procedure. However, due to the high-dimensional queries that are shared across all layers, the update of queries between layers is not stable. As shaded in yellow in Fig. 11 (b), some boxes predicted in the latter layers are worse than their previous layers."
    }, {
      "heading" : "I ANALYSIS OF FAILURE CASES",
      "text" : "Fig. 12 presents some samples where our model does not predict well. We find our model may have some troubles when facing dense objects, very small objects, or very large objects in an image. To\nimprove the performance of our model, we will introduce a multi-scale technique into our model to improve the detection performance on small and large objects."
    }, {
      "heading" : "J COMPARISON OF RUNTIME",
      "text" : "We compare the runtime of DETR, Conditional DETR, and our proposed DAB-DETR in Table 9. Their runtime speeds are reported on a single Nvidia A100 GPU. Our DAB-DETR has a similar inference speed but better performance compared with Conditional DETR, which is our direct competitor."
    }, {
      "heading" : "K COMPARISON OF MODEL CONVERGENCE",
      "text" : "We present convergence curves of DETR, Conditional DETR, and our DAB-DETR in Fig. 13. All models are trained under the standard R50 (DC5) setting. The results demonstrate the effectiveness of our model. Our DAB-DETR is trained with our fix x&y variants. see Appendix G for more details about the fix x&y results. Both Conditional DETR and DAB-DETR use 300 queries, while DETR leverages 100 queries.\nOur DAB-DETR converges faster than Conditional DETR, especially in early epochs, as shown in Fig. 13.\nL VISUALIZATION RESULTS OF ITERATIVE BOX UPDATE\nWe present more visualization results of iterative box update in Fig. 14 and Fig. 15. The initial anchors, anchors updated after the first decoder layer, and the anchors predicted from the last decoder layer are plotted in the first, the second, and the third columns, respectively."
    } ],
    "references" : [ {
      "title" : "Delving deep into rectifiers: Surpassing",
      "author" : [ "2015. Kaiming He", "Xiangyu Zhang", "Shaoqing Ren", "Jian Sun" ],
      "venue" : null,
      "citeRegEx" : "He et al\\.,? \\Q2015\\E",
      "shortCiteRegEx" : "He et al\\.",
      "year" : 2015
    }, {
      "title" : "Deep residual learning for image recognition",
      "author" : [ "Kaiming He", "Xiangyu Zhang", "Shaoqing Ren", "Jian Sun" ],
      "venue" : "In 2016 IEEE Conference on Computer Vision and Pattern Recognition (CVPR),",
      "citeRegEx" : "He et al\\.,? \\Q2016\\E",
      "shortCiteRegEx" : "He et al\\.",
      "year" : 2016
    }, {
      "title" : "Microsoft coco: Common objects in context",
      "author" : [ "Tsung-Yi Lin", "Michael Maire", "Serge Belongie", "James Hays", "Pietro Perona", "Deva Ramanan", "Piotr Dollár", "C Lawrence Zitnick" ],
      "venue" : "In European conference on computer vision,",
      "citeRegEx" : "Lin et al\\.,? \\Q2014\\E",
      "shortCiteRegEx" : "Lin et al\\.",
      "year" : 2014
    }, {
      "title" : "Focal loss for dense object detection",
      "author" : [ "Tsung-Yi Lin", "Priya Goyal", "Ross Girshick", "Kaiming He", "Piotr Dollar" ],
      "venue" : "IEEE Transactions on Pattern Analysis and Machine Intelligence,",
      "citeRegEx" : "Lin et al\\.,? \\Q2020\\E",
      "shortCiteRegEx" : "Lin et al\\.",
      "year" : 2020
    }, {
      "title" : "Decoupled weight decay regularization",
      "author" : [ "Ilya Loshchilov", "Frank Hutter" ],
      "venue" : "In International Conference on Learning Representations,",
      "citeRegEx" : "Loshchilov and Hutter.,? \\Q2018\\E",
      "shortCiteRegEx" : "Loshchilov and Hutter.",
      "year" : 2018
    }, {
      "title" : "Conditional detr for fast training convergence",
      "author" : [ "Depu Meng", "Xiaokang Chen", "Zejia Fan", "Gang Zeng", "Houqiang Li", "Yuhui Yuan", "Lei Sun", "Jingdong Wang" ],
      "venue" : "arXiv preprint arXiv:2108.06152,",
      "citeRegEx" : "Meng et al\\.,? \\Q2021\\E",
      "shortCiteRegEx" : "Meng et al\\.",
      "year" : 2021
    }, {
      "title" : "You only look once: Unified, real-time object detection",
      "author" : [ "Joseph Redmon", "Santosh Divvala", "Ross Girshick", "Ali Farhadi" ],
      "venue" : "In 2016 IEEE Conference on Computer Vision and Pattern Recognition (CVPR),",
      "citeRegEx" : "Redmon et al\\.,? \\Q2016\\E",
      "shortCiteRegEx" : "Redmon et al\\.",
      "year" : 2016
    }, {
      "title" : "Faster r-cnn: Towards real-time object detection with region proposal networks",
      "author" : [ "Shaoqing Ren", "Kaiming He", "Ross Girshick", "Jian Sun" ],
      "venue" : "IEEE Transactions on Pattern Analysis and Machine Intelligence,",
      "citeRegEx" : "Ren et al\\.,? \\Q2017\\E",
      "shortCiteRegEx" : "Ren et al\\.",
      "year" : 2017
    }, {
      "title" : "Generalized intersection over union: A metric and a loss for bounding box regression",
      "author" : [ "Hamid Rezatofighi", "Nathan Tsoi", "JunYoung Gwak", "Amir Sadeghian", "Ian Reid", "Silvio Savarese" ],
      "venue" : "In Proceedings of the IEEE/CVF Conference on Computer Vision and Pattern Recognition,",
      "citeRegEx" : "Rezatofighi et al\\.,? \\Q2019\\E",
      "shortCiteRegEx" : "Rezatofighi et al\\.",
      "year" : 2019
    }, {
      "title" : "Sparse r-cnn: End-to-end object detection with learnable proposals",
      "author" : [ "Peize Sun", "Rufeng Zhang", "Yi Jiang", "Tao Kong", "Chenfeng Xu", "Wei Zhan", "Masayoshi Tomizuka", "Lei Li", "Zehuan Yuan", "Changhu Wang", "Ping Luo" ],
      "venue" : "In Proceedings of the IEEE/CVF Conference on Computer Vision and Pattern Recognition,",
      "citeRegEx" : "Sun et al\\.,? \\Q2021\\E",
      "shortCiteRegEx" : "Sun et al\\.",
      "year" : 2021
    }, {
      "title" : "Rethinking transformer-based set prediction for object detection",
      "author" : [ "Zhiqing Sun", "Shengcao Cao", "Yiming Yang", "Kris Kitani" ],
      "venue" : "arXiv preprint arXiv:2011.10881,",
      "citeRegEx" : "Sun et al\\.,? \\Q2020\\E",
      "shortCiteRegEx" : "Sun et al\\.",
      "year" : 2020
    }, {
      "title" : "Fcos: Fully convolutional one-stage object detection",
      "author" : [ "Zhi Tian", "Chunhua Shen", "Hao Chen", "Tong He" ],
      "venue" : "IEEE/CVF International Conference on Computer Vision (ICCV),",
      "citeRegEx" : "Tian et al\\.,? \\Q2019\\E",
      "shortCiteRegEx" : "Tian et al\\.",
      "year" : 2019
    }, {
      "title" : "Attention is all you need",
      "author" : [ "Ashish Vaswani", "Noam Shazeer", "Niki Parmar", "Jakob Uszkoreit", "Llion Jones", "Aidan N Gomez", "Łukasz Kaiser", "Illia Polosukhin" ],
      "venue" : "In Advances in neural information processing systems,",
      "citeRegEx" : "Vaswani et al\\.,? \\Q2017\\E",
      "shortCiteRegEx" : "Vaswani et al\\.",
      "year" : 2017
    }, {
      "title" : "Anchor detr: Query design for transformer-based detector",
      "author" : [ "Yingming Wang", "Xiangyu Zhang", "Tong Yang", "Jian Sun" ],
      "venue" : "arXiv preprint arXiv:2109.07107,",
      "citeRegEx" : "Wang et al\\.,? \\Q2021\\E",
      "shortCiteRegEx" : "Wang et al\\.",
      "year" : 2021
    }, {
      "title" : "Efficient detr: Improving end-to-end object detector with dense prior",
      "author" : [ "Zhuyu Yao", "Jiangbo Ai", "Boxun Li", "Chi Zhang" ],
      "venue" : "arXiv preprint arXiv:2104.01318,",
      "citeRegEx" : "Yao et al\\.,? \\Q2021\\E",
      "shortCiteRegEx" : "Yao et al\\.",
      "year" : 2021
    }, {
      "title" : "Objects as points",
      "author" : [ "Xingyi Zhou", "Dequan Wang", "Philipp Krähenbühl" ],
      "venue" : "arXiv preprint arXiv:1904.07850,",
      "citeRegEx" : "Zhou et al\\.,? \\Q2019\\E",
      "shortCiteRegEx" : "Zhou et al\\.",
      "year" : 2019
    }, {
      "title" : "Deformable detr: Deformable transformers for end-to-end object detection",
      "author" : [ "Xizhou Zhu", "Weijie Su", "Lewei Lu", "Bin Li", "Xiaogang Wang", "Jifeng Dai" ],
      "venue" : "In ICLR 2021: The Ninth International Conference on Learning Representations,",
      "citeRegEx" : "Zhu et al\\.,? \\Q2021\\E",
      "shortCiteRegEx" : "Zhu et al\\.",
      "year" : 2021
    }, {
      "title" : "2018) is used for training with weight decay 10−4. The learning rates for backbone and other modules are set to 10−5 and 10−4, respectively. We train our models for 50 epochs and drop the learning rate by 0.1 after 40 epochs. All models are trained on Nvidia A100 GPU. We search hyperparameters with batch size 64 and all results",
      "author" : [ "AdamW (Loshchilov", "Hutter" ],
      "venue" : null,
      "citeRegEx" : ".Loshchilov and Hutter,? \\Q2018\\E",
      "shortCiteRegEx" : ".Loshchilov and Hutter",
      "year" : 2018
    } ],
    "referenceMentions" : [ {
      "referenceID" : 7,
      "context" : "Most classical detectors are based on convolutional architectures which have made remarkable progress in the last decade (Ren et al., 2017; Girshick, 2015; Redmon et al., 2016; Bochkovskiy et al., 2020; Ge et al., 2021).",
      "startOffset" : 121,
      "endOffset" : 219
    }, {
      "referenceID" : 6,
      "context" : "Most classical detectors are based on convolutional architectures which have made remarkable progress in the last decade (Ren et al., 2017; Girshick, 2015; Redmon et al., 2016; Bochkovskiy et al., 2020; Ge et al., 2021).",
      "startOffset" : 121,
      "endOffset" : 219
    }, {
      "referenceID" : 7,
      "context" : ", anchors, and shows promising performance compared with modern anchor-based detectors such as Faster RCNN (Ren et al., 2017).",
      "startOffset" : 107,
      "endOffset" : 125
    }, {
      "referenceID" : 16,
      "context" : "To address this issue, many follow-up works attempted to improve the design of DETR queries for both faster training convergence and better performance (Zhu et al., 2021; Gao et al., 2021; Meng et al., 2021; Wang et al., 2021).",
      "startOffset" : 152,
      "endOffset" : 226
    }, {
      "referenceID" : 5,
      "context" : "To address this issue, many follow-up works attempted to improve the design of DETR queries for both faster training convergence and better performance (Zhu et al., 2021; Gao et al., 2021; Meng et al., 2021; Wang et al., 2021).",
      "startOffset" : 152,
      "endOffset" : 226
    }, {
      "referenceID" : 13,
      "context" : "To address this issue, many follow-up works attempted to improve the design of DETR queries for both faster training convergence and better performance (Zhu et al., 2021; Gao et al., 2021; Meng et al., 2021; Wang et al., 2021).",
      "startOffset" : 152,
      "endOffset" : 226
    }, {
      "referenceID" : 5,
      "context" : "For example, Conditional DETR learns a conditional spatial query by adapting a query based on its content feature for better matching with image features (Meng et al., 2021).",
      "startOffset" : 154,
      "endOffset" : 173
    }, {
      "referenceID" : 14,
      "context" : "Efficient DETR introduces a dense prediction module to select top-K object queries (Yao et al., 2021) and Anchor DETR formulates queries as 2D anchor points (Wang et al.",
      "startOffset" : 83,
      "endOffset" : 101
    }, {
      "referenceID" : 13,
      "context" : ", 2021) and Anchor DETR formulates queries as 2D anchor points (Wang et al., 2021), both associating each query with a specific spatial position.",
      "startOffset" : 63,
      "endOffset" : 82
    }, {
      "referenceID" : 16,
      "context" : "Similarly, Deformable DETR directly treats 2D reference points as queries and performs deformable cross-attention operation at each reference points (Zhu et al., 2021).",
      "startOffset" : 149,
      "endOffset" : 167
    }, {
      "referenceID" : 5,
      "context" : "Related discussion can also be found in Conditional DETR (Meng et al., 2021).",
      "startOffset" : 57,
      "endOffset" : 76
    }, {
      "referenceID" : 1,
      "context" : "7% AP when using a single ResNet-50 (He et al., 2016) model as backbone for training 50 epochs.",
      "startOffset" : 36,
      "endOffset" : 53
    }, {
      "referenceID" : 7,
      "context" : "Most classical detectors are anchor-based, using either anchor boxes (Ren et al., 2017; Girshick, 2015; Sun et al., 2021) or anchor points (Tian et al.",
      "startOffset" : 69,
      "endOffset" : 121
    }, {
      "referenceID" : 9,
      "context" : "Most classical detectors are anchor-based, using either anchor boxes (Ren et al., 2017; Girshick, 2015; Sun et al., 2021) or anchor points (Tian et al.",
      "startOffset" : 69,
      "endOffset" : 121
    }, {
      "referenceID" : 16,
      "context" : "For example, Deformable DETR (Zhu et al., 2021) directly treats 2D reference points as queries and predicts deformable sampling points for each reference point to perform the deformable cross-attention operation.",
      "startOffset" : 29,
      "endOffset" : 47
    }, {
      "referenceID" : 5,
      "context" : "Conditional DETR (Meng et al., 2021) decouples the attention formulation and generates positional queries based on reference coordinates.",
      "startOffset" : 17,
      "endOffset" : 36
    }, {
      "referenceID" : 14,
      "context" : "Efficient DETR (Yao et al., 2021) introduces a dense prediction module to select top-K positions as object queries.",
      "startOffset" : 15,
      "endOffset" : 33
    }, {
      "referenceID" : 13,
      "context" : "A concurrent work Anchor DETR (Wang et al., 2021) also suggests learning anchor points directly, while it ignores the anchor width and height information as in other prior works.",
      "startOffset" : 30,
      "endOffset" : 49
    }, {
      "referenceID" : 5,
      "context" : "Conditional DETR (Meng et al., 2021) uses explicit positional embedding as positional queries for training, yielding attention maps similar to Gaussian kernels as shown in Fig.",
      "startOffset" : 17,
      "endOffset" : 36
    }, {
      "referenceID" : 12,
      "context" : ", 2020), our model is an end-to-end object detector which includes a CNN backbone, Transformer (Vaswani et al., 2017) encoders and decoders, and prediction heads for boxes and labels.",
      "startOffset" : 95,
      "endOffset" : 117
    }, {
      "referenceID" : 5,
      "context" : "Self-Attn: Qq = Cq + Pq, Kq = Cq + Pq, Vq = Cq, (3) Inspired by Conditional DETR (Meng et al., 2021), we concatenate the position and content information together as queries and keys in the cross-attention module, so that we can decouple the content and position contributions to the query-to-feature similarity computed as the dot product between a query and a key.",
      "startOffset" : 81,
      "endOffset" : 100
    }, {
      "referenceID" : 5,
      "context" : "To rescale the positional embeddings, we leverage the conditional spatial query (Meng et al., 2021) as well.",
      "startOffset" : 80,
      "endOffset" : 99
    }, {
      "referenceID" : 5,
      "context" : "Both the positional embeddings in queries and keys are generated based on 2D coordinates, making it more consistent to compare the positional similarity, as in previous works (Meng et al., 2021; Wang et al., 2021).",
      "startOffset" : 175,
      "endOffset" : 213
    }, {
      "referenceID" : 13,
      "context" : "Both the positional embeddings in queries and keys are generated based on 2D coordinates, making it more consistent to compare the positional similarity, as in previous works (Meng et al., 2021; Wang et al., 2021).",
      "startOffset" : 175,
      "endOffset" : 213
    }, {
      "referenceID" : 5,
      "context" : ", 2020) and Conditional DETR (Meng et al., 2021), it is hard to perform layer-by-layer query refinement, because it is unclear how to convert an updated anchor back to a high-dimensional query embedding.",
      "startOffset" : 29,
      "endOffset" : 48
    }, {
      "referenceID" : 16,
      "context" : "Following the previous practice (Zhu et al., 2021; Wang et al., 2021), we update anchors in each layer after predicting relative positions (∆x,∆y,∆w,∆h) by a prediction head, as shown in Fig.",
      "startOffset" : 32,
      "endOffset" : 69
    }, {
      "referenceID" : 13,
      "context" : "Following the previous practice (Zhu et al., 2021; Wang et al., 2021), we update anchors in each layer after predicting relative positions (∆x,∆y,∆w,∆h) by a prediction head, as shown in Fig.",
      "startOffset" : 32,
      "endOffset" : 69
    }, {
      "referenceID" : 12,
      "context" : "5 TEMPERATURE TUNING For position encoding, we use the sinusoidal function (Vaswani et al., 2017), which is defined as: PE(x)2i = sin( x T 2i/D ), PE(x)2i+1 = cos( x T 2i/D ), (8) where T is a hand-design temperature, and the superscript 2i and 2i + 1 denote the indices in the encoded vectors.",
      "startOffset" : 75,
      "endOffset" : 97
    }, {
      "referenceID" : 12,
      "context" : "Note that the temperature T is hard-coded in (Vaswani et al., 2017) as 10000 for natural language processing, in which the values of x are integers representing each word’s position in a sentence.",
      "startOffset" : 45,
      "endOffset" : 67
    }, {
      "referenceID" : 7,
      "context" : ", 2020), Faster RCNN (Ren et al., 2017), Anchor DETR (Wang et al.",
      "startOffset" : 21,
      "endOffset" : 39
    }, {
      "referenceID" : 13,
      "context" : ", 2017), Anchor DETR (Wang et al., 2021), SMCA (Gao et al.",
      "startOffset" : 21,
      "endOffset" : 40
    }, {
      "referenceID" : 16,
      "context" : ", 2021), Deformable DETR (Zhu et al., 2021), TSP (Sun et al.",
      "startOffset" : 25,
      "endOffset" : 43
    }, {
      "referenceID" : 10,
      "context" : ", 2021), TSP (Sun et al., 2020), and Conditional DETR (Meng et al.",
      "startOffset" : 13,
      "endOffset" : 31
    }, {
      "referenceID" : 13,
      "context" : "We showed two variations of our model: standard models and models marked with superscript ∗ that have 3 pattern embeddings (Wang et al., 2021).",
      "startOffset" : 123,
      "endOffset" : 142
    }, {
      "referenceID" : 13,
      "context" : "The models with superscript ∗ use 3 pattern embeddings as in Anchor DETR (Wang et al., 2021).",
      "startOffset" : 73,
      "endOffset" : 92
    } ],
    "year" : 2022,
    "abstractText" : "We present in this paper a novel query formulation using dynamic anchor boxes for DETR (DEtection TRansformer) and offer a deeper understanding of the role of queries in DETR. This new formulation directly uses box coordinates as queries in Transformer decoders and dynamically updates them layer by layer. Using box coordinates not only helps using explicit positional priors to improve the queryto-feature similarity and eliminate the slow training convergence issue in DETR, but also allows us to modulate the positional attention map using the box width and height information. Such a design makes it clear that queries in DETR can be implemented as performing soft ROI pooling layer by layer in a cascade manner. As a result, it leads to the best performance on MS-COCO benchmark among the DETR-like detection models under the same setting, e.g., AP 45.7% using ResNet50-DC5 as backbone trained in 50 epochs. We also conducted extensive experiments to confirm our analysis and verify the effectiveness of our methods. Code is available at https://github.com/IDEA-opensource/ DAB-DETR.",
    "creator" : "LaTeX with hyperref"
  }
}