{
  "name" : "ICLR2022-p3DKPQ7uaAi.pdf",
  "metadata" : {
    "source" : "CRF",
    "title" : null,
    "authors" : [ "Bing Su", "Ji-Rong Wen" ],
    "emails" : [ "subingats@gmail.com;", "jrwen@ruc.edu.cn" ],
    "sections" : [ {
      "heading" : "1 INTRODUCTION",
      "text" : "Distance between sequences plays a crucial role in sequence classification (Sakoe & Chiba, 1978), retrieval (Su et al., 2019), clustering (Garcı́a-Garcı́a et al., 2008), etc. Measuring distance between sequences is difficult, since different sequences may have different sampling rates, execution speeds, local distortions, initial states, and elastic warpage. To tackle such temporal variances, existing sequence distances either encode each sequence into a feature vector invariant to temporal variances (Abid & Zou, 2018; Lohit et al., 2019) or employ alignment for temporal correspondence calibration (Sakoe & Chiba, 1978; Su & Hua, 2019). Typical feature-based methods use recurrent neural networks (RNNs) (Ramachandran et al., 2017) to encode sequences and measure the Euclidean distance between corresponding features. The feature of a sequence is fixed when compared with any other sequence. Although such methods are naturally learnable and only perform forward calculations in inference, they require large amounts of sequences to train complex RNNs. Moreover, how the learned features handle temporal variances and what kinds of variances can be handled are not clear.\nAlignment-based methods determine different optimal alignments for different sequence pairs. This is more intuitive and flexible because temporal variances may be different when comparing different sequences. The inferred alignments clearly indicate how and where the two sequences differ in temporal steps. Most alignment methods solve an optimization problem under pre-defined feasible constraints to infer the optimal alignment. E.g., DTW (Sakoe & Chiba, 1978) requires dynamic programming and OPW (Su & Hua, 2019) employs fixed-point iterations. Such optimizations are often time-consuming and cannot fully utilize GPU.\nMoreover, since inferring the alignment is itself an optimization problem and has its own objective, sequence distance-based end-to-end learning using other objectives becomes intractable. For\n∗Corresponding author: Ji-Rong Wen.\ninstance, learning discriminative temporal representations for elements in sequences often adopt the objective that sequences of different classes are better separated w.r.t. a sequence distance (Mei et al., 2014; Su & Wu, 2020b). Gradients of this overall objective are difficult to pass through alignments since they are latent variables determined by another optimization problem.\nIn this paper, we propose a learnable alignment-based sequence distance, namely Temporal Alignment Prediction (TAP). TAP simulates the optimization-based inference from the input sequence pair to the optimal alignment as a function. The function is modeled by a lightweight convolutional neural network to directly predict the optimal alignment. TAP can be applied in different distance-based machine learning tasks under different settings. As instances, we show the applications of TAP in supervised representation learning and few-shot learning for sequence data. For supervised learning, we employ metric learning losses by using TAP as the distance measure to learn the frame-wise temporal representations. For few-shot learning, we adopt TAP as the distance measure in the metric learning based paradigm to compare the query and support sequence samples. In both cases, owing to the straightforward structure of TAP, the alignment prediction network and the feature extraction or transformation network can be jointly trained in an end-to-end manner, resulting in principled yet straightforward supervised learning and few-shot learning solutions for sequences. We further show the application of TAP in self-supervised alignment learning in the appendix.\nThe main contributions of this paper are three-fold. 1. We propose TAP, a learnable and fast sequence distance that only requires straightforward calculations in inference. 2. We show that TAP conveniently enables end-to-end supervised sequence representation learning with different losses. 3. We adopt TAP to dynamically align the support and query sequences for few-shot action recognition, so that alignments and temporal representations can be jointly learned with the episode-training strategy. Experiments on seven datasets demonstrate the effectiveness of TAP for both supervised learning and few-shot learning."
    }, {
      "heading" : "2 RELATED WORK",
      "text" : "Alignment-based sequence distance. Various variations of DTW have been proposed to speed up the inference (Salvador & Chan, 2007; Al-Naymat et al., 2009), or adapt to additional or modified constraints (Ratanamahatana & Keogh, 2004), or tackle sequences from different modalities (Zhou & Torre, 2009; Zhou & De la Torre, 2016; Trigeorgis et al., 2016; 2017; Cohen et al., 2021). They rely on non-differential dynamic programming for inference. Soft-DTW (Cuturi & Blondel, 2017) optimizes a differentiable loss by using the soft-minimum cost of all feasible alignments as the objective. TCOT (Su et al., 2019) and OPW (Su & Hua, 2019) view the alignment problem as the optimal transport problem with temporal regularizations. These methods solve an optimization problem to infer the optimal alignment. In contrast, our method directly predicts the alignment using a neural network, does not have its own objective, and only involves differentiable calculations.\nData-driven alignment methods. In Abid & Zou (2018), Autowarp finds the warping distance that best mimics the distance between the features encoded by LSTM, which is difficult to be integrated into an end-to-end framework because the autoencoder needs to be pre-trained and a betaCV-based optimization is required. It is shown in Tallec & Ollivier (2018) that RNN can learn to warp sequences. In Lohit et al. (2019); Weber et al. (2019), a fixed warping function is predicted for a given sequence when comparing with different sequences. This may be viewed as warping all sequences w.r.t. a fixed timing scale, which may bias to the training sequences. In contrast, since the relative local variations and correspondences between different sequences are different, our method predicts different alignments for different sequence pairs.\nSupervised representation learning for sequences. Generally, since alignment-based distances need to solve their own optimization problems to infer alignments in the latent space, the gradients of the supervised metric learning loss cannot be directly propagated. Existing methods exploit either an approximate proxy loss (Su et al., 2018; Lajugie et al., 2014), or a time-consuming optimization method to iteratively infer alignments (Mei et al., 2014), or both (Su & Wu, 2020a;b). In this paper, we show that existing deep metric learning methods can be readily applied to the proposed TAP distance in an end-to-end manner.\nFew-shot action recognition. Most existing few-shot action recognition methods follow the metric learning based paradigm. In Ben-Ari et al. (2021) and Tan & Yang (2019), TAEN and FAN en-\ncode each action into a representation with a fixed dimension and apply vector-wise metrics. Recent works identify the importance of temporal alignment for tackling non-linear temporal variations. Various alignment-based distances are proposed to compare sequence pairs, such as the temporal attentive relation network (TARN) (Bishay et al., 2019), a variant of DTW used in OTAM (Cao et al., 2020), the permutation-invariant spatial and temporal attention reweighted distance in ARN (Zhang et al., 2020), the temporal CrossTransformer for comparing all possible subsequences in TRX (Perrett et al., 2021), and the two-stage temporal alignment network (TTAN) (Li et al., 2021). Following this spirit, we apply the proposed TAP to perform temporal alignment and measure the distance between support and query sequences without any complicated attention mechanism, yielding a simple yet effective few-shot sequence learning solution."
    }, {
      "heading" : "3 METHODOLOGY",
      "text" : ""
    }, {
      "heading" : "3.1 TEMPORAL ALIGNMENT PREDICTION",
      "text" : "We first revisit the unified formulation of sequence distance in Su & Wu (2019). Let X = [x1, · · · ,xLX ] ∈ Rd×LX and Y = [y1, · · · ,yLY ] ∈ Rd×LY be two sequences with lengths of LX and LY , respectively. The elements xi, i = 1, · · · , LX of X and yj , j = 1, · · · , LY of Y lie in a d-dimensional feature space Rd. Many alignment-based distances between X and Y can be unified as follows:\nd(X,Y ) = 〈T ∗,D〉 , (1) T ∗ = argmin\nT∈Φ 〈T ,D〉+ R(T ), (2)\nwhere 〈T ,D〉 = tr(T TD) is the Frobenius dot product. D := [e(xi,yj)]ij ∈ RLX×LY is the matrix of pairwise distances between elements in X and Y , e(xi,yj) is a vector-wise distance between two elements xi and yj , which we use Euclidean distance in this paper. T is an alignment matrix whose element Tij indicates whether or how likely xi and yj are aligned. Φ is the set of all feasible T with some constraints, which is a subset of RLX×LY . R(T ) is a regularization term on T . T ∗ is the optimal alignment which is the solution of the optimization problem in Eq. (2).\nDifferent sequence distances impose different constraints on the feasible set, have different regularization terms, and use different optimization methods for inference. For instance, DTW optimizes Eq. (2) with R(T ) = 0 and the boundary, continuity, and monotonicity constraints via dynamic programming, while OPW optimizes Eq. (2) with two temporal regularization terms and the coupling constraints via the Sinkhorn’s matrix scaling algorithm. Solving T ∗ by the optimization Eq. (2) not only requires a long inference time, but also makes it difficult to apply a loss on the sequence distance Eq. (1) for learning element representations, because T ∗ is a latent variable that needs to be inferred and its gradient cannot be calculated.\nTo avoid solving the optimization problem, we propose a feedforward framework for measuring the distances between sequences, namely Temporal Alignment Prediction (TAP). Fig. 1(a) illustrates the TAP framework. For two sequences X = [x1, · · · ,xLX ] and Y = [y1, · · · ,yLY ], their TAP distance also has the form of Eq. (1), i.e., the Frobenius dot product of D and T ∗. Different from other sequence distances which infer the alignment with predefined objectives and constraints, TAP uses an alignment prediction neural network f to directly predict the optimal T ∗ = f(X,Y ) by taking the two sequences as inputs and learns f from data.\nThe alignment prediction network f can be instantiated by different architectures. In this paper, we propose a lightweight convolutional neural network architecture for its simplicity and fast inference speed. Specifically, we reuse the spatial ground matrix D to measure all pairwise distances between elements in X and Y . The relative positions of x̂i and ŷj are i/LX and j/LY , respectively. To incorporate the temporal dissimilarities, TAP further calculates all pairwise Euclidean distances between the relative positions between xi and yj into a matrix Dt := [e(i/LX , j/LY )]ij ∈ RLX×LY . Then, we concatenate D and Dt along the channel dimension to form Ds with a size of Lx×Ly×2. We use a CNN g to predict the final alignment matrix from Ds. The CNN uses three convolutional layers each followed by ReLu. The kernel size in the three layers is 5, 5, and 3, respectively, the stride is fixed to 1, and the padding is set to 2, 2, and 1, respectively, to keep the spatial size. The numbers of kernels in the three layers are set to 30, 30, and 1, respectively. The learned kernels are expected to capture the local alignment patterns. The output of f is augmented by a residual connection with D, resulting in the similarity matrix S := −(D + g(Ds)) ∈ RLX×LY . The attentions of elements in Y on xi are obtained by performing Softmax on the i-th row of S. The attentions on all elements in X form an attention matrix A, which can be obtained by performing Softmax along the 2nd dimension of S. To generate the predicted alignment T ∗, TAP finally performs a global L1 normalization on A:\nA = [ exp(Sij)∑LY k=1 exp(Sik) ]ij ∈ RLX×LY ; T ∗ = [ Aij∑LX i=1 ∑LY j=1 Aij ]ij ∈ RLX×LY . (3)\nT ∗ij indicates the probability of aligning xi and yj . The TAP distance between X and Y is calculated as in Eq. (1). The prediction network f of TAP is lightweight since it only contains a few convolutional kernels of g as parameters.\nLimitations. 1. The family of alignments for TAP is Φ := {T ∈ RLx×Ly+ |T1Ly = 1Lx/Lx}, where 1L is a L-dimensional vector with all 1 elements. Since strict order-preserving is not guaranteed in Φ, the performance of TAP may be limited when data are strictly ordered. 2. T T1Lx = 1Ly/Ly does not necessarily hold, hence TAP is asymmetric and is not a real metric. These limitations make TAP more flexible in turn. 1. Without strict order-preserving constraint, TAP can tackle local temporal reorders and generalize to non-sequential (e.g. spatial, cross-modal, etc) correspondences. 2. Asymmetric alignment distinguishes the source sequence X and the target sequence Y , where all elements in X must be transported with the same mass when aligning to different target sequences. To perform classification or retrieval, we can always set the test or query sequence as the source, which serves as a standard template to be aligned. The symmetric distance can be obtained by averaging d(X,Y ) and d(Y ,X)."
    }, {
      "heading" : "3.2 SUPERVISED REPRESENTATION LEARNING WITH TAP",
      "text" : "The performance of conventional alignment-based distances and TAP highly depends on D, where D depends on the representation space or the ground metric for elements in sequences. Therefore, learning more discriminative representations or ground metrics is of great interest. We transform element-wise features xi of X into a new space by a transformation network h. We denote the sequence of transformed features h(xi) by h(X). When labeled training sequences are available, the objective is often to make the distance better separate sequences from different classes. However, such objectives are difficult to optimize for conventional alignment-based distances because they solve another optimization problem to obtain the alignments, as presented in Appendix A.2.\nIn contrast, TAP enables supervised learning of temporal representations without seeking surrogates objectives. Given a batch of B training sequences Xn, n = 1, · · · , B with corresponding labels yn, n = 1, · · · , B, for each sequence Xn, we generate its augmentation X̃n, whose class label is the same as Xn, and calculate its TAP distances to all other B sequences including X̃n after transformation by h. We obtain its largest TAP distance to h(Xn\n′ ) of the same class as dnl =\nmaxn′:yn′=yn d(h(X n), h(Xn\n′ ); f) and its smallest TAP distance to h(Xn ′ ) of different classes as\ndns = minn′:yn′ 6=yn d(h(X n), h(Xn\n′ ); f).\nAny metric learning losses can be used to train TAP. We employ three metric learning losses to learn h and f jointly, including the triplet loss with hard-mining (HM) (Hermans et al., 2017), the lifted\nstructure (Lifted) loss (Song et al., 2016), and binomial deviance loss (Binomial) (Yi et al., 2014). For the triplet loss, we minimize the TAP distances to sequences of the same class that are larger than dns −m, and maximize those to different classes that are smaller than dnl + m, where m is a margin and set to 0.1. The objective to be minimized over f and h is formulated as follows:\nmin f,h B∑ n=1 ( ∑ n′:yn′=yn max(d(h(Xn), h(Xn ′ ); f)−dns +m, 0)\n+ ∑\nn′:yn′ 6=yn max(dnl +m−d(h(Xn), h(Xn\n′ ); f), 0))\n. (4)\nFor the lifted structure loss, we minimize the following objective to utilize the TAP distances among all the positive and negative pairs:\nmin f,h B∑ n=1 ( 2β log( ∑ n′:yn′=yn eβd(h(X n),h(Xn ′ );f)) + 2α log( ∑ n′:yn′ 6=yn e−αd(h(X n),h(Xn ′ );f))) . (5)\nFor the binomial deviance loss, for the n-th sequence, we first perform hard mining to select its hard positive and negative samples within the batch:\nPn = {n′|yn′ =yn; d(h(Xn), h(Xn′); f)>dns−m} N n = {n′|yn′ 6= yn; d(h(Xn), h(Xn′); f)<dnl +m} . (6)\nWe then minimize the following objective:\nmin f,h B∑ n=1 ( 2β|Pn| ∑ n′∈Pn log(1 + eβ(d(h(X n),h(Xn ′ );f)−0.5))\n+ 2α|N n| ∑\nn′∈N n log(1 + e−α(d(h(X\nn),h(Xn ′ );f)−0.5)))\n. (7)\nwhere |Pn| and |N n| denote the number of mined positive and negative sequences, respectively. In all losses, α and β are hyper-parameters controlling the weights of positive and negative pairs, respectively. For all the losses, we also incorporate the self-supervised loss of minimizing the TAP distance between each sequence and its augmentation, as presented in the appendix, where the augmentation is obtained by random blurring and random merge. For any supervised loss, the feature transformation network h and the alignment prediction network f in TAP are learned jointly by back-propagation in an end-to-end manner."
    }, {
      "heading" : "3.3 FEW-SHOT ACTION RECOGNITION WITH TAP",
      "text" : "In this subsection, we demonstrate the application of TAP in few-shot action recognition. For a N - way K-shot classification task, there are N action classes and each class has K support videos. The task aims to classify each query video into one of the N classes. We follow the episode training and evaluation. The video dataset is divided into a training set, a validation set, and a test set. Classes in the three sets are disjoint. In the training phase, we randomly construct one N -way K-shot task in each episode to train the model. The best model is selected according to the performance on tasks constructed from the validation set and evaluated on tasks constructed from the test set.\nWe adopt the metric learning strategy with the TAP distance. For each N -way K-shot classification task, the support videos are denoted by V nk , n = 1, · · · , N ; k = 1, · · · ,K and the query videos are denoted by Vq, q = 1, · · · , Q, where Q is the number of query videos. We follow Cao et al. (2020); Li et al. (2021) to sample a fixed number L of frames per video. We use a feature embedding backbone h to represent each frame vi by a d-dimensional feature vector xi = h(vi), thus each video V is represented by a feature sequence X = h(V ) = [x1, · · · ,xL] ∈ Rd×L. A self-attention (SA) module can be performed to enhance X = SA(X) as presented in Appendix A.3.\nTo classify a query video Vq , we calculate the TAP distances between Xq and all the support sequences. Since TAP is non-symmetric, we add d(Xq,Xnk ; f) and d(X n k ,Xq; f) as the dissimilarity between Xq and the k-th support sequence of the n-th class Xnk . The similarity between Vq and the n-th class is then obtained as:\nsnq = K∑ k=1 −d(Xq,Xnk ; f)− d(Xnk ,Xq; f) (8)\nXq is classified to the class with the largest similarity.\nIn the training phase, we jointly learn the backbone h and the prediction network f of TAP with the cross-entropy loss. The loss over a single episode is formulated as follows:\nL = − Q∑ q=1 log exp(s yq q )∑N n=1 exp(s n q ) . (9)\nwhere yq is the ground-truth class label of the query video Vq . If SA is applied to query and support sequences before performing alignment by TAP, the method is denoted by SA-TAP."
    }, {
      "heading" : "4 EXPERIMENTS",
      "text" : ""
    }, {
      "heading" : "4.1 DATASETS",
      "text" : "For supervised representation learning, we evaluate TAP on four sequence datasets. MSR Action3D (Li et al., 2010; Wang et al., 2012) contains 557 skeleton sequences from 20 action classes. We follow the splitting of the dataset in Wang et al. (2012); Wang & Wu (2013). We use the 192-dimensional element-wise features in Wang et al. (2012); Wang & Wu (2013). MSR Daily Activity3D (Wang et al., 2012) contains 320 skeleton sequences from 16 activity classes. We also follow the splitting of the dataset in Wang et al. (2012); Wang & Wu (2013) and use the 390- dimensional element-wise features in Wang et al. (2012); Wang & Wu (2013). The “Spoken Arabic Digits (SAD)” dataset from the UCI Machine Learning Repository (Bache & Lichman, 2013) contains 8,800 sequences of 13-dimensional mel-frequency cepstrum coefficients from 10 classes. The dataset has 6,600 training sequences and 2,200 testing sequences. ChaLearn (Escalera et al., 2013b;a) contains 955 Italian gesture sequences from 20 classes. The dataset is split into training, validation, and test sets. Following Fernando et al. (2015), we conduct experiments on the segmented sequences where each sequence contains one gesture. We use the 100-dimensional element-wise features in Fernando et al. (2015). On all datasets, the lengths of different sequences are different.\nFor few-shot action recognition, we evaluate TAP on three video datasets. UCF101 (Soomro et al., 2012) contains 13,320 videos of 101 classes. We follow the protocol used in Zhang et al. (2020) to split the dataset, where the training, validation, and test sets contain 70, 10, and 21 classes with 9154, 1421, and 2745 videos, respectively. HMDB51 (Kuehne et al., 2011) consists of 6,840 videos from 51 classes. We also follow the protocol used in Zhang et al. (2020) to split the dataest, where the training, validation, and test sets contain 31, 10, and 10 classes with 4280, 1194, and 1292 videos, respectively. Something-Something-v2 (SSv2) (Goyal et al., 2017) contains 220,847 videos of 174 classes. We follow the protocol in Cao et al. (2020) to split the dataset, where the training, validation, and test sets contain 64, 12, and 24 classes with 77,500, 1925, and 2854 videos, respectively."
    }, {
      "heading" : "4.2 IMPLEMENTATION DETAILS",
      "text" : "The structure and hyper-parameters of the alignment prediction network are fixed in TAP, as introduced in Section 3.1. For supervised representation learning, we perform two tasks on each dataset: sequence classification and sequence retrieval. For classification, we use the nearest neighbor (1- NN) classifier. For each test sequence, we calculate the distances to all training sequences w.r.t. the evaluated distance and its label is determined by the training sequence with the smallest distance. We use accuracy as the performance measure. For retrieval, we use each test sequence as a query and rank all training sequences according to their distances to the query in ascending order. We use mean average precision (MAP) as the performance measure.\nFollowing Su & Wu (2020b), we use a three-layer perceptron as the transformation network h, where the two hidden layers have 1024 nodes followed by ReLU activations and the output has the same dimension with the input element-wise features. For learning the TAP distance, we use the Adam optimizer with a momentum of 0.9 and a weight decay of 1e−4 and train a maximum of 100 epochs. The learning rate is fixed to 0.0001 on all datasets. The batch size is set to 64 except for the MSR Activity3D dataset, where it is reduced to 16 due to memory limitation. We fix the hyper-parameters α and β in the lifted structure loss and the binomial deviance loss to 40 and 2, respectively.\nTo evaluate TAP on few-shot action recognition, we perform 5-way 1-shot and 5-way 5-shot classification tasks. We increase the numbers of kernels in the middle layers of f from 30 to 64. Fol-\nlowing Cao et al. (2020); Zhang et al. (2020), we uniformly sample L = 8 frames per video, resize each frame to 256 × 256, augment the frames with random horizontal flipping, perform 224 × 224 random crops for training and center crops for testing, and use the pretrained ResNet-50 as the backbone. We jointly tune the backbone and train TAP by the SGD optimizer with a learning rate of 0.001. Each episode contains 1 task due to the memory constraint. We adapt the toolbox 1 and all other hyper-parameters remain the same. We train a maximum of 100000 iterations on SSv2 and 35000 iterations on other datasets. We select the best iteration every 5000 iterations according to the performance on the validation set. For 1-shot task on HMDB51, the validation accuracy starts to fluctuate after 5000 iterations, so we train 5000 iterations and select every 1000 iterations. We randomly sample 10,000 tasks from the test set and report the average accuracy."
    }, {
      "heading" : "4.3 COMPARISON WITH SUPERVISED REPRESENTATION LEARNING METHODS",
      "text" : "TAP can be used to learn temporal representations in a supervised manner as presented in Section 3.2. Comparisons with other supervised sequence representation learning methods on the four datasets are shown in Table 1, where we follow the setting and compare with the results reported in Su & Wu (2020b). LDMLT (Mei et al., 2014), SWMD (Huang et al., 2016), and RVSML (Su & Wu, 2019) learn linear transformations for elements in sequences, while deep metric learning methods with binomial deviance loss (Binomial) (Yi et al., 2014), lifted structured loss (Lifted) (Song et al., 2016), triplet loss with hard-mining (HM) (Hermans et al., 2017), and multi-similarity loss (MS) (Wang et al., 2019) learn non-linear temporal representations by treating elements in each sequence as independent samples of the same class. DeepRVSML (D-R) (Su & Wu, 2020b) is the deep extension of RVSML. All methods use the same transformation network. TAP generally outperforms these methods on all datasets. Especially, TAP achieves much higher MAP, which reflects that the TAP distances between sequences from the same class are generally smaller than those from different classes. This shows the effectiveness of the end-to-end joint training of the feature transformation network and the alignment prediction network of TAP.\nSoftDTW is differentiable and can also be combined with different losses to train h. This can be achieved by replacing the TAP distance d(h(Xn), h(Xn ′ ); f) with the SoftDTW distance in Eq. (4),\n1https://github.com/tobyperrett/few-shot-action-recognition\nEq. (5), and Eq. (7), respectively. Comparisons between TAP and SoftDTW for supervised representation learning are also presented in Tab. 1. We employ the PyTorch implementation2 of SoftDTW. The triplet loss is relatively straightforward, since the sequence distance does not undergo a nonlinear function. SoftDTW outperforms TAP when the HM loss is used on some datasets. In the other two losses, exponential and logarithmic transformations are applied to the sequence distance, so the backpropagation through the alignment variable is more complicated. For SoftDTW, using a large α will lead to infinite initial losses, so we reduce α and β to 2 and 1, respectively. When using the lifted structure loss and binomial deviance loss to optimize the transformation network h, the results of SoftDTW are inferior to those of TAP on most datasets. In addition, it is easy to fall into a trivial solution when incorporating SoftDTW into complex losses on some datasets. This may be because that gradients backpropagated through SoftDTW cannot be automatically calculated and such manually derived backward processes with respect to complex losses may be more unstable. On all datasets, TAP outperforms all other methods by a significant margin on MAP. In cases where the accuracy of TAP is not the best, it is also comparable with the best result. These results show that TAP can be better learned with different losses, the training of TAP is easier and more consistent, and TAP has better potential to be applied to more complex tasks. In addition, TAP can be generalized to tackle non-sequential data, e.g., determining the spatial or set-to-set correspondences; while SoftDTW is more restricted to strictly order-preserving sequence data."
    }, {
      "heading" : "4.4 EVALUATION ON COMPUTATIONAL TIMES AND ALIGNMENTS",
      "text" : "We compare the average training time per epoch of SoftDTW and TAP on a single TITAN V GPU by using the triplet loss in the middle part of Table 2. Since the asymmetric TAP distance between any two sequences in a batch is calculated twice, the training time of TAP is longer than SoftDTW. Table 2 (bottom) compares the average running times for computing the distances between one test sequence and all training sequences with different distances including DTW, optimal transport (OT), OPW, SoftDTW, and TAP. l in the top row indicates the average length of sequences in the dataset. TAP runs faster than OT, DTW, and OPW by at least an order of magnitude. The larger the dataset, the more significant the advantage. This is because TAP avoids complex optimizations required by other distances and can be accelerated conveniently by GPU. When both running on GPU, TAP is faster than SoftDTW. As shown in Appendix A.5, the advantage increases as l increases.\nFig.2 shows visualizations on the MSR Action3D dataset. For the test sequence of “draw tick”, the nearest training sequence by TAP comes from the same class, but the one by Soft-DTW comes from another class “horizontal arm wave”. Actions contain different movement cycles and similar poses. Each alignment path of Soft-DTW is strictly order-preserving, causing some meaningless alignments. The alignments of TAP show periodicity while preserving the general orders.\nIn the alignment prediction network f , we implement g by CNN to model the temporal constraints since multiple convolution kernels in different layers are suitable for capturing different local alignment patterns and variances of local motions. The local receptive field of CNN can be viewed as imposing a constraint on the local temporal warping. Ablation studies on the architecture and hyperparameters of g are presented in Appendix A.7. To evaluate the effect of g(Ds), we apply the trained\n2https://github.com/Sleepwalking/pytorch-softdtw. In Fig. 2, we use the implementation (https://github.com/mblondel/soft-dtw) for calculating the SoftDTW alignment.\nTAP model on each test sequence and calculate the Frobenius norm ratio: ‖g(Ds)‖F‖D‖F . The average ratios of all test sequences with different losses are shown in Tab. 3. The ratio ranges from 2 to 21, showing that g(Ds) contributes more than D.\nTable 3: Frobenius Norm ratios.\nMethod Action3D Activity3D\nHM+TAP 3.5539 10.2145 lifted+TAP 21.2767 15.6680 Binomial+TAP 2.1119 13.8124\nTable 4: MSE between predicted alignments and constructed ground-truth alignments.\nDataset SoftDTW-s TAP-s SoftDTW TAP\nAction3D 0.0165 0.0131 0.0163 0.0062 Activity3D 0.0040 0.0037 0.0037 0.0026\nTo quantitatively evaluate the alignments, we generate augmentations and corresponding groundtruth alignments for each sequence in the test set. Comparison on MSE between ground-truths and predicted alignments by the supervised learned TAP (TAP-s) and SoftDTW (SoftDTW-s) is shown in the left part of Tab. 4. f in TAP can also be directly learned by minimizing MSE on the training set via augmentations. We directly apply TAP learned in this way and SoftDTW to align the original test sequences and their augmentations. Results are shown in the right part of Tab. 4. Details of the evaluation methods are presented in Appendix A.8. In both cases, TAP achieves lower MSEs."
    }, {
      "heading" : "4.5 EVALUATION ON FEW-SHOT ACTION RECOGNITION",
      "text" : "We compare TAP and SA-TAP with state-of-the-art few shot action recognition methods including ARN Zhang et al. (2020), CMN-J (Zhu & Yang, 2018; 2020), OTAM (Cao et al., 2020), TRX (Perrett et al., 2021), and TTAN (Li et al., 2021). Results on 5-way 1-shot and 5-way 5-shot tasks are shown in Table 5, where the results of OTAM and TRX on UCF101 and HMDB51 are reported in (Li et al., 2021). OTAM employs a modified DTW as the distance. TAP generally outperforms OTAM and SoftDTW significantly. When only 1 support sample per class is available, TAP also achieves better results than TRX. TAP with much fewer parameters outperforms TTAN consisting of two stages on UCF101. TAP has tighter 95% confidence intervals and is more stable than SoftDTW and ARN. SA-TAP further improves TAP. It outperforms all other methods in 1-shot tasks on UCF-101 and HMDB-51. On SSv2, SA-TAP achieves comparable results to TTAN in 1-shot learning and comparable results to TRXs in 5-shot learning, while significantly outperforming other methods. These results validate the effectiveness of TAP and SA-TAP on few-shot action recognition."
    }, {
      "heading" : "5 CONCLUSION",
      "text" : "In this paper, we present TAP, which is a learnable distance for sequences. TAP calculates the optimal alignment from the input sequences using a prediction network. We demonstrate the application of TAP in supervised representation learning for sequence data and few-shot action recognition. For supervised learning, TAP can be learned with various metric learning-based losses. Experimental results on four real-world datasets show that TAP achieves competitive performances with much faster inference speed. For few-shot learning, simply applying TAP in the metric-based strategy achieves comparable results with some state-of-the-art few-shot action recognition methods."
    }, {
      "heading" : "ETHICS STATEMENT",
      "text" : "This paper proposes a learnable sequence distance that employs a lightweight neural network to predict the optimal alignment between two sequences and its applications in supervised learning, few-shot learning, and self-supervised learning (in the appendix) for sequence data. The proposed distance can be applied to any sequence data to speed up the inference of optimal alignment and improve the discrimination ability. Because this work presents such a general distance measure and its learning methods under different conditions, we did not see any particular foreseeable negative ethics impacts."
    }, {
      "heading" : "REPRODUCIBILITY STATEMENT",
      "text" : "The architecture and hyper-parameters of the alignment prediction network in TAP are fixed and specified in Section 3.1. We specify all the training details on hyper-parameters and experimental settings in Section 4.2. Our code is available at https://github.com/BingSu12/TAP."
    }, {
      "heading" : "ACKNOWLEDGMENTS",
      "text" : "This work was supported in part by the National Natural Science Foundation of China No. 61976206 and No. 61832017, Beijing Outstanding Young Scientist Program NO. BJJWZYJH012019100020098, Beijing Academy of Artificial Intelligence (BAAI), China Unicom Innovation Ecological Cooperation Plan, the Fundamental Research Funds for the Central Universities, the Research Funds of Renmin University of China 21XNLG05, and Public Computing Cloud, Renmin University of China. This work was also supported in part by Intelligent Social Governance Platform, Major Innovation & Planning Interdisciplinary Platform for the “Double-First Class” Initiative, Renmin University of China, and Public Policy and Decision-making Research Lab of Renmin University of China."
    }, {
      "heading" : "A APPENDIX",
      "text" : ""
    }, {
      "heading" : "A.1 SELF-SUPERVISED LOSS FOR TAP",
      "text" : "We show that the proposed TAP distance can also be learned in a self-supervised manner with unlabeled sequence samples. We learn the prediction network of TAP by minimizing the TAP distances between sequences and their corresponding augmentations. Data of specific modalities such as images and videos can be augmented through low-level transformations, where self-supervised learning methods learn the feature embedding network by encouraging consistent features extracted from original data and their augmentations. Differently, we focus on learning the distance between sequences, where the element-wise features are already given no matter where and how the features are extracted, so low-level transformations are not applicable. To this end, we propose two augmentation methods for sequences: random blur and random merge.\nRandom blur. Random blur constructs a blur kernel K with a randomly selected size. The values in the kernel are also randomly selected from the range of [0, 1] so that values in the kernel decrease from middle to both sides. Given a sequence X = [x1, · · · ,xLX ] ∈ Rd×LX , random blur generates an augmented sequence X̃ by convolving X with K. The stride along the 1st dimension is set to 1. The stride along the 2nd dimension is randomly selected from 1, 2, 3. No padding is applied. Thus, each column element x̃i of X̃ is the weighted average of several successive elements of X . The ground-truth alignment values between x̃i and the Nk elements are set as the values in K, while those between x̃i and all other elements of X are set to 0. In this way, we construct the ground-truth alignment matrix T̃ between X and X̃ .\nRandom merge. For X with a length of LX , random merge first randomly selects an integer L̃ from [0.5LX , 0.8LX ]. X is then randomly segmented into L̃ parts, where each part has at least one element. For the k-th part with L̃k elements, L̃k values are randomly sampled from a standard Gaussian distribution and then normalized by softmax to form L̃k weights. The L̃k elements are averaged with the weights to form a new element x̃k. The augmented sequence consists of all the generated elements for all parts sequentially: X̃ = [x̃1, · · · , x̃L̃k ] . The ground-truth alignment values between x̃k and the L̃k elements in the k-th part of X are set as the L̃k corresponding weights, while those between x̃k and elements in other parts are set to 0. In this way, the groundtruth alignment matrix T̃ between X and X̃ is constructed.\nSelf-supervised learning of TAP. Given N unlabeled training sequences Xn, n = 1, · · · , N , the goal is to learn the TAP distance by learning the prediction network. For each Xn, we first randomly select one of the two methods to generate its augmented sequence X̃n and the corresponding\nground-truth alignment T̃ n. We then calculate the TAP distance d(Xn, X̃n; f) and the corresponding non-normalized alignment An in Eq. (3) between Xn and X̃n. Since TAP is asymmetric, we also calculate the dual TAP distance d(X̃n,Xn; f) and dual alignment And between X̃\nn and Xn. We minimize the TAP and its dual distances. We also minimize the Mean Squared Errors (MSEs) between the predicted dual alignments and the ground-truth alignments, which indirectly forces the alignment and the dual alignment to be consistent. The objective for a batch of B sequences is:\nmin f\n1\nB B∑ n=1 (d(Xn, X̃n; f) + d(X̃n,Xn; f) +MSE(An, T̃ n) +MSE(And , T̃ nT )). (10)\nParameters of the alignment prediction network f in TAP are learned by back-propagation. Since D is fixed with given sequences and T is obtained after softmax and L1 normalization, the TAP distance between two sequences is bounded. Therefore, f has no trivial collapse solution, so negative sequence samples are naturally not required. Once f is learned, TAP can be applied to measure the difference between two sequences by feedforward calculations. In Section 3.2, the self-supervised loss 10 is added to all supervised losses to improve the stability of the learned TAP.\nTable 6: Results on the MSR Action3D dataset.\nDistance MAP 1-NN 5-NN 30-NN\nDTW 0.590 81.32 80.95 72.53 lDTW 0.567 82.78 79.12 64.84 nDTW 0.565 79.85 76.92 67.40 OT 0.544 78.02 75.09 59.34 Sinkhorn 0.546 78.02 74.73 60.44 TCOT 0.578 80.59 79.49 67.03 OPW 0.587 84.25 80.22 67.03 SoftDTW 0.589 81.32 80.95 72.89 SoftDTW∗ 0.076 4.03 5.50 5.13 TAP 0.557 79.85 78.02 67.77\nTable 7: Results on MSR Activity3D dataset.\nDistance MAP 1-NN 5-NN 30-NN\nDTW 0.338 58.75 49.38 31.87 lDTW 0.288 50.00 50.00 30.00 nDTW 0.306 55.63 52.50 30.00 OT 0.308 55.63 50.62 25.00 Sinkhorn 0.307 54.37 50.62 25.62 TCOT 0.321 59.38 51.88 28.13 OPW 0.346 58.13 53.75 30.63 SoftDTW 0.339 60.00 50.00 33.75 SoftDTW∗ 0.108 6.25 6.25 6.25 TAP 0.362 61.25 55.63 36.25\nComparison with alignment-based distances. We compare the self-supervised learned TAP with 8 alignment-based sequence distances in the retrieval and classification tasks, including DTW, length-normalized DTW (lDTW), matching step-normalized DTW (nDTW), optimal transport (OT) (Kolouri et al., 2017), Sinkhorn (Cuturi, 2013), TCOT (Su & Hua, 2019), OPW (Su & Hua, 2019), and SoftDTW (Cuturi & Blondel, 2017). We follow the setting in (Su & Hua, 2019) and directly compare with the results reported in Su & Hua (2019). The comparisons on the MSR Action3D and MSR Activity3D datasets are shown in Table 6 and Table 7, respectively. We observe that TAP generally outperforms other distances on the MSR Activity3D dataset, but performs worse on the MSR Action3D dataset.\nSoftDTW can be used as a differentiable loss on top of a single-layer embedding. SoftDTW∗ trains the additional linear layer in a self-supervised manner by minimizing the SoftDTW distances between the original training sequences and their augmented ones, but the effect is equivalent to random classification. Without negative sample sampling, SoftDTW∗ falls into the trivial solution of all zeros. In self-supervised learning, TAP naturally avoids the trivial solution since it calculates D from the original sequences and performs Softmax on T ."
    }, {
      "heading" : "A.2 PROBLEM OF SUPERVISED REPRESENTATION LEARNING WITH ALIGNMENT-BASED DISTANCES",
      "text" : "For supervised learning, the objective is often to make the sequence distance better separate sequences from different classes. However, such objectives are difficult to optimize for conventional alignment-based distances because they solve another optimization problem to obtain the alignments. For example, if we apply the triplet loss to the OPW distance, the objective becomes:\nmin h B∑ n=1 ( ∑ n′:yn′=yn max( 〈 T ∗nn′ ,D(h(X n), h(Xn ′ )) 〉 − dns +m, 0)\n+ ∑\nn′:yn′ 6=yn max(dnl +m−\n〈 T ∗nn′ ,D(h(X n), h(Xn ′ )) 〉 , 0))\ns.t. T ∗nn′ = argmin T∈Φ\n〈 T ,D(h(Xn), h(Xn ′ )) 〉 +R(T )\n. (11)\nThe gradients of this objective with respect to the parameters of h rely on T ∗nn′ , which is determined by another optimization problem with additional constraints on T and this optimization problem depends on h in turn. Therefore, the gradients cannot be explicitly formulated and directly obtained. The overall optimization problem thus cannot be optimized via back propagation in an end-to-end manner. An alternative solution is to alternatively update T ∗ and h by fixing the other in an iterative way, which is time-consuming and there is no theoretical guarantee of convergence. Existing methods (Mei et al., 2014; Su & Wu, 2020b) optimize a proxy or approximate objective through complex iterative solutions."
    }, {
      "heading" : "A.3 SELF-ATTENTION MODULE IN SA-TAP",
      "text" : "In few-shot action recognition, TAP can be combined with the self-attention mechanism. Especially, the proposed TAP focuses on aligning different sequences, but cannot fully utilize the temporal dependencies among frames in the same sequence. This can be alleviated by applying a single-head self-attention (SA) module to each sequence before performing alignment by TAP. Specifically, after obtaining the feature sequence X for a video, we first obtain Xp = X + Pe(X), where Pe(X) is the sequence of position embeddings for elements in X . We then employ the self-attention module to transform Xp into the following sequence:\nXa = Softmax( XTp Wq(X T p Wk) T\n√ d\n)XTp Wv, (12)\nwhere Wq , Wk, and Wv are three linear projections with the size of d× d. The sequence X is finally transformed into:\nX = LN(XTa + Xp) (13)\nWhere LN is the layer normalization. Both the support and query sequences are enhanced before calculating their TAP distance in Eq. (8). We denote this method by SA-TAP."
    }, {
      "heading" : "A.4 COMPLEXITY AND MODEL SIZE",
      "text" : "The complexities for calculating D, performing convolutions with a few layers and small kernels, calculating S, and performing Softmax and L1 normalization are O(LXLY d), O(LXLY d), O(LXLY ), and O(LXLY ), respectively, where the number of layers, the size of kernels, and the number of kernels are omitted since they are small. The overall complexity of TAP is O(LXLY d).\nTAP only contains three convolution layers and hence the model size is quite small. For supervised learning, the feature transformation network is the same for all methods. DTW, OPW, and Soft-DTW are parameter-free but require solving an optimization problem for inferring the optimal alignment, so they introduce no additional parameters. In the three layers of TAP, we fix the kernel sizes to 5, 5, and 3, respectively, and we fix the number of filers to 30, 30, and 1, respectively. Therefore, TAP only introduces 30× 5× 5× 2 + 30× 5× 5× 30 + 1× 3× 3× 30 = 0.0231M parameters. For few-shot action recognition, the feature extraction backbone is fixed to ResNet-50 for all methods. OTAM employs a variant of DTW as the distance measure and hence does not introduce additional parameters. TRX contains two Ω × d × dk projections and one Ω × d × dv projection, where Ω is the length of a tuple, d = 2048 is the dimension of frame-wide features and dk = dv is set to 1152. Therefore, TRX introduces 3× 2× 2048× 1152×Ω parameters, Ω is often set to 2 for using frame pairs and 3 for frame tuples, so the number of parameters ranges from 27M to 40.5M. Moreover, TRX requires an exhaustive traversal of pairs and triplets of frames with high complexity. In TTAN, the location network in the temporal transform module takes a feature sequence as input\nand outputs two indexes with several learnable layers, but the detailed network structure is not specified; the temporal attentive module contains 3 d × d projections and has 12M parameters; the late fusion module introduces another 3 d× d projections with 12M parameters. In contrast, TAP-CNN also only introduces 64× 5× 5× 2 + 64× 5× 5× 64 + 1× 3× 3× 64 = 0.1013M parameters since the kernel sizes are enlarged to 64, 64, and 1, respectively. For SA-TAP, the self-attention layer contains 3 d × d projections, Therefore, SA-TAP introduces 3d2 + 0.1013M = 12.1013M parameters. The model sizes of both TAP and SA-TAP are smaller than TRX and TTAN."
    }, {
      "heading" : "A.5 COMPARISON OF TAP AND SOFTDTW ON RUNNING TIMES",
      "text" : "We study the scalability of the proposed TAP in comparison with SoftDTW as the length and dimensionality increase. We randomly generate two sequences of length L, both consists of d-dimensional features. For different L and d, we compute the SoftDTW distance and the TAP distance with random parameters between the two sequences, respectively, and compare the corresponding running times. We first fix d to 500, and increase L from 100 to 1000 with an interval of 100. The running times of SoftDTW and TAP as functions of L are compared in Fig. 3(a). The running time of SoftDTW grows rapidly as the length increases due to the dynamic programming and backtracking processes. In contrast, since only the forward matrix operations are required, the running time of TAP does not change much as the length increases. The longer the sequences, the more obvious the speed advantage of the proposed TAP.\nWe then fix L to 500, and increase d from 100 to 1000 with an interval of 100. The running times of SoftDTW and TAP as functions of d are compared in Fig. 3(b). We observe that the proposed TAP is consistently about 10 times faster than SoftDTW. These results demonstrate that TAP can better scale to long and high-dimensional sequences."
    }, {
      "heading" : "A.6 EFFECT OF DATA AUGMENTATION ON SUPERVISED LEARNING",
      "text" : "We apply the data augmentations, i.e., random blur and random merge, in supervised learning only for obtaining more stable results. For example, in some cases, all sequences in a small batch satisfy the constraints in Eq. (4) and Eq. (6), where data augmentation can enlarge the within-class distance. Comparison results of TAP with and without data augmentations on the MSR Action3D and MSR Activity3D datasets are shown in Tab. 8. In some cases, the data augmentation only brings minor improvements, while in other cases, the data augmentation even causes performance degradation, which may be because augmented sequences obtained by such temporal blur and merge do not reflect the real intra-class variances. Generally, in most cases, since the augmented sequence often has a small distance from the original sequence, it will not change the selection of hard negatives and hard positives in Eq. (6). Without the proposed data augmentations, TAP still outperforms all other methods where it performs best in Tab. 1, and all conclusions still hold."
    }, {
      "heading" : "A.7 ABLATION ON THE ARCHITECTURE OF THE ALIGNMENT PREDICTION NETWORK",
      "text" : "The intuition behind using CNN as g in the alignment prediction network f is that CNN can implicitly model the temporal constraints and capture local alignment patterns. Temporal constraints for performing temporal alignment are often reflected as follows: the probability of two frames being aligned is not only related to the distance between the two elements and the difference between their relative positions, but also depends on the distances and alignment probabilities between their adjacent frames. Convolution kernels aim at capturing such local information. There may exist different local alignment patterns at different levels. Multiple convolution kernels in different layers are suitable for capturing these different local patterns and variances of local motions.\nA transformer-like cross-attention-based architecture can also be used to predict temporal alignment. Specifically, for aligning Y to X , we use a linear projection Wq ∈ Rd\n′×d to transform all elements xi of X to x̂i = Wqxi, resulting in a transformed sequence X̂ = [x̂i, i = 1, · · · , LX ] = WqX, where d′ = 30 is the transformed dimensionality. Similarly, Y is transformed into Ŷ = [ŷj , j = 1, · · · , LY ] = WkY by another projection Wk. We use each x̂i as the query, use ŷj , j = 1, · · · , LY as keys, and calculate all pairwise Euclidean distances between x̂i, i = 1, · · · , LX and ŷj , j = 1, · · · , LY into a matrix Ds := [e(x̂i, ŷj)/ √ d′]ij ∈ RLX×LY . The similarity matrix S is calculated as: S = −(Ds + λDt), where the hyper-parameter λ is set to 50. Similarly with TAP, we perform Softmax and L1 normalization in Eq.(3) to S to obtain the final alignment T . We denote this method by TAP-trans. Comparisons of TAP and TAP-trans are shown in Tab. 9. We observe that CNN outperforms the Transformer-like attention-based network. This may indicate that CNN indeed can capture the local alignment patterns by integrating the local contexts.\nThe local receptive field of CNN can be viewed as imposing a constraint on the temporal deviation: only local warping within the receptive field is considered since extremely unbalanced warping is not preferred. Increasing the kernel sizes or using more convolution layers gains larger receptive fields, hence larger warping patterns are allowed and long-range dependencies can be utilized. We have added comparisons with two variants, namely TAP (l) and TAP (d), to evaluate the effects of using larger kernels and using more convolution layers, respectively. In TAP (l), the kernel size in the three convolution layers is increased to 7, 7, and 5 with paddings 3, 3, and 2 to keep the spatial\nsize, respectively. In TAP (d), another convolution layer is inserted after the second layer, where the kernel size, padding, and the number of kernels are set to 5, 2, and 30, respectively.\nComparison results are shown in Tab. 10. Generally, using larger convolution kernels or adding more convolution layers to relax the restriction on warping and model more levels of alignment patterns can further increase the performance of TAP. We use the CNN architecture consisting of 3 convolution layers with small kernels to impose strong inductive bias and keep the alignment prediction network lightweight."
    }, {
      "heading" : "A.8 EVALUATION METHODS ON MSE BETWEEN PREDICTED AND GROUND-TRUTH ALIGNMENTS.",
      "text" : "For each test sequence, we randomly generate 5 augmentations with the proposed augmentation methods (random blur and random merge) and approximately construct the ground-truth alignment between the original sequence and its augmentations, respectively. To evaluate the predicted alignments by supervised trained TAP (TAP-s), we first apply the trained transformation network h to transform the sequence and each of its augmentations, and then predict their un-normalized alignments by the trained alignment prediction network f . For supervised learning with SoftDTW (SoftDTW-s), after transforming the sequences with the trained h, the alignments are directly inferred by SoftDTW. The MSE between the predicted alignments and the ground-truth alignments of all test-augmentation sequence pairs is calculated as the performance measure. Comparisons of TAP-s and SoftDTW-s by using the triplet loss are shown in the left part of Tab. 4.\nWe can also directly train TAP without jointly learning the transformation network h by constraining the predicted alignments. We generate augmentations for each training sequence and construct the corresponding ground-truth alignment. The prediction network f is trained by minimizing the MSE loss between the predicted un-normalized alignments by TAP and the constructed groundtruth alignments. In the testing stage, we directly apply SoftDTW or the trained TAP to predict the alignments between test sequences and their corresponding augmentations. Comparisons on the MSE between the ground-truth alignments and the alignments predicted by SoftDTW and TAP on the test set are shown in the right part of Tab. 4. We observe that in both cases, TAP achieves lower MSEs, which may indicate that TAP can indeed learn alignment patterns from the training sequences to better approximate the ground-truth alignments."
    }, {
      "heading" : "A.9 EVALUATING THE LEARNED REPRESENTATIONS WITH A LINEAR CLASSIFIER",
      "text" : "In supervised representation learning, we jointly learn the frame-wise feature extraction network h and the alignment prediction network f . We further use a linear classifier to evaluate the learned representations. For each sequence, we freeze the backbone to extract frame-wise features and then encode them into a vector representation by mean pooling. We then train a linear classifier on these vector representations. We use the Adam optimizer, where the hyper-parameters of the optimizer remain the same as in supervised representation learning. The number of epochs is fixed to 3000. Comparisons of TAP and SoftDTW with the linear classifier are shown in Tab. 11.\nWe observe that TAP always outperforms SoftDTW with the linear classifier no matter what supervised representation learning loss is adopted and whether SoftDTW falls into the trivial solution. This shows that the representations learned by TAP are more discriminative. The results obtained by the linear classifier are worse than the 1-NN classifier, which indicates that the mean pooling loses useful temporal information and TAP can take advantage of such information."
    } ],
    "references" : [ {
      "title" : "Autowarp: learning a warping distance from unlabeled time series using sequence autoencoders",
      "author" : [ "Abubakar Abid", "James Zou" ],
      "venue" : "In Proceedings of the 32nd International Conference on Neural Information Processing Systems,",
      "citeRegEx" : "Abid and Zou.,? \\Q2018\\E",
      "shortCiteRegEx" : "Abid and Zou.",
      "year" : 2018
    }, {
      "title" : "Sparsedtw: a novel approach to speed up dynamic time warping",
      "author" : [ "Ghazi Al-Naymat", "Sanjay Chawla", "Javid Taheri" ],
      "venue" : "In Proceedings of the Eighth Australasian Data Mining ConferenceVolume",
      "citeRegEx" : "Al.Naymat et al\\.,? \\Q2009\\E",
      "shortCiteRegEx" : "Al.Naymat et al\\.",
      "year" : 2009
    }, {
      "title" : "Taen: Temporal aware embedding network for few-shot action recognition",
      "author" : [ "Rami Ben-Ari", "Mor Shpigel Nacson", "Ophir Azulai", "Udi Barzelay", "Daniel Rotman" ],
      "venue" : "In Proceedings of the IEEE/CVF Conference on Computer Vision and Pattern Recognition,",
      "citeRegEx" : "Ben.Ari et al\\.,? \\Q2021\\E",
      "shortCiteRegEx" : "Ben.Ari et al\\.",
      "year" : 2021
    }, {
      "title" : "Tarn: Temporal attentive relation network for few-shot and zero-shot action recognition",
      "author" : [ "Mina Bishay", "Georgios Zoumpourlis", "Ioannis Patras" ],
      "venue" : null,
      "citeRegEx" : "Bishay et al\\.,? \\Q1907\\E",
      "shortCiteRegEx" : "Bishay et al\\.",
      "year" : 1907
    }, {
      "title" : "Few-shot video classification via temporal alignment",
      "author" : [ "Kaidi Cao", "Jingwei Ji", "Zhangjie Cao", "Chien-Yi Chang", "Juan Carlos Niebles" ],
      "venue" : "In Proceedings of the IEEE/CVF Conference on Computer Vision and Pattern Recognition,",
      "citeRegEx" : "Cao et al\\.,? \\Q2020\\E",
      "shortCiteRegEx" : "Cao et al\\.",
      "year" : 2020
    }, {
      "title" : "Aligning time series on incomparable spaces",
      "author" : [ "Samuel Cohen", "Giulia Luise", "Alexander Terenin", "Brandon Amos", "Marc Deisenroth" ],
      "venue" : "In International Conference on Artificial Intelligence and Statistics,",
      "citeRegEx" : "Cohen et al\\.,? \\Q2021\\E",
      "shortCiteRegEx" : "Cohen et al\\.",
      "year" : 2021
    }, {
      "title" : "Sinkhorn distances: Lightspeed computation of optimal transport",
      "author" : [ "Marco Cuturi" ],
      "venue" : "In Advances in neural information processing systems,",
      "citeRegEx" : "Cuturi.,? \\Q2013\\E",
      "shortCiteRegEx" : "Cuturi.",
      "year" : 2013
    }, {
      "title" : "Soft-dtw: a differentiable loss function for time-series",
      "author" : [ "Marco Cuturi", "Mathieu Blondel" ],
      "venue" : "In International Conference on Machine Learning,",
      "citeRegEx" : "Cuturi and Blondel.,? \\Q2017\\E",
      "shortCiteRegEx" : "Cuturi and Blondel.",
      "year" : 2017
    }, {
      "title" : "Chalearn multimodal gesture recognition 2013: grand challenge and workshop summary",
      "author" : [ "Sergio Escalera", "Jordi Gonzàlez", "Xavier Baró", "Miguel Reyes", "Isabelle Guyon", "Vassilis Athitsos", "Hugo Escalante", "Leonid Sigal", "Antonis Argyros", "Cristian Sminchisescu" ],
      "venue" : "In Proceedings of the 15th ACM on International conference on multimodal interaction,",
      "citeRegEx" : "Escalera et al\\.,? \\Q2013\\E",
      "shortCiteRegEx" : "Escalera et al\\.",
      "year" : 2013
    }, {
      "title" : "Multi-modal gesture recognition challenge 2013: Dataset and results",
      "author" : [ "Sergio Escalera", "Jordi Gonzàlez", "Xavier Baró", "Miguel Reyes", "Oscar Lopes", "Isabelle Guyon", "Vassilis Athitsos", "Hugo Escalante" ],
      "venue" : "In Proceedings of the 15th ACM on International conference on multimodal interaction,",
      "citeRegEx" : "Escalera et al\\.,? \\Q2013\\E",
      "shortCiteRegEx" : "Escalera et al\\.",
      "year" : 2013
    }, {
      "title" : "Modeling video evolution for action recognition",
      "author" : [ "Basura Fernando", "Efstratios Gavves", "José Oramas M", "Amir Ghodrati", "Tinne Tuytelaars" ],
      "venue" : "In Proc. IEEE Int’l Conf. Computer Vision and Pattern Recognition,",
      "citeRegEx" : "Fernando et al\\.,? \\Q2015\\E",
      "shortCiteRegEx" : "Fernando et al\\.",
      "year" : 2015
    }, {
      "title" : "Dı́az-de Marı́a. A new distance measure for model-based sequence clustering",
      "author" : [ "Darı́o Garcı́a-Garcı́a", "Emilio Parrado Hernández", "Fernando" ],
      "venue" : "IEEE transactions on pattern analysis and machine intelligence,",
      "citeRegEx" : "Garcı́a.Garcı́a et al\\.,? \\Q2008\\E",
      "shortCiteRegEx" : "Garcı́a.Garcı́a et al\\.",
      "year" : 2008
    }, {
      "title" : "The something something video database for learning and evaluating visual common sense",
      "author" : [ "Raghav Goyal", "Samira Ebrahimi Kahou", "Vincent Michalski", "Joanna Materzynska", "Susanne Westphal", "Heuna Kim", "Valentin Haenel", "Ingo Fruend", "Peter Yianilos", "Moritz Mueller-Freitag" ],
      "venue" : "In Proceedings of the IEEE international conference on computer vision,",
      "citeRegEx" : "Goyal et al\\.,? \\Q2017\\E",
      "shortCiteRegEx" : "Goyal et al\\.",
      "year" : 2017
    }, {
      "title" : "In defense of the triplet loss for person reidentification",
      "author" : [ "Alexander Hermans", "Lucas Beyer", "Bastian Leibe" ],
      "venue" : "arXiv preprint arXiv:1703.07737,",
      "citeRegEx" : "Hermans et al\\.,? \\Q2017\\E",
      "shortCiteRegEx" : "Hermans et al\\.",
      "year" : 2017
    }, {
      "title" : "Supervised word mover’s distance",
      "author" : [ "Gao Huang", "Chuan Guo", "Matt J Kusner", "Yu Sun", "Fei Sha", "Kilian Q Weinberger" ],
      "venue" : "In Advances in Neural Information Processing Systems,",
      "citeRegEx" : "Huang et al\\.,? \\Q2016\\E",
      "shortCiteRegEx" : "Huang et al\\.",
      "year" : 2016
    }, {
      "title" : "Optimal mass transport: Signal processing and machine-learning applications",
      "author" : [ "Soheil Kolouri", "Se Rim Park", "Matthew Thorpe", "Dejan Slepcev", "Gustavo K Rohde" ],
      "venue" : "IEEE Signal Processing Magazine,",
      "citeRegEx" : "Kolouri et al\\.,? \\Q2017\\E",
      "shortCiteRegEx" : "Kolouri et al\\.",
      "year" : 2017
    }, {
      "title" : "Hmdb: a large video database for human motion recognition",
      "author" : [ "Hildegard Kuehne", "Hueihan Jhuang", "Estı́baliz Garrote", "Tomaso Poggio", "Thomas Serre" ],
      "venue" : "In 2011 International conference on computer vision,",
      "citeRegEx" : "Kuehne et al\\.,? \\Q2011\\E",
      "shortCiteRegEx" : "Kuehne et al\\.",
      "year" : 2011
    }, {
      "title" : "Metric learning for temporal sequence alignment",
      "author" : [ "Rémi Lajugie", "Damien Garreau", "Francis Bach", "Sylvain Arlot" ],
      "venue" : "In Advances in Neural Information Processing Systems (NIPS),",
      "citeRegEx" : "Lajugie et al\\.,? \\Q2014\\E",
      "shortCiteRegEx" : "Lajugie et al\\.",
      "year" : 2014
    }, {
      "title" : "Ttan: Two-stage temporal alignment network for few-shot action recognition",
      "author" : [ "Shuyuan Li", "Huabin Liu", "Rui Qian", "Yuxi Li", "John See", "Mengjuan Fei", "Xiaoyuan Yu", "Weiyao Lin" ],
      "venue" : "arXiv preprint arXiv:2107.04782,",
      "citeRegEx" : "Li et al\\.,? \\Q2021\\E",
      "shortCiteRegEx" : "Li et al\\.",
      "year" : 2021
    }, {
      "title" : "Action recognition based on a bag of 3d points",
      "author" : [ "Wanqing Li", "Zhengyou Zhang", "Zicheng Liu" ],
      "venue" : "In IEEE Int’l Workshop on CVPR for Human Communicative Behavior Analysis,",
      "citeRegEx" : "Li et al\\.,? \\Q2010\\E",
      "shortCiteRegEx" : "Li et al\\.",
      "year" : 2010
    }, {
      "title" : "Temporal transformer networks: Joint learning of invariant and discriminative time warping",
      "author" : [ "Suhas Lohit", "Qiao Wang", "Pavan Turaga" ],
      "venue" : "In Proceedings of the IEEE Conference on Computer Vision and Pattern Recognition,",
      "citeRegEx" : "Lohit et al\\.,? \\Q2019\\E",
      "shortCiteRegEx" : "Lohit et al\\.",
      "year" : 2019
    }, {
      "title" : "Logdet divergence-based metric learning with triplet constraints and its applications",
      "author" : [ "Jiangyuan Mei", "Meizhu Liu", "Hamid Reza Karimi", "Huijun Gao" ],
      "venue" : "IEEE Transactions on Image Processing,",
      "citeRegEx" : "Mei et al\\.,? \\Q2014\\E",
      "shortCiteRegEx" : "Mei et al\\.",
      "year" : 2014
    }, {
      "title" : "Temporalrelational crosstransformers for few-shot action recognition",
      "author" : [ "Toby Perrett", "Alessandro Masullo", "Tilo Burghardt", "Majid Mirmehdi", "Dima Damen" ],
      "venue" : "In Proceedings of the IEEE/CVF Conference on Computer Vision and Pattern Recognition,",
      "citeRegEx" : "Perrett et al\\.,? \\Q2021\\E",
      "shortCiteRegEx" : "Perrett et al\\.",
      "year" : 2021
    }, {
      "title" : "Unsupervised pretraining for sequence to sequence learning",
      "author" : [ "Prajit Ramachandran", "Peter J Liu", "Quoc Le" ],
      "venue" : "In Proceedings of the 2017 Conference on Empirical Methods in Natural Language Processing,",
      "citeRegEx" : "Ramachandran et al\\.,? \\Q2017\\E",
      "shortCiteRegEx" : "Ramachandran et al\\.",
      "year" : 2017
    }, {
      "title" : "Making time-series classification more accurate using learned constraints",
      "author" : [ "Chotirat Ann Ratanamahatana", "Eamonn Keogh" ],
      "venue" : "In Proc. SIAM Int. Conf. Data Mining, pp. 11–22. Lake Buena Vista, Florida,",
      "citeRegEx" : "Ratanamahatana and Keogh.,? \\Q2004\\E",
      "shortCiteRegEx" : "Ratanamahatana and Keogh.",
      "year" : 2004
    }, {
      "title" : "Dynamic Programming Algorithm Optimization for Spoken Word Recognition",
      "author" : [ "H. Sakoe", "S. Chiba" ],
      "venue" : "IEEE Trans. Acoustics, Speech and Signal Processing,",
      "citeRegEx" : "Sakoe and Chiba.,? \\Q1978\\E",
      "shortCiteRegEx" : "Sakoe and Chiba.",
      "year" : 1978
    }, {
      "title" : "Toward accurate dynamic time warping in linear time and space",
      "author" : [ "Stan Salvador", "Philip Chan" ],
      "venue" : "Intelligent Data Analysis,",
      "citeRegEx" : "Salvador and Chan.,? \\Q2007\\E",
      "shortCiteRegEx" : "Salvador and Chan.",
      "year" : 2007
    }, {
      "title" : "Deep metric learning via lifted structured feature embedding",
      "author" : [ "Hyun Oh Song", "Yu Xiang", "Stefanie Jegelka", "Silvio Savarese" ],
      "venue" : "In Proceedings of the IEEE Conference on Computer Vision and Pattern Recognition,",
      "citeRegEx" : "Song et al\\.,? \\Q2016\\E",
      "shortCiteRegEx" : "Song et al\\.",
      "year" : 2016
    }, {
      "title" : "Ucf101: A dataset of 101 human actions classes from videos in the wild",
      "author" : [ "Khurram Soomro", "Amir Roshan Zamir", "Mubarak Shah" ],
      "venue" : "arXiv preprint arXiv:1212.0402,",
      "citeRegEx" : "Soomro et al\\.,? \\Q2012\\E",
      "shortCiteRegEx" : "Soomro et al\\.",
      "year" : 2012
    }, {
      "title" : "Order-preserving optimal transport for distances between sequences",
      "author" : [ "Bing Su", "Gang Hua" ],
      "venue" : "IEEE transactions on pattern analysis and machine intelligence,",
      "citeRegEx" : "Su and Hua.,? \\Q2019\\E",
      "shortCiteRegEx" : "Su and Hua.",
      "year" : 2019
    }, {
      "title" : "Learning distance for sequences by learning a ground metric",
      "author" : [ "Bing Su", "Ying Wu" ],
      "venue" : "In International Conference on Machine Learning,",
      "citeRegEx" : "Su and Wu.,? \\Q2019\\E",
      "shortCiteRegEx" : "Su and Wu.",
      "year" : 2019
    }, {
      "title" : "Learning low-dimensional temporal representations with latent alignments",
      "author" : [ "Bing Su", "Ying Wu" ],
      "venue" : "IEEE transactions on pattern analysis and machine intelligence,",
      "citeRegEx" : "Su and Wu.,? \\Q2020\\E",
      "shortCiteRegEx" : "Su and Wu.",
      "year" : 2020
    }, {
      "title" : "Learning meta-distance for sequences by learning a ground metric via virtual sequence regression",
      "author" : [ "Bing Su", "Ying Wu" ],
      "venue" : "IEEE Transactions on Pattern Analysis and Machine Intelligence,",
      "citeRegEx" : "Su and Wu.,? \\Q2020\\E",
      "shortCiteRegEx" : "Su and Wu.",
      "year" : 2020
    }, {
      "title" : "Discriminative dimensionality reduction for multi-dimensional sequences",
      "author" : [ "Bing Su", "Xiaoqing Ding", "Hao Wang", "Ying Wu" ],
      "venue" : "IEEE Trans. Pattern Anal. Mach. Intell.,",
      "citeRegEx" : "Su et al\\.,? \\Q2018\\E",
      "shortCiteRegEx" : "Su et al\\.",
      "year" : 2018
    }, {
      "title" : "Order-preserving wasserstein discriminant analysis",
      "author" : [ "Bing Su", "Jiahuan Zhou", "Ying Wu" ],
      "venue" : "In Proceedings of the IEEE International Conference on Computer Vision,",
      "citeRegEx" : "Su et al\\.,? \\Q2019\\E",
      "shortCiteRegEx" : "Su et al\\.",
      "year" : 2019
    }, {
      "title" : "Can recurrent neural networks warp time",
      "author" : [ "Corentin Tallec", "Yann Ollivier" ],
      "venue" : "In International Conference on Learning Representation",
      "citeRegEx" : "Tallec and Ollivier.,? \\Q2018\\E",
      "shortCiteRegEx" : "Tallec and Ollivier.",
      "year" : 2018
    }, {
      "title" : "Learning similarity: Feature-aligning network for few-shot action recognition",
      "author" : [ "Shaoqing Tan", "Ruoyu Yang" ],
      "venue" : "In 2019 International Joint Conference on Neural Networks (IJCNN),",
      "citeRegEx" : "Tan and Yang.,? \\Q2019\\E",
      "shortCiteRegEx" : "Tan and Yang.",
      "year" : 2019
    }, {
      "title" : "Deep canonical time warping",
      "author" : [ "George Trigeorgis", "Mihalis A Nicolaou", "Stefanos Zafeiriou", "Bjorn W Schuller" ],
      "venue" : "In Proceedings of the IEEE Conference on Computer Vision and Pattern Recognition,",
      "citeRegEx" : "Trigeorgis et al\\.,? \\Q2016\\E",
      "shortCiteRegEx" : "Trigeorgis et al\\.",
      "year" : 2016
    }, {
      "title" : "Deep canonical time warping for simultaneous alignment and representation learning of sequences",
      "author" : [ "George Trigeorgis", "Mihalis A Nicolaou", "Björn W Schuller", "Stefanos Zafeiriou" ],
      "venue" : "IEEE transactions on pattern analysis and machine intelligence,",
      "citeRegEx" : "Trigeorgis et al\\.,? \\Q2017\\E",
      "shortCiteRegEx" : "Trigeorgis et al\\.",
      "year" : 2017
    }, {
      "title" : "Learning maximum margin temporal warping for action recognition",
      "author" : [ "Jiang Wang", "Ying Wu" ],
      "venue" : "In Proc. IEEE Int’l Conf. Computer Vision,",
      "citeRegEx" : "Wang and Wu.,? \\Q2013\\E",
      "shortCiteRegEx" : "Wang and Wu.",
      "year" : 2013
    }, {
      "title" : "Mining actionlet ensemble for action recognition with depth cameras",
      "author" : [ "Jiang Wang", "Zicheng Liu", "Ying Wu" ],
      "venue" : "In Proc. IEEE Int’l Conf. Computer Vision and Pattern Recognition,",
      "citeRegEx" : "Wang et al\\.,? \\Q2012\\E",
      "shortCiteRegEx" : "Wang et al\\.",
      "year" : 2012
    }, {
      "title" : "Multi-similarity loss with general pair weighting for deep metric learning",
      "author" : [ "Xun Wang", "Xintong Han", "Weilin Huang", "Dengke Dong", "Matthew R Scott" ],
      "venue" : "In Proceedings of the IEEE Conference on Computer Vision and Pattern Recognition,",
      "citeRegEx" : "Wang et al\\.,? \\Q2019\\E",
      "shortCiteRegEx" : "Wang et al\\.",
      "year" : 2019
    }, {
      "title" : "morphic temporal alignment nets",
      "author" : [ "Yi", "Zhen Lei", "Shengcai Liao", "S. Z Li" ],
      "venue" : "In NeurIPS,",
      "citeRegEx" : "Yi et al\\.,? \\Q2019\\E",
      "shortCiteRegEx" : "Yi et al\\.",
      "year" : 2019
    }, {
      "title" : "Generalized canonical time warping",
      "author" : [ "Springer", "2020. Feng Zhou", "Fernando De la Torre" ],
      "venue" : null,
      "citeRegEx" : "542",
      "shortCiteRegEx" : "542",
      "year" : 2020
    }, {
      "title" : "Canonical time warping for alignment of human",
      "author" : [ "Zhou", "Fernando Torre" ],
      "venue" : "pattern analysis and machine intelligence,",
      "citeRegEx" : "Zhou and Torre.,? \\Q2016\\E",
      "shortCiteRegEx" : "Zhou and Torre.",
      "year" : 2016
    }, {
      "title" : "We follow the setting in (Su & Hua, 2019) and directly compare with the results reported",
      "author" : [ "SoftDTW (Cuturi", "Blondel" ],
      "venue" : null,
      "citeRegEx" : "2019. et al\\.,? \\Q2019\\E",
      "shortCiteRegEx" : "2019. et al\\.",
      "year" : 2019
    } ],
    "referenceMentions" : [ {
      "referenceID" : 34,
      "context" : "Distance between sequences plays a crucial role in sequence classification (Sakoe & Chiba, 1978), retrieval (Su et al., 2019), clustering (Garcı́a-Garcı́a et al.",
      "startOffset" : 108,
      "endOffset" : 125
    }, {
      "referenceID" : 20,
      "context" : "To tackle such temporal variances, existing sequence distances either encode each sequence into a feature vector invariant to temporal variances (Abid & Zou, 2018; Lohit et al., 2019) or employ alignment for temporal correspondence calibration (Sakoe & Chiba, 1978; Su & Hua, 2019).",
      "startOffset" : 145,
      "endOffset" : 183
    }, {
      "referenceID" : 23,
      "context" : "Typical feature-based methods use recurrent neural networks (RNNs) (Ramachandran et al., 2017) to encode sequences and measure the Euclidean distance between corresponding features.",
      "startOffset" : 67,
      "endOffset" : 94
    }, {
      "referenceID" : 1,
      "context" : "Various variations of DTW have been proposed to speed up the inference (Salvador & Chan, 2007; Al-Naymat et al., 2009), or adapt to additional or modified constraints (Ratanamahatana & Keogh, 2004), or tackle sequences from different modalities (Zhou & Torre, 2009; Zhou & De la Torre, 2016; Trigeorgis et al.",
      "startOffset" : 71,
      "endOffset" : 118
    }, {
      "referenceID" : 37,
      "context" : ", 2009), or adapt to additional or modified constraints (Ratanamahatana & Keogh, 2004), or tackle sequences from different modalities (Zhou & Torre, 2009; Zhou & De la Torre, 2016; Trigeorgis et al., 2016; 2017; Cohen et al., 2021).",
      "startOffset" : 134,
      "endOffset" : 231
    }, {
      "referenceID" : 5,
      "context" : ", 2009), or adapt to additional or modified constraints (Ratanamahatana & Keogh, 2004), or tackle sequences from different modalities (Zhou & Torre, 2009; Zhou & De la Torre, 2016; Trigeorgis et al., 2016; 2017; Cohen et al., 2021).",
      "startOffset" : 134,
      "endOffset" : 231
    }, {
      "referenceID" : 34,
      "context" : "TCOT (Su et al., 2019) and OPW (Su & Hua, 2019) view the alignment problem as the optimal transport problem with temporal regularizations.",
      "startOffset" : 5,
      "endOffset" : 22
    }, {
      "referenceID" : 33,
      "context" : "Existing methods exploit either an approximate proxy loss (Su et al., 2018; Lajugie et al., 2014), or a time-consuming optimization method to iteratively infer alignments (Mei et al.",
      "startOffset" : 58,
      "endOffset" : 97
    }, {
      "referenceID" : 17,
      "context" : "Existing methods exploit either an approximate proxy loss (Su et al., 2018; Lajugie et al., 2014), or a time-consuming optimization method to iteratively infer alignments (Mei et al.",
      "startOffset" : 58,
      "endOffset" : 97
    }, {
      "referenceID" : 21,
      "context" : ", 2014), or a time-consuming optimization method to iteratively infer alignments (Mei et al., 2014), or both (Su & Wu, 2020a;b).",
      "startOffset" : 81,
      "endOffset" : 99
    }, {
      "referenceID" : 4,
      "context" : ", 2019), a variant of DTW used in OTAM (Cao et al., 2020), the permutation-invariant spatial and temporal attention reweighted distance in ARN (Zhang et al.",
      "startOffset" : 39,
      "endOffset" : 57
    }, {
      "referenceID" : 22,
      "context" : ", 2020), the temporal CrossTransformer for comparing all possible subsequences in TRX (Perrett et al., 2021), and the two-stage temporal alignment network (TTAN) (Li et al.",
      "startOffset" : 86,
      "endOffset" : 108
    }, {
      "referenceID" : 18,
      "context" : ", 2021), and the two-stage temporal alignment network (TTAN) (Li et al., 2021).",
      "startOffset" : 61,
      "endOffset" : 78
    }, {
      "referenceID" : 13,
      "context" : "We employ three metric learning losses to learn h and f jointly, including the triplet loss with hard-mining (HM) (Hermans et al., 2017), the lifted",
      "startOffset" : 114,
      "endOffset" : 136
    }, {
      "referenceID" : 27,
      "context" : "structure (Lifted) loss (Song et al., 2016), and binomial deviance loss (Binomial) (Yi et al.",
      "startOffset" : 24,
      "endOffset" : 43
    }, {
      "referenceID" : 19,
      "context" : "MSR Action3D (Li et al., 2010; Wang et al., 2012) contains 557 skeleton sequences from 20 action classes.",
      "startOffset" : 13,
      "endOffset" : 49
    }, {
      "referenceID" : 40,
      "context" : "MSR Action3D (Li et al., 2010; Wang et al., 2012) contains 557 skeleton sequences from 20 action classes.",
      "startOffset" : 13,
      "endOffset" : 49
    }, {
      "referenceID" : 40,
      "context" : "MSR Daily Activity3D (Wang et al., 2012) contains 320 skeleton sequences from 16 activity classes.",
      "startOffset" : 21,
      "endOffset" : 40
    }, {
      "referenceID" : 28,
      "context" : "UCF101 (Soomro et al., 2012) contains 13,320 videos of 101 classes.",
      "startOffset" : 7,
      "endOffset" : 28
    }, {
      "referenceID" : 16,
      "context" : "HMDB51 (Kuehne et al., 2011) consists of 6,840 videos from 51 classes.",
      "startOffset" : 7,
      "endOffset" : 28
    }, {
      "referenceID" : 12,
      "context" : "Something-Something-v2 (SSv2) (Goyal et al., 2017) contains 220,847 videos of 174 classes.",
      "startOffset" : 30,
      "endOffset" : 50
    }, {
      "referenceID" : 21,
      "context" : "Method Action3D Activity3D SAD ChaLearn MAP 1-NN MAP 1-NN MAP 1-NN MAP 1-NN LDMLT+DTW (Mei et al., 2014) 0.",
      "startOffset" : 86,
      "endOffset" : 104
    }, {
      "referenceID" : 14,
      "context" : ", 2014), SWMD (Huang et al., 2016), and RVSML (Su & Wu, 2019) learn linear transformations for elements in sequences, while deep metric learning methods with binomial deviance loss (Binomial) (Yi et al.",
      "startOffset" : 14,
      "endOffset" : 34
    }, {
      "referenceID" : 27,
      "context" : ", 2014), lifted structured loss (Lifted) (Song et al., 2016), triplet loss with hard-mining (HM) (Hermans et al.",
      "startOffset" : 41,
      "endOffset" : 60
    }, {
      "referenceID" : 13,
      "context" : ", 2016), triplet loss with hard-mining (HM) (Hermans et al., 2017), and multi-similarity loss (MS) (Wang et al.",
      "startOffset" : 44,
      "endOffset" : 66
    }, {
      "referenceID" : 41,
      "context" : ", 2017), and multi-similarity loss (MS) (Wang et al., 2019) learn non-linear temporal representations by treating elements in each sequence as independent samples of the same class.",
      "startOffset" : 40,
      "endOffset" : 59
    }, {
      "referenceID" : 4,
      "context" : "(2020), CMN-J (Zhu & Yang, 2018; 2020), OTAM (Cao et al., 2020), TRX (Perrett et al.",
      "startOffset" : 45,
      "endOffset" : 63
    }, {
      "referenceID" : 18,
      "context" : "Results on 5-way 1-shot and 5-way 5-shot tasks are shown in Table 5, where the results of OTAM and TRX on UCF101 and HMDB51 are reported in (Li et al., 2021).",
      "startOffset" : 140,
      "endOffset" : 157
    } ],
    "year" : 2022,
    "abstractText" : "Explainable distances for sequence data depend on temporal alignment to tackle sequences with different lengths and local variances. Most sequence alignment methods infer the optimal alignment by solving an optimization problem under pre-defined feasible alignment constraints, which not only is time-consuming, but also makes end-to-end sequence learning intractable. In this paper, we propose a learnable sequence distance called Temporal Alignment Prediction (TAP). TAP employs a lightweight convolutional neural network to directly predict the optimal alignment between two sequences, so that only straightforward calculations are required and no optimization is involved in inference. TAP can be applied in different distance-based machine learning tasks. For supervised sequence representation learning, we show that TAP trained with various metric learning losses achieves completive performances with much faster inference speed. For fewshot action classification, we apply TAP as the distance measure in the metric learning-based episode-training paradigm. This simple strategy achieves comparable results with state-of-the-art few-shot action recognition methods.",
    "creator" : "LaTeX with hyperref"
  }
}