{
  "name" : "ICLR2022-X_hByk2-5je.pdf",
  "metadata" : {
    "source" : "CRF",
    "title" : null,
    "authors" : [ "PROBABILISTIC CIRCUITS", "Anji Liu", "Stephan Mandt" ],
    "emails" : [ "liuanji@cs.ucla.edu", "mandt@uci.edu", "guyvdb@cs.ucla.edu" ],
    "sections" : [ {
      "heading" : "1 INTRODUCTION",
      "text" : "Thanks to their expressiveness, modern Deep Generative Models (DGMs) such as Flow-based models (Dinh et al., 2014), Variational Autoencoders (VAEs) (Kingma & Welling, 2013), and Generative Adversarial Networks (GANs) (Goodfellow et al., 2014) achieved state-of-the-art results on generative tasks such as creating high-quality samples (Vahdat & Kautz, 2020) and learning low-dimensional representation of data (Zheng & Sun, 2019). However, these successes have not been fully transferred into neural lossless compression; see (Yang et al., 2022) for a recent survey. Specifically, GANs cannot be used for lossless compression due to their inability to assign likelihoods to observations. Latent variable models such as VAEs rely on rate estimates obtained by lower-bounding the likelihood of the data, i.e., the quantity which is theoretically optimal for lossless compression; they furthermore rely on sophisticated schemes such as bits-back coding (Hinton & Van Camp, 1993) to realize these rates, oftentimes resulting in poor single-sample compression ratios (Kingma et al., 2019).\nTherefore, good generative performance does not imply good compression performance for lossless compression, as the model needs to support efficient algorithms to encode and decode close to the model’s theoretical rate estimate. While both Flow- and VAE-based compression algorithms (Hoogeboom et al., 2019; Kingma et al., 2019) support efficient and near-optimal compression under certain assumptions (e.g., the existence of an additional source of random bits), we show that Probabilistic Circuits (PCs) (Choi et al., 2020) are also suitable for lossless compression tasks. This class of tractable models has a particular structure that allows efficient marginalization of its random variables–a property that, as we show, enables efficient conditional entropy coding. Therefore, we introduce PCs as backbone models and develop (de)compression algorithms that achieve high compression ratios and high computational efficiency.\nSimilar to other neural compression methods, the proposed lossless compression approach operates in two main phases — (i) learn good PC models that approximate the data distribution, and (ii) compress and decompress samples x with computationally efficient algorithms. The proposed lossless compression algorithm has four main contributions:\nA new class of entropy models. This is the first paper that uses PCs for data compression. In contrast to other neural compression algorithm, we leverage recent innovations in PCs to automatically learn good model architectures from data. With customized GPU implementations and better training pipelines, we are the first to train PC models with competitive performance compared to deep learning models on datasets such as raw MNIST.\nA new coding scheme. We developed a provably efficient (Thm. 1) lossless compression algorithm for PCs that take advantage of their ability to efficiently compute arbitrary marginal probabilities. Specifically, we first show which kinds of marginal probabilities are required for (de)compression. The proposed algorithm combines an inference algorithm that computes these marginals efficiently given a learned PC and SoTA streaming codes that use the marginals for en- and decoding.\nCompetitive compression rates. Our experiments show that on MNIST and EMNIST, the PC-based compression algorithm achieved SoTA bitrates. On more complex data such as subsampled ImageNet, we hybridize PCs with normalizing flows and show that PCs can significantly improve the bitrates of the base normalizing flow models.\nCompetitive runtimes. Our (de)compressor runs 5-40x faster compared to available implementations of neural lossless compressors with near SoTA performance on datasets such as MNIST.1 Our open-source implementation of the PC-based (de)compression algorithm can be found at https: //github.com/Juice-jl/PressedJuice.jl.\nNotation We denote random variables by uppercase letters (e.g., X) and their assignments by lowercase letters (e.g., x). Analogously, we use bold uppercase (e.g., X) and lowercase (e.g., x) letters to denote sets of variables and their joint assignments, respectively. The set of all possible joint assignments to variables X is denoted val(X)."
    }, {
      "heading" : "2 TRACTABILITY MATTERS IN LOSSLESS COMPRESSION",
      "text" : "The goal of lossless compression is to map every input sample to an output codeword such that (i) the original input can be reconstructed from the codeword, and (ii) the expected length of the codewords is minimized. Practical (neural) lossless compression algorithms operate in two main phases — learning and compression (Yang et al., 2022). In the learning phase, a generative model p(X) is learned from a dataset D :={x(i)}Ni=1. According to Shannon’s source coding theorem (Shannon, 1948), the expected codeword length is lower-bounded by the negative cross-entropy between the data distribution D and the model distribution p(X) (i.e., −Ex∼D[log p(x)]), rendering it a natural and widely used objective to optimize the model (Hoogeboom et al., 2019; Mentzer et al., 2019).\nIn the compression phase, compression algorithms take the learned model p and samples x as input and generate codewords whose expected length approaches the theoretical limit (i.e., the negative cross-entropy between D and p). Although there exist various close-to-optimal compression schemes (e.g., Huffman Coding (Huffman, 1952) and Arithmetic Coding (Rissanen, 1976)), a natural question to ask is what are the requirements on the model p such that compression algorithms can utilize it for encoding/decoding in a computationally efficient manner? In this paper, we highlight the advantages of tractable probabilistic models for lossless compression by introducing a concrete class of models that are expressive and support efficient encoding and decoding.\nTo encode a sample x, a standard streaming code operates by sequentially encoding every symbol xi into a bitstream b, such that xi occupies approximately − log p(xi|x1, . . . , xi−1) bits in b. As a result, the length of b is approximately− log p(x). For example, Arithmetic Coding (AC) encodes the symbols {xi}Di=1 (define D := |X| as the number of features) sequentially by successively refining an interval that represents the sample, starting from the initial interval [0, 1). To encode xi, the algorithm\n1Note that there exists compression algorithms optimized particularly for speed by using simple entropy models (Townsend et al., 2019), though that also leads to worse bitrates. See Sec. 3.3 for detailed discussion.\npartitions the current interval [a, b) using the left and right side cumulative probability of xi:\nli(xi) := p(Xi<xi | x1, . . . , xi−1), hi(xi) := p(Xi≤xi | x1, . . . , xi−1). (1) Specifically, the algorithm updates [a, b) to the following: [a + (b−a)·li(xi), a + (b−a)·hi(xi)), which is a sub-interval of [a, b). Finally, AC picks a number within the final interval that has the shortest binary representation. This number is encoded as a bitstream representing the codeword of x. Upon decoding, the symbols {xi}Di=1 are decoded sequentially: at iteration i, we decode variable Xi by looking up its value x such that its cumulative probability (i.e., li(x)) matches the subinterval specified by the codeword and x1, . . . , xi−1 (Rissanen, 1976); the decoded symbol xi is then used to compute the following conditional probabilities (i.e., lj(x) for j > i). Despite implementation differences, computing the cumulative probabilities li(x) and hi(x) are required for many other streaming codes (e.g., rANS). Therefore, for most streaming codes, the main computation cost of both the encoding and decoding process comes from calculating li(x) and hi(x).\nThe main challenge for the above (de)compression algorithm is to balance the expressiveness of p and the computation cost of {li(x), hi(x)}Di=1. On the one hand, highly expressive probability models such as energy-based models (Lecun et al., 2006; Ranzato et al., 2007) can potentially achieve high compression ratios at the cost of slow runtime, which is due to the requirement of estimating the model’s normalizing constant. On the other hand, models that make strong independence assumptions (e.g., n-gram, fully-factorized) are cheap to evaluate but lack the expressiveness to model complex distributions over structured data such as images.2\nThis paper explores the middle ground between the above two extremes. Specifically, we ask: are there probabilistic models that are both expressive and permit efficient computation of the conditional probabilities in Eq. (1)? This question can be answered in the affirmative by establishing a new class of tractable lossless compression algorithms using Probabilistic Circuits (PCs) (Choi et al., 2020), which are neural networks that can compute various probabilistic queries efficiently. In the following, we overview the empirical and theoretical results of the proposed (de)compression algorithm.\nWe start with theoretical findings: the proposed encoding and decoding algorithms enjoy time complexity O(log(D) · |p|), where |p| ≥ D is the PC model size. The backbone of both algorithms, formally introduced in Sec. 3, is an algorithm that computes the 2×D conditional probabilities {li(x), hi(x)}Di=1 given any x efficiently, as justified by the following theorem. Theorem 1 (informal). Let x be a D-dimensional sample, and let p be a PC model of size |p|, as proposed in this paper. We then have that computing all quantities {li(xi), hi(xi)}Di=1 takes O(log(D) · |p|) time. Therefore, en- or decoding x with a streaming code (e.g., Arithmetic Coding) takes O(log(D)·|p|+D) = O(log(D)·|p|) time. The properties of PCs that enable this efficient lossless compression algorithm will be described in Sec. 3.1, and the backbone inference algorithm with O(log(D)·|p|) time complexity will later be shown as Alg. 1. Table 1 provides an (incomplete) summary of our empirical results. First, the PC-based lossless compression algorithm is fast and competitive. As shown in Table 1, the small PC model achieved a near-SoTA bitrate while being ∼ 15x faster than other neural compression algorithms with a similar bitrate. Next, PCs can be integrated with Flow-/VAE-based compression methods. As illustrated in Table 1(right), the integrated model significantly improved performance on sub-sampled ImageNet compared to the base IDF model."
    }, {
      "heading" : "3 COMPUTATIONALLY EFFICIENT (DE)COMPRESSION WITH PCS",
      "text" : "In the previous section, we have boiled down the task of lossless compression to calculating conditional probabilities {li(xi), hi(xi)}Di=1 given p and xi. This section takes PCs into consideration and demonstrates how these queries can be computed efficiently. In the following, we first introduce relevant background on PCs (Sec. 3.1), and then proceed to introduce the PC-based (de)compression algorithm (Sec. 3.2). Finally, we empirically evaluate the optimality and speed of the proposed compressor and decompressor (Sec. 3.3).\n2Flow-model-based neural compression algorithms adopt p defined on mutually independent latent variables (denoted Z), and improve expressiveness by learning bijection functions between Z and X (i.e., the input space). This is orthogonal to our approach of directly learn better p. Furthermore, we can naturally integrate the proposed expressive p with bijection functions and achieve better performance as demonstrated in Sec. 5.\n3.1 BACKGROUND: PROBABILISTIC CIRCUITS\nProbabilistic Circuits (PCs) are an umbrella term for a wide variety of Tractable Probabilistic Models (TPMs). They provide a set of succinct definitions for popular TPMs such as Sum-Product Networks (Poon & Domingos, 2011), Arithmetic Circuits (Shen et al., 2016), and Probabilistic Sentential Decision Diagrams (Kisa et al., 2014). The syntax and semantics of a PC are defined as follows.\nDefinition 1 (Probabilistic Circuits). A PC p(X) represents a probability distribution over X via a parametrized directed acyclic graph (DAG) with a single root node nr. Similar to neural networks, every node of the DAG defines a computational unit. Specifically, each leaf node corresponds to an input unit; each inner node n represents either a sum or a product unit that receives inputs from its children, denoted in(n). Each node n encodes a probability distribution pn, defined as follows:\npn(x) :=  fn(x) if n is an input unit,∑ c∈in(n) θn,c · pc(x) if n is a sum unit,∏ c∈in(n) pc(x) if n is a product unit,\n(2)\nwhere fn(·) is an univariate input distribution (e.g., Gaussian, Categorical), and θn,c denotes the parameter that corresponds to edge (n, c). Intuitively, sum and product units encode weighted mixtures and factorized distributions of their children’s distributions, respectively. To ensure that a PC models a valid distribution, we assume the parameters associated with any sum unit n are normalized: ∀n,∑c∈in(n)θn,c=1. We further assume w.l.o.g. that a PC alternates between sum and product units before reaching an input unit. The size of a PC p, denoted |p|, is the number of edges in its DAG.\nThis paper focuses on PCs that can compute arbitrary marginal queries in time linear in their size, since this is necessary to unlock the efficient (de)compression algorithm. In order to support efficient marginalization, PCs need to be decomposable (Def. 2),3 which is a property of the (variable) scope φ(n) of PC units n, that is, the collection of variables defined by all its descendent input units.\nDefinition 2 (Decomposability). A PC is decomposable if for every product unit n, its children have disjoint scopes: ∀c1, c2 ∈ in(n) (c1 6= c2), φ(c1) ∩ φ(c2) = ∅.\nAll product units in Fig. 1 are decomposable. For example, each purple product unit (whose scope is {X1, X2}) has two children with disjoint scopes {X1} and {X2}, respectively. In addition to Def. 2, we make use of another property, structured decomposability, which is the key to guaranteeing computational efficiency of the proposed (de)compression algorithm.\nDefinition 3 (Structured decomposability). A PC is structured-decomposable if (i) it is decomposable and (ii) for every pair of product units (m,n) with identical scope (i.e., φ(m) = φ(n)), we have that |in(m)| = |in(n)| and the scopes of their children are pairwise identical: ∀i ∈ {1, ..., |in(m)|}, φ(cmi)=φ(cni), where cmi and cni are the ith child unit of m and n.\n3Another property called smoothness is also required to compute marginals efficiently. However, since enforcing smoothness on any structured-decomposable PC only imposes at most an almost-linear increase in its size (Shih et al., 2019), we omit introducing it here (all PCs used in this paper are structured-decomposable).\nThe PC shown in Fig. 1 is structured-decomposable because for all three groups of product units with the same scope (grouped by their colors), their children divide the variable scope in the same way. For example, the children of both orange units decompose the scope {X1, X2, X3, X4} into {X1, X2} and {X3, X4}. As a key sub-routine in the proposed algorithm, we describe how to compute marginal queries given a smooth and (structured-)decomposable PC inO(|p|) time. First, we assign probabilities to every input unit: for an input unit n defined on variable X , if evidence is provided for X in the query (e.g., X=x or X<x), we assign to n the corresponding probability (e.g., p(X=x), p(X<x)) according to fn in Eq. (2); if evidence of X is not given, probability 1 is assigned to n. Next, we do a feedforward (children before parents) traverse of inner PC units and compute their probabilities following Eq. (2). The probability assigned to the root unit is the final answer of the marginal query. Concretely, consider computing p(x1, x2, x4) for the PC in Fig. 1. This is done by (i) assigning probabilities to the input units w.r.t. the given evidence x1, x2, and x4 (assign 0 to the input unit labeled X2 and ¬X4 as they contradict the given evidence; all other input units are assigned probability 1), and (ii) evaluate the probabilities of sum/product units following Eq. (2). Evaluated probabilities are labeled next to the corresponding units, hence the marginal probability at the output is p(x1, x2, x4) = 0.056."
    }, {
      "heading" : "3.2 EFFICIENT (DE-)COMPRESSION WITH STRUCTURED-DECOMPOSABLE PCS",
      "text" : "The proposed PC-based (de)compression algorithm is outlined in Fig. 2. Consider compressing an 2-by-2 image, whose four pixels are denoted as X1, . . . , X4. As discussed in Sec. 2, the encoder converts the image into a bitstream by encoding all variables autoregressively. For example, suppose we have encoded x1, x2. To encode the next variable x3, we compute the left and right side cumulative probability of x3 given x1 and x2, which are defined as l3(x3) and h3(x3) in Sec. 2, respectively. A streaming code then encodes x3 into a bitstream using these probabilities. Decoding is also performed autoregressively. Specifically, after x1 and x2 are decoded, the same streaming code uses the information from the bitstream and the conditional distribution p(x3 | x1, x2) to decode x3. Therefore, the main computation cost of the above en- and decoding procedures comes from calculating the 2D conditional probabilities {li(x), hi(x)}Di=1 w.r.t. anyx. Since every conditional probability can be represented as the quotient of two marginals, it is equivalent to compute the two following sets of marginals: F (x) := {p(x1, . . . , xi)}Di=1 and G(x) := {p(x1, . . . , xi−1, Xi<xi)}Di=1. As a direct application of the marginal algorithm described in Sec. 3.1, for every x ∈ val(X), computing the 2D marginals {F (x), G(x)} takes O(D ·|p|) time. However, the linear dependency on D would render compression and decompression extremely time-consuming.\nWe can significantly accelerate the en- and decoding times if the PC is structured-decomposable (see Definition 3). To this end, we introduce an algorithm that computes F (x) and G(x) in O(log(D)· |p|) time (instead of O(D · |p|)), given a smooth and structured-decomposable PC p. For ease of presentation, we only discuss how to compute F (x) – the valuesG(x) can be computed analogously.4\nBefore proceeding with a formal argument, we give a high-level explanation of the acceleration. In practice, we only need to evaluate a small fraction of PC units to compute each of its D marginals.\n4The only difference between the computation of the ith term of F (x) and the ith term of G(x) is in the value assigned to the inputs for variable Xi (i.e., probabilities pn(Xi=x) vs. pn(Xi<x)).\nAlgorithm 1 Compute F (x) (see Alg. 3 for details) 1: Input: A smooth and structured-decomposable PC p, variable instantiation x 2: Output: Fπ(x) = {p(x1, . . . , xi)}Di=1 3: Initialize: The probability p(n) of every unit n is initially set to 1 4: ∀i, evali ← the set of PC units n that need to be evaluated in the ith iteration 5: for i = 1 to D do 6: Evaluate PC units in evali in a bottom-up manner and compute p(x1, . . . , xi)\nThis is different from regular neural networks and the key to speeding up the computation of F (x). In contrast to neural networks, changing the input only slightly will leave most activations unchanged for structured-decomposable PCs. We make use of this property by observing that adjacent marginals in F (x) only differ in one variable — the ith term only adds evidence xi compared to the (i− 1)th term. We will show that such similarities between the marginal queries will lead to an algorithm that guarantees O(log(D)·|p|) overall time complexity. An informal version of the proposed algorithm is shown in Alg. 1.5 In the main loop (lines 5-6), the D terms in F (x) are computed one-by-one. Although the D iterations seem to suggest that the algorithm scales linearly with D, we highlight that each iteration on average re-evaluates only log(D)/D of the PC. Therefore, the computation cost of Alg. 1 scales logarithmically w.r.t. D. The set of PC units need to be re-evaluated, evali, is identified in line 4, and lines 6 evaluates these units in a feedforward manner to compute the target probability (i.e., p(x1, . . . , xi)).\nSpecifically, to minimize computation cost, at iteration i, we want to select a set of PC units evali that (i) guarantees the correctness of the target marginal, and (ii) contains the minimum number of units. We achieve this by recognizing three types of PC units that can be safely eliminated for evaluation. Take the PC shown in Fig. 2 as an example. Suppose we want to compute the third term in F (x) (i.e., p(x1, x2, x3)). First, all PC units in Group #1 do not need to be re-evaluated since their value only depends on x1 and x2 and hence remains unchanged. Next, PC units in Group #2 evaluate to 1. This can be justified from the two following facts: (i) input units correspond to X4 have probability 1 while computing p(x1, x2, x3); (ii) for any sum or product unit, if all its children have probability 1, it also has probability 1 following Eq. (2). Finally, although the activations of the PC units in Group #3 will change when computing p(x1, x2, x3), we do not need to explicitly evaluate these units — the root node’s probability can be equivalently computed using the weighted mixture of probabilities of units in evali. The correctness of this simplification step is justified in Appx. A.1.\nThe idea of partially evaluating a PC originates from the Partial Propagation (PP) algorithm (Butz et al., 2018). However, PP can only prune away units in Group #2. Thanks to the specific structure of the marginal queries, we are able to also prune away units in Groups #1 and #3.\nFinally, we provide additional technical details to rigorously state the complexity of Alg. 1. First, we need the variables X to have a specific order determined by the PC p. To reflect this change, we generalize F (x) to Fπ(x) := {p(xπ1 , . . . , xπi)}Di=1, where π defines some variable order over X, i.e., the ith variable in the order defined by π is Xπi . Next, we give a technical assumption and then formally justify the correctness and efficiency of Alg. 1 when using an optimal variable order π∗. Definition 4. For a smooth structured-decomposable PC p over D variables, for any scope φ, denote nodes(p, φ) as the set of PC units in p whose scope is φ. We say p is balanced if for every scope φ′ that is equal to the scope of any unit n in p, we have |nodes(p, φ′)| = O(|p|/D). Theorem 1. For a smooth structured-decomposable balanced PC p overD variables X and a sample x, there exists a variable order π∗, s.t. Alg. 3 correctly computes Fπ∗(x) in O(log(D) · |p|) time. Proof. First note that Alg. 3 is a detailed version of Alg. 1. The high-level idea of the proof is to first show how to compute the optimal variable order π∗ for any smooth and structured-decomposable PC. Next, we justify the correctness of Alg. 3 by showing (i) we only need to evaluate units that satisfy the criterion in line 6 of Alg. 3 and (ii) weighing the PC units with the top-down probabilities (Appx. A.1) always give the correct result. Finally, we use induction (on D) to demonstrate Alg. 3 computes O(log(D)·|p|) PC units in total if π∗ is used. See Appx. A.2 for further details. While Def. 4 may seem restrictive at first glance, we highlight that most existing PC structures such as EiNets (Peharz et al., 2020a), RAT-SPNs (Peharz et al., 2020b) and HCLTs (Sec. 4.1) are balanced\n5See Appx. A.1 for the formal algorithm and its detailed elaboration.\n(see Appx. A.3 for justifications). Once all marginal probabilities are calculated, samples x can be en- or decoded autoregressively with any streaming codes in time O(log(D)·|p|). Specifically, our implementation adopted the widely used streaming code rANS (Duda, 2013)."
    }, {
      "heading" : "3.3 EMPIRICAL EVALUATION",
      "text" : "We compare the proposed algorithm with competitive Flow-model-based (IDF by Hoogeboom et al. (2019)) and VAE-based (BitSwap by Kingma et al. (2019)) neural compression algorithms using the MNIST dataset. We first evaluate bitrates. As shown in Table 2, the PC (de)compressor achieved compression rates close to its theoretical rate estimate — codeword bpds only have ∼0.04 loss w.r.t. the corresponding theoretical bpds. We note that PC and IDF have an additional advantage: their reported bitrates were achieved while compressing one sample at a time; however, BitSwap needs to compress sequences of 100 samples to achieve 1.31 codeword bpd (Kingma et al., 2019).\nNext, we focus on efficiency. While achieving a better codeword bpd (i.e., 1.30) compared to IDF and BitSwap, a relatively small PC model (i.e., HCLT, M = 16) encodes (resp. decodes) images 30x (resp. 10x) faster than both baselines.6 Furthermore, a bigger PC model (M = 32) with 7M parameters achieved codeword bpd 1.24, and is still 5x faster than BitSwap and IDF. Note that at the cost of increasing the bitrate, one can significantly improve the en- and decoding efficiency. For example, by using a small VAE model, Townsend et al. (2019) managed to compress and decompress 10,000 binarized MNIST samples in 3.26s and 2.82s, respectively.\nRelated work As hinted by Sec. 2, we seek to directly learn probability distributions p(X) that are expressive and support tractable (de)compression. In contrast, existing Flow-based (van den Berg et al., 2020; Zhang et al., 2021b) and VAE-based (Townsend et al., 2019; Kingma et al., 2019; Ho et al., 2019) neural lossless compression algorithms are based on an orthogonal idea: they adopt simple (oftentimes fully factorized) distributions over a latent space Z to ensure the tractability of encoding and decoding latent codes z, and learn expressive neural networks that “transmit” probability mass from Z to the feature space X to compress samples x indirectly. We note that both ideas can be integrated naturally: the simple latent distributions used by existing neural compression algorithms can be replaced by expressive PC models. We will further explore this idea in Sec. 5."
    }, {
      "heading" : "4 SCALING UP LEARNING AND INFERENCE OF PCS",
      "text" : "Being equipped with an efficient (de)compressor, our next goal is to learn PC models that achieve good generative performance on various datasets. Although recent breakthroughs have led to PCs that can generate CelebA and SVHN images (Peharz et al., 2020a), PCs have not been shown to have competitive (normalized) likelihoods on image datasets, which directly influence compression rates. In this section, we show that Hidden Chow-Liu Trees (HCLTs) (Liu & Van den Broeck, 2021), a PC model initially proposed for simple density estimation tasks containing binary features, can be scaled up to achieve state-of-the-art performance on various image datasets. In the following, we first introduce HCLTs and demonstrate how to scale up their learning and inference (for compression) in Sec. 4.1, before providing empirical evidence in Sec. 4.2."
    }, {
      "heading" : "4.1 HIDDEN CHOW-LIU TREES",
      "text" : "Hidden Chow-Liu Trees (HCLTs) are smooth and structured-decomposable PCs that combine the ability of Chow-Liu Trees (CLTs) (Chow & Liu, 1968) to capture feature correlations and the extra\n6HCLT will be introduced in Sec. 4.1; all algorithms use a CPU implementation of rANS as codec. See Appx. B.4 for more details about the experiments.\nexpressive power provided by latent variable models. Every HCLT can be equivalently represented as a Probabilistic Graphical Model (PGM) (Koller & Friedman, 2009) with latent variables. Specifically, Fig. 3(a)-(c) demonstrate how to construct the PGM representation of an example HCLT. Given a datasetD containing 4 features X=X1, . . . , X4, we first learn a CLT w.r.t. X (Fig. 3(a)). To improve expressiveness, latent variables are added to the CLT by the two following steps: (i) replace observed variables Xi by their corresponding latent variables Zi, which are defined to be categorical variables with M (a hyperparameter) categories (Fig. 3(b)); (ii) connect observed variables Xi with the corresponding latent variables Zi by directed edges Zi→Xi. This leads to the PGM representation of the HCLT shown in Fig. 3(c). Finally, we are left with generating a PC that represents an equivalent distribution w.r.t. the PGM in Fig. 3(c), which is detailed in Appx. B.2. Fig. 3(d) illustrates an HCLT that is equivalent to the PGM shown in Fig. 3(c) (with M=2).\nRecent advances in scaling up learning and inference of PCs largely rely on the regularity of the PC architectures they used (Peharz et al., 2020a;b) — the layout of the PCs can be easily vectorized, allowing them to use well-developed deep learning packages such as PyTorch (Paszke et al., 2019). However, due to the irregular structure of learned CLTs, HCLTs cannot be easily vectorized. To overcome this problem, we implemented customized GPU kernels for parameter learning and marginal query computation (i.e., Alg. 3) based on Juice.jl (Dang et al., 2021), an open-source Julia package. The kernels automatically segment PC units into layers such that the computation in every layer can be fully parallelized. As a result, we can train PCs with millions of parameters in less than an hour and en- or decode samples very efficiently. Implementation details can be found in Appx. B.3.\nRelated work Finding good PC architectures has been a central topic in the literature (Choi et al., 2020). A recent trend for learning smooth and (structured-)decomposable PCs is to construct large models with pre-defined architecture, which is mainly determined by the variable ordering strategies. For example, RAT-SPNs (Peharz et al., 2020b) and EiNets (Peharz et al., 2020a) use random variable orders, Gens & Domingos (2013) proposes an effective variable ordering for image data, and other works propose data-dependent orderings based on certain information criterion (Rooshenas & Lowd, 2014) or clustering algorithms (Gens & Domingos, 2013). Alternatively, researchers have focused on methods that iteratively grow PC structures to better fit the data (Dang et al., 2020; Liang et al., 2017)."
    }, {
      "heading" : "4.2 EMPIRICAL EVALUATION",
      "text" : "Bringing together expressive PCs (i.e., HCLTs) and our (de)compressor, we proceed to evaluate the compression performance of the proposed PC-based algorithm. We compare with 5 competitive lossless compression algorithm: JPEG2000 (Christopoulos et al., 2000); WebP; IDF (Hoogeboom et al., 2019), a Flow-based lossless compression algorithm; BitSwap (Kingma et al., 2019), BB-ANS (Townsend et al., 2018), and McBits (Ruan et al., 2021), three VAE-based lossless compression methods. All 6 methods were tested on 4 datasets, which include MNIST (Deng, 2012), FashionMNIST\n(Xiao et al., 2017), and two splits of EMNIST (Cohen et al., 2017). As shown in Table 3, the proposed method out-performed all 5 baselines in 3 out of 4 datasets. On FashionMNIST, where the proposed approach did not achieve a state-of-the-art result, it was only 0.02 bpd worse than BitSwap."
    }, {
      "heading" : "5 PCS AS EXPRESSIVE PRIOR DISTRIBUTIONS OF FLOW MODELS",
      "text" : "As hinted by previous sections, PCs can be naturally integrated with existing neural compression algorithms: the simple latent variable distributions used by Flow- and VAE-based lossless compression methods can be replaced by more expressive distributions represented by PCs. In this section, we take IDF (Hoogeboom et al., 2019), a Flowbased lossless compression model, as an example to demonstrate the effectiveness of such model\nintegration. IDF was chosen because its authors provided an open-source implementation on GitHub. In theory, PC can be integrated with any VAE- and Flow-based model.\nThe integrated model is illustrated in Fig. 4. Following Hoogeboom et al. (2019), an IDF model contains k levels. Each level contains a squeeze layer (Dinh et al., 2016), followed by several integer flow layers and a prior layer. Each level i outputs a set of latent variables zi, which are originally defined as a set of mutually independent discretized logistic variables (Kingma et al., 2016). Instead, we propose to model every set of latent variables zi with a PC p(zi). Specifically, we adopted the EiNet codebase (Peharz et al., 2020a) and used a PC structure similar to the one proposed by Gens & Domingos (2013). We adopted the discretized logistic distribution for all leaf units in the PCs. Given a sample x, the log-likelihood of the model is the sum of the k PCs’ output log-likelihood: log p(x) = ∑k i=1 log p(zi | x). Since both IDF and the PC models are fully differentiable, the PC+IDF model can be trained end-to-end via gradient descent. Details regarding model architecture and parameter learning are provided in Appx. B.5.\nWe proceed to evaluate the generative performance of the proposed PC+IDF model on 3 natural image datasets: CIFAR10, ImageNet32, and ImageNet64. Results are shown in Table 4. First, compared to 4 baselines (i.e., IDF, IDF++ (van den Berg et al., 2020), Glow (Kingma & Dhariwal, 2018), and RealNVP (Dinh et al., 2016)), PC+IDF achieved the best bpd on ImageNet32 and ImageNet64. Next, PC+IDF improved over its base model IDF by 0.04, 0.16, and 0.19 bpd on three datasets, respectively. This shows the benefit of integrating PCs with IDFs. Although not tested in our experiments, we conjecture that the performance could be further improved by integrating PCs with better Flow models (e.g., IDF++). Concurrently, Zhang et al. (2021a) proposes an autoregressive model-based compressor NeLLoC, which achieved SoTA results on natural image datasets including CIFAR-10.\nCompression and decompression with the PC+IDF model can be done easily: we can adopt the highlevel compression algorithm of IDF and replace the parts of en- or decoding latent variables zi with the proposed PC (de)compressor. Improving the compression performance of these hybrid models is left for future work. Note that Thm. 1 only applies to the PC component, and the compression time still depends linearly on the size of the neural network."
    }, {
      "heading" : "6 CONCLUSIONS",
      "text" : "This paper proposes to use Probabilistic Circuits (PCs) for lossless compression. We develop a theoretically-grounded (de)compression algorithm that efficiently encodes and decodes close to the model’s theoretical rate estimate. Our work provides evidence that more “niche” generative model architectures such as PCs can make valuable contributions to neural compression.\nAcknowledgements Guy Van den Broeck acknowledges funding by NSF grants #IIS-1943641, #IIS-1956441, #CCF-1837129, DARPA grant #N66001-17-2-4032, and a Sloan Fellowship. Stephan Mandt acknowledges funding by NSF grants #IIS-2047418 and #IIS-2007719. We thank Yibo Yang for feedback on the manuscript’s final version.\nEthics and Reproducibility Statement We are not aware of any ethical concerns of our research. To facilitate reproducibility, we have uploaded our code to the following GitHub repo: https://github.com/Juice-jl/PressedJuice.jl. In addition, we have provided detailed algorithm tables Alg. 2 and 3 for all proposed algorithms, and elaborated each step in detail in the main text (Sec. 3). Formal proofs of all theorems, and details of all experiments (e.g., hardware specifications, hyperparameters) are provided in the appendix."
    }, {
      "heading" : "Supplementary Material",
      "text" : ""
    }, {
      "heading" : "A ALGORITHM DETAILS AND PROOFS",
      "text" : "This section provides additional details about the algorithm used to compute the conditional probabilities Fπ(x) (i.e., Alg. 1) and the full proof of the theorems stated in the main paper."
    }, {
      "heading" : "A.1 DETAILS OF ALG. 1",
      "text" : "This section provides additional technical details of Alg. 1. Specifically, we demonstrate (i) how to select the set of PC units evali (cf. Alg. 1 line 5) and (ii) how to compute p(x1, . . . , xi) as a weighted mixture of Pi (cf. Alg. 1 line 7). Using the example in Fig. 5, we aim to provide an intuitive illustration to both problems. As an extension to Alg. 1, rigorous and executable pseudocode for the proposed algorithm can be found in Alg. 2 and 3.\nThe key to speeding up the naive marginalization algorithm is the observation that we only need to evaluate a small fraction of PC units to compute each of the D marginals in Fπ(x). Suppose we want to compute Fπ(x) given the structured-decomposable PC shown in Fig. 5(a), where , , and\ndenote sum, product, and input units, respectively. Model parameters are omitted for simplicity. Consider using the variable order π=(X1, X2, X3) (Fig. 5(b)). We ask the following question: what is the minimum set of PC units that need to be evaluated in order to compute p(X1 =x1) (the first term in Fπ(x))? First, every PC unit with scope {X1} (i.e., the two nodes colored blue) has to be evaluated. Next, every PC unit n that is not an ancestor of the two blue units (i.e., “non-ancestor units” in Fig. 5(b)) must have probability 1 since (i) leaf units correspond to X2 and X3 have probability 1 while computing p(X1 =x1), and (ii) for any sum or product unit, if all its children have probability 1, it also has probability 1 following Eq. (2). Therefore, we do not need to evaluate these non-ancestor units. Another way to identify these non-ancestor units is by inspecting their variable scopes — if the variable scope of a PC unit n does not contain X1, it must has probability 1 while computing p(X1 = x1). Finally, following all ancestors of the two blue units (i.e., “ancestor units” in Fig. 5(b)), we can compute the probability of the root unit, which is the target quantity p(X1 =x1). At a first glance, this seems to suggest that we need to evaluate these ancestor units explicitly. Fortunately, as we will proceed to show, the root unit’s probability can be equivalently computed using the blue units’ probabilities weighted by a set of cached top-down probabilities.\nFor ease of presentation, denote the two blue input units as n1 and n2, respectively. A key observation is that the probability of every ancestor unit of {n1, n2} (including the root unit) can be represented as a weighted mixture over pn1(x) and pn2(x), the probabilities assigned to n1 and n2, respectively. The reason is that for each decomposable product node m, only distributions defined on disjoint variables shall be multiplied. Since n1 and n2 have the same variable scope, their distributions will not be multiplied by any product node. Following the above intuition, the top-down probability pdown(n) of PC unit n is designed to represent the “weight” of n w.r.t. the probability of the root unit. Formally, pdown(n) is defined as the sum of the probabilities of every path from n to the root unit nr, where the probability of a path is the product of all edge parameters traversed by it. Back to our example, using the top-down probabilities, we can compute p(X1 =x1)= ∑2 i=1 pdown(ni) · pni(x1) without explicitly evaluating the ancestors of n1 and n2. The quantity pdown(n) of all PC units n can be computed by Alg. 2 in O(|p|) time. Specifically, the algorithm performs a top-down traversal over all PC units n, and updates the top-down probabilities of their children in(n) along the process.\nTherefore, we only need to compute the two PC units with scope {X1} in order to calculate p(X1 = x1). Next, when computing the second term p(X1 = x1, X2 = x2), as illustrated in Fig. 5(b), we can reuse the evaluated probabilities of n1 and n2, and similarly only need to evaluate the PC units with scope {X2}, {X2, X3}, or {X1, X2, X3} (i.e., nodes colored purple). The same scheme can be used when computing the third term, and we only evaluate PC units with scope {X3}, {X2, X3}, or {X1, X2, X3} (i.e., all red nodes). As a result, we only evaluate 20 PC units in total, compared to 3 · |p| = 39 units required by the naive approach. This procedure is formalized in Alg. 3, which adds additional technical details compared to Alg. 1. In the main loop (lines 5-9), the D terms in Fπ(x) are computed one-by-one. While computing each term, we first find the PC units that need to be evaluated (line 6).7After computing their probabilities\nAlgorithm 2 PC Top-down Probabilities 1: Input: A smooth and structured-decomposable PC p 2: Output: The top-down probabilities pdown(n) of all PC units n 3: For every PC unit n in p, initialize pdown(n)← 0 4: foreach unit n traversed in preorder (parent before children) do 5: if n is the root node of p then pdown(n)← 1 6: elif n is a sum unit then foreach c ∈ in(n) do pdown(c)← pdown(c) + pdown(n) · θn,c 7: elif n is a product unit then foreach c ∈ in(n) do pdown(c)← pdown(c) + pdown(n)\nin a bottom-up manner (line 7), we additionally use the pre-computed top-down probabilities to obtain the target marginal probability (lines 8-9).\nThe previous example demonstrates that even without a careful choice of variable order, we can significantly lower the computation cost by only evaluating the necessary PC units. We now show that with an optimal choice of variable order (denoted π∗), the cost can be further reduced. Consider using order π∗=(X3, X2, X1), as shown in Fig. 5(c), we only need to evaluate 2+6+5=13 PC units in total when running Alg. 3. This optimal variable order is the key to guaranteeing O(log(D)·|p|) computation time. In the following, we first give a technical assumption and then proceed to justify the correctness and efficiency of Alg. 3 when using the optimal variable order π∗."
    }, {
      "heading" : "A.2 PROOF OF THEOREM 1",
      "text" : "As hinted by the proof sketch given in the main text, this proof consists of three main parts — (i) construction of the optimal variable order π∗ given a smooth and structured-decomposable PC, (ii) justify the correctness of Alg. 3, and (iii) prove that Fπ∗(x) can be computed by evaluating no more than O(log(K)·|p|) PC units (i.e., analyze the time complexity of Alg. 3).\nConstruction of an optimal variable order For ease of illustration, we first transform the original smooth and structured-decomposable PC into an equivalent PC where every product node has two children. Fig. 6 illustrates this transformation on any product node with more than two children. Note that this operation will not change the number of parameters in a PC, and will only incur at most 2·|p| edges.\nWe are now ready to define the variable tree (vtree) (Kisa et al., 2014) of a smooth and structureddecomposable PC. Specifically, a vtree is a binary tree structure whose leaf nodes are labeled with a PC’s input features/variables X (every leaf node is labeled with one variable). A PC conforms to a vtree if for every product unit n, there is a corresponding vtree node v such that children of n split the variable scope φ(n) in the same way as the children of the vtree node v. According to its definition, every smooth and structured-decomposable PC whose product units all have two children must conform to a vtree (Kisa et al., 2014). For example, the PC shown in Fig. 7(a) conforms to the vtree illustrated in Fig. 7(b). Similar to PCs, we define the scope φ(v) of a vtree node v as the set of all descendent leaf variables of v.\nWe say that a unit n in a smooth and structured-decomposable PC conforms to a node v in the PC’s corresponding vtree if their scopes are identical. For ease of presentation, define ϕ(p, v) as the set of PC units that conform to vtree node v. Additionally, we define ϕsum(p, v) and ϕprod(p, v) as the set of sum and product units in ϕ(p, v), respectively.\nAlgorithm 3 Compute Fπ(x) 1: Input: A smooth and structured-decomposable PC p, variable order π, variable instantiation x 2: Output: Fπ(x) = {p(xπ1 , . . . , xπi)}Di=1 3: Initialize: The probability p(n) of every unit n is initially set to 1 4: pdown ← the top-down probability of every PC unitn (i.e., Alg. 2) 5: for i = 1 to D do # Compute the ith term in Fπ(x): p(xπ1 , . . . , xπi) 6: evali ← the set of PC units n with scopes φ(n) that satisfy at least one of the following conditions:\n(i) φ(n)={Xπi}; (ii) n is a sum unit and at least one child c of n needs evaluation, i.e., c∈evali; (iii) n is a product unit and Xπi ∈φ(n) and @c∈ in(n) such that {Xπj}ij=1∈φ(c)\n7: Evaluate PC units in evali in a bottom-up manner to compute {pn(x) : n∈evali} 8: headi ← the set of PC units in evali such that none of their parents are in evali 9: p(xπ1 , . . ., xπi)← ∑ n∈headi pdown(n) · pn(x)\nNext, we define an operation that changes a vtree into an ordered vtree, where for each inner node v, its left child has more descendent leaf nodes than its right child. See Fig. 7(c-d) as an example. The vtree in Fig. 7(b) is transformed into an ordered vtree illustrated in Fig. 7(c); the corresponding PC (Fig. 7(a)) is converted into an ordered PC (Fig. 7(d)). This transformation can be performed by all smooth and structured-decomposable PCs.\nWe are ready to define the optimal variable order. For a pair of ordered PC and ordered vtree, the optimal variable order π∗ is defined as the order the leaf vtree nodes (each corresponds to a variable) are accessed following an inorder traverse of the vtree (left child accessed before right child).\nCorrectness of Algorithm 3 Assume we have access to a smooth, structured-decomposable, and ordered PC p and its corresponding vtree. Recall from the above construction, the optimal variable order π∗ is the order following an inorder traverse of the vtree.\nWe show that it is sufficient to only evaluate the set of PC units stated in line 6 of Alg. 3. Using our new definition of vtrees, we state line 6 in the following equivalent way. At iteration i (i.e., we want to compute the ith term in Fπ(x): p(xπ1 , . . . , xπi)), we need to evaluate all PC units that conform to any vtree node in the set Tp,i. Here Tp,i is defined as the set of vtree nodes v that satisfy the following condition: Xπi ∈ φ(v) and there does not exist a child c of v such that {Xπj}ij=1 ∈ φ(c). For ease of presentation, we refer to evaluate PC units ϕ(p, v) when we say “evaluate a vtree node v”.\nFirst, we don’t need to evaluate vtree units v where Xπi 6∈ φ(v) because the probability of these PC units will be identical to that at iteration i− 1 (i.e., when computing p(xπ1 , . . . , xπi−1)). Therefore, we only need to cache these probabilities computed in previous iterations.\nSecond, we don’t need to evaluate vtree units v where at least one of its children c satisfy {Xπj}i−1j=1 ∈ φ(c) because we can obtain the target marginal probability p(xπ1 , . . . , xπi) following lines 7-9 of Alg. 3. We proceed to show how this is done in the following.\nDenote the “highest” in Tp,i as vr,i (i.e., the parent of vr,i is not in Tp,i). According to the variable order π∗, vr,i uniquely exist for any i ∈ [D]. According to Alg. 2, the top-down probabilities of PC units is defined as follows\n• pdown(nr) = 1, where nr is the PC’s root unit. • For any product unit n, pdown(n) = ∑ m∈par(n) pdown(m) · θm,n, where par(n) is the set of parent (sum) units of n.\n• For any sum unit n, pdown(n) = ∑ m∈par(n) pdown(m), where par(n) is the set of parent (product) units of n.\nWe now prove that\np(xπ1 , . . . , xπi) = ∑\nn∈ϕsum(p,v)\npdown(n) · pn(x) (3)\nholds when v = vr,i.\n• Base case: If v is the vtree node correspond to nr, then ϕsum(p, v) = {nr} and it is easy to verify that\np(xπ1 , . . . , xπi) = pdown(nr) · pnr (x) = ∑\nn∈ϕsum(p,v)\npdown(n) · pn(x)\n• Inductive case: Suppose v is an ancestor of vr,i and the parent vtree node vp of v satisfy Eq. (3). We have\np(xπ1 , . . . , xπi) = ∑\nm∈ϕsum(p,vp)\npdown(m) · pm(x)\n= ∑\nm∈ϕsum(p,vp) ∑ n∈in(m) pdown(m) · θm,n · pn(x)\n(a) = ∑ n∈ϕprod(p,vp) ∑ m∈par(n)\npdown(m) · θm,n︸ ︷︷ ︸ pdown(n) · pn(x)\n= ∑\nn∈ϕprod(p,vp)\npdown(n) · pn(x)\n(b) = ∑ n∈ϕprod(p,vp) ∑ o∈{o:o∈in(n),{Xj}ij=1∈φ(o)} pdown(n) · po(x)\n(c) = ∑ o∈ϕsum(p,v) ∑ n∈par(o)\npdown(n)︸ ︷︷ ︸ pdown(o)\n· po(x)\n= ∑\no∈ϕsum(p,v)\npdown(o) · po(x)\nwhere (a) reorders the terms for summation; (b) holds since ∀n ∈ ϕprod(p, vp), pn(x) =∏ o∈in(n) po(x) and ∀o ∈ in(n) such that {Xj}ij=1 ∩ φ(o) = ∅, po(x) = 1;8 (c) holds because⋃\nn∈ϕprod(p,vp)\n{o : o ∈ in(n), {Xj}ij=1 ∈ φ(o)} = ϕsum(p, v).\nThus, we have prove that Eq. (3) holds for v = vr,i, and hence the probability p(xπ1 , . . . , xπi) can be computed by weighting the probability of PC units ϕsum(p, vr,i) (line 8 in Alg. 3) with the corresponding top-down probabilities (line 9 in Alg. 3).\nEfficiency of following the optimal variable order We proceed to show that when using the optimal variable order π∗, Alg. 3 evaluates no more than O(log(D)·|p|) PC units. According to the previous paragraphs, whenever Alg. 3 evaluates a PC unit n w.r.t. vtree node v, it will evaluate all PC units in ϕ(p, v). Therefore, we instead count the total number of vtree nodes need to be evaluated by Alg. 3. Since the PC is assumed to be balanced Def. 4, for every v, we have ϕ(p, v) = O(|p|/D). Therefore, we only need to show that Alg. 3 evaluates O(D · log(D)) vtree nodes in total.\nWe start with the base case, which is PCs correspond to a single vtree leaf node v. In this case, Fπ∗(x) boils down to computing a single marginal probability p(xπ∗1 ), which needs to evaluate PC units ϕ(p, v) once.\nDefine f(x) as the number of vtree nodes need to be evaluated given a PC corresponds to a vtree node with x descendent leaf nodes. From the base case we know that f(1)=1.\nNext, consider the inductive case where v is an inner node that has x descendent leaf nodes. Define the left and right child node of v as c1 and c2, respectively. Let c1 and c2 have y and z descendent leaf nodes, respectively. We want to compute Fπ∗(x), which can be broken down into computing two following sets of marginals:\nSet 1: { p(xπ∗1 , · · · , xπ∗i ) }y i=1 , Set 2: { p(xπ∗1 , · · · , xπ∗i ) }y+z i=y+1 .\nSince π∗ follows the in-order traverse of v, to compute the first term, we only need to evaluate c1 and its descendents, that is, we need to evaluate f(y) vtree nodes. This is because the marginal probabilities in set 1 are only defined on variables in φ(c1). To compute the second term, in addition to evaluating PC units corresponding to c2 (that is f(z) vtree nodes in total),9 we also need to re-evaluate the PC units ϕ(p, v) every time, which means we need to evaluate z more vtree nodes. In summary, we need to evaluate\nf(x) = f(y) + f(z) + z (y ≥ z, y + z = x) vtree nodes.\nTo complete the proof, we upper bound the number of vtree nodes need to be evaluated. Define g(·) as follows:\ng(x) = max y∈{1,...,b x2 c}\ny + g(y) + g(x− y).\nIt is not hard to verify that ∀x∈Z, g(x) ≥ f(x). Next, we prove that ∀x ∈ Z (x ≥ 2), g(x) ≤ 3x log x.\nFirst, we can directly verify that g(2) ≤ 3·2 log2 2 ≈ 4.1. Next, for x ≥ 3, g(x) = max\ny∈{1,...,b x2 c} y + g(y) + g(x− y)\n8This is because the scope of these PC units does not contain any of the variables in {Xπj}ij=1. 9As justified in the second part of this proof, all probabilities of PC units that conform to descendents of c1\nwill be unchanged when computing the marginals in set 2. Hence we only need to cache these probabilities.\n≤ max y∈{1,...,b x2 c} y + 3y log y + 3(x− y) log(x− y)︸ ︷︷ ︸ h(y)\n(a) ≤ max ( 1 + 3(x− 1) log(x− 1), ⌊x\n2\n⌋ + 3 ⌊x 2 ⌋ log ⌊x 2 ⌋ + 3 ( x− ⌊x 2 ⌋) log ( x− ⌊x 2 ⌋)) ≤ max ( 1 + 3(x− 1) log(x− 1), ⌊x 2 ⌋ + 3(x+ 1) log x+ 1 2\n) ≤ 3x log x,\nwhere (a) holds since according to its derivative, h(y) obtains its maximum value at either y = 1 or y = ⌊ x 2 ⌋ .\nFor a structured-decomposable PC with D variables, g(D) ≤ 3D logD vtree nodes need to be evaluated. Since each vtree node corresponds to O( |p|D ) PC units, we need to evaluate O(log(D)·|p|) PC units to compute Fπ∗(x)."
    }, {
      "heading" : "A.3 HCLTS, EINETS, AND RAT-SPNS ARE BALANCED",
      "text" : "Consider the compilation from a PGM to an HCLT (Sec. 4.1). We first note that each PGM node g uniquely corresponds to a variable scope φ of the PC. That is, all PC units correspond to g have the same variable scope. Please first refer to Appx. B.2 for details on how to generate a HCLT given its PGM representation.\nIn the main loop of Alg. 4 (lines 5-10), for each PGM node g such that var(g) ∈ Z, the number of computed PC units are the same (M product units compiled in line 9 and M sum units compiled in line 10). Therefore, for any variable scopes φ1 and φ2 possessed by some PC units, we have |nodes(p, φ(m))| ≈ |nodes(p, φ(n))|. Since there are in total Θ(D) different variable scopes in p, we have: for any scope φ′ exists in an HCLT p, nodes(p, φ′) = O(|p|/D). EiNets and RAT-SPNs are also balanced since they also have an equivalent PGM representation of their PCs. The main difference between these models and HCLTs is the different variable splitting strategy in the product units."
    }, {
      "heading" : "B METHODS AND EXPERIMENT DETAILS",
      "text" : ""
    }, {
      "heading" : "B.1 LEARNING HCLTS",
      "text" : "Computing Mutual Information As mentioned in the main text, computing the pairwise mutual information between variables X is the first step to compute the Chow-Liu Tree. Since we are dealing with categorical data (e.g., 0-255 for pixels), we compute mutual information by following its definition:\nI(X;Y ) = CX∑ i=1 CY∑ j=1 P (X = i, Y = j) log2 P (X = i, Y = j) P (X = i)P (Y = j) ,\nwhere CX and CY are the number of categories for variables X and Y , respectively. To lower the computation cost, for image data, we truncate the data by only using 3 most-significant bits. That is, we treat the variables as categorical variables with 23 = 8 categories during the construction of the CLT. Note that we use the full data when constructing/learning the PC.\nTraining pipeline We adopt two types of EM updates — mini-batch and full-batch. In mini-batch EM, parameters are updated according to a step size η: θ(k+1)←(1−η)θ(k)+ηθ(new), where θ(new) is the EM target computed with a batch of samples; full-batch EM updates the parameters by the EM target computed using the whole dataset. In this paper, HCLTs are trained by first running mini-batch EM with batch size 1024 and η changing linearly from 0.1 to 0.05; full-batch EM is then used to finetune the parameters.\nAlgorithm 4 Compile the PGM representation of a HCLT into an equivalent PC 1: Input: A PGM representation of a HCLT G (e.g., Fig. 3(c)); hyperparameter M 2: Output: A smooth and structured-decomposable PC p equivalent to G 3: Initialize: cache← dict() a dictionary storing intermediate PC units 4: Sub-routines: PC leaf(Xi) returns a PC input unit of variable Xi; PC prod({ni}mi=1) (resp.\nPC sum({ni}mi=1)) returns a product (resp. sum) unit over child nodes {ni}mi=1. 5: foreach node g traversed in postorder (bottom-up) of G do 6: if var(g) ∈ X then cache[g]← [ PC leaf ( var(g) ) for i = 1 :M ] 7: else # That is, var(g) ∈ Z 8: chs cache← [ cache[c] for c in children(g) ] #children(g) is the set of children of g\n9: prod nodes← [ PC prod ([ nodes[i] for nodes in chs cache ]) for i = 1 :M ] 10: cache[g]← [ PC sum ( prod nodes ) for i = 1 :M\n] 11: return cache[root(G)][0]"
    }, {
      "heading" : "B.2 GENERATING PCS FOLLOWING THE HCLT STRUCTURE",
      "text" : "After generating the PGM representation of a HCLT model, we are now left with the final step of compiling the PGM representation of the model into an equivalent PC. Recall that we define the latent variables {Zi}4i=1 as categorical variables with M categories, where M is a hyperparameter. As demonstrated in Alg. 4, we incrementally compile every PGM node into an equivalent PC unit though a bottom-up traverse (line 5) of the PGM. Specifically, leaf PGM nodes corresponding to observed variables Xi are compiled into PC input units of Xi (line 6), and inner PGM nodes corresponding to latent variables are compiled by taking products and sums (implemented by product and sum units) of its child nodes’ PC units (lines 8-10). Leaf units generated by PC leaf(X) can be any simple univariate distribution of X . We used categorical leaf units in our HCLT experiments. Fig. 3(d) demonstrates the result PC after running Alg. 4 with the PGM in Fig. 3(c) and M = 2.\nB.3 IMPLEMENTATION DETAILS OF THE PC LEARNING ALGORITHM\nWe adopted the EM parameter learning algorithm introduced in Choi et al. (2021), which computes the EM update targets using expected flows. Following Liu & Van den Broeck (2021), we use a hybrid EM algorithm, which uses mini-batch EM updates to initiate the training process, and switch to full-batch EM updates afterwards.\n•Mini-batch EM: denote θ(EM) as the EM update target computed with a mini-batch of samples. An update with step-size η is: θ(k+1) ← (1− η)θ(k) + ηθ(EM). • Full-batch EM: denote θ(EM) as the EM update target computed with the whole dataset. Full-batch EM updates the parameters with θ(EM) at each iteration.\nIn our experiments, we trained the HCLTs with 100 mini-batch EM epochs and 20 full-batch EM epochs. During mini-batch EM updates, η was annealed linearly from 0.15 to 0.05."
    }, {
      "heading" : "B.4 DETAILS OF THE COMPRESSION/DECOMPRESSION EXPERIMENT",
      "text" : "Hardware specifications All experiments are performed on a server with 72 CPUs, 512G Memory, and 2 TITAN RTX GPUs. In all experiments, we only use a single GPU on the server.\nIDF We ran all experiments with the code in the GitHub repo provided by the authors. We adopted an IDF model with the following hyperparameters: 8 flow layers per level; 2 levels; densenets with depth 6 and 512 channels; base learning rate 0.001; learning rate decay 0.999. The algorithm adopts an CPU-based entropy coder rANS. For (de)compression, we used the following script: https://github.com/jornpeters/integer_discrete_flows/blob/ master/experiment_coding.py.\nBitSwap We trained all models using the following author-provided script: https:// github.com/fhkingma/bitswap/blob/master/model/mnist_train.py. The al-\ngorithm adopts an CPU-based entropy coder rANS. And we used the following code for (de)compression: https://github.com/fhkingma/bitswap/blob/master/mnist_ compress.py.\nBB-ANS All experiments were performed using the following official code: https://github. com/bits-back/bits-back."
    }, {
      "heading" : "B.5 DETAILS OF THE PC+IDF MODEL",
      "text" : "The adopted IDF architecture follows the original paper (Hoogeboom et al., 2019). For the PCs, we adopted EiNets (Peharz et al., 2020a) with hyperparameters K = 12 and R = 4. Instead of using random binary trees to define the model architecture, we used binary trees where “closer” latent variables in z will be put closer in the binary tree.\nParameter learning was performed by the following steps. First, compute the average log-likelihood over a mini-batch of samples. The negative average log-likelihood is the loss we use. Second, compute the gradients w.r.t. all model parameters by backpropagating the loss. Finally, update the IDF and PCs using the gradients individually: for IDF, following Hoogeboom et al. (2019), the Adamax optimizer was used; for PCs, following Peharz et al. (2020a), we use the gradients to compute the EM target of the parameters and performed mini-batch EM updates."
    } ],
    "references" : [ {
      "title" : "An empirical study of methods for spn learning and inference",
      "author" : [ "Cory J Butz", "Jhonatan S Oliveira", "André E Santos", "André L Teixeira", "Pascal Poupart", "Agastya Kalra" ],
      "venue" : "In International Conference on Probabilistic Graphical Models,",
      "citeRegEx" : "Butz et al\\.,? \\Q2018\\E",
      "shortCiteRegEx" : "Butz et al\\.",
      "year" : 2018
    }, {
      "title" : "Probabilistic circuits: A unifying framework for tractable probabilistic models",
      "author" : [ "YooJung Choi", "Antonio Vergari", "Guy Van den Broeck" ],
      "venue" : null,
      "citeRegEx" : "Choi et al\\.,? \\Q2020\\E",
      "shortCiteRegEx" : "Choi et al\\.",
      "year" : 2020
    }, {
      "title" : "Group fairness by probabilistic modeling with latent fair decisions",
      "author" : [ "YooJung Choi", "Meihua Dang", "Guy Van den Broeck" ],
      "venue" : "In Proceedings of the 35th AAAI Conference on Artificial Intelligence,",
      "citeRegEx" : "Choi et al\\.,? \\Q2021\\E",
      "shortCiteRegEx" : "Choi et al\\.",
      "year" : 2021
    }, {
      "title" : "Approximating discrete probability distributions with dependence trees",
      "author" : [ "CKCN Chow", "Cong Liu" ],
      "venue" : "IEEE transactions on Information Theory,",
      "citeRegEx" : "Chow and Liu.,? \\Q1968\\E",
      "shortCiteRegEx" : "Chow and Liu.",
      "year" : 1968
    }, {
      "title" : "The jpeg2000 still image coding system: an overview",
      "author" : [ "Charilaos Christopoulos", "Athanassios Skodras", "Touradj Ebrahimi" ],
      "venue" : "IEEE transactions on consumer electronics,",
      "citeRegEx" : "Christopoulos et al\\.,? \\Q2000\\E",
      "shortCiteRegEx" : "Christopoulos et al\\.",
      "year" : 2000
    }, {
      "title" : "Emnist: Extending mnist to handwritten letters",
      "author" : [ "Gregory Cohen", "Saeed Afshar", "Jonathan Tapson", "Andre Van Schaik" ],
      "venue" : "In 2017 International Joint Conference on Neural Networks (IJCNN),",
      "citeRegEx" : "Cohen et al\\.,? \\Q2017\\E",
      "shortCiteRegEx" : "Cohen et al\\.",
      "year" : 2017
    }, {
      "title" : "Strudel: Learning structured-decomposable probabilistic circuits",
      "author" : [ "Meihua Dang", "Antonio Vergari", "Guy Broeck" ],
      "venue" : "In International Conference on Probabilistic Graphical Models,",
      "citeRegEx" : "Dang et al\\.,? \\Q2020\\E",
      "shortCiteRegEx" : "Dang et al\\.",
      "year" : 2020
    }, {
      "title" : "Juice: A julia package for logic and probabilistic circuits",
      "author" : [ "Meihua Dang", "Pasha Khosravi", "Yitao Liang", "Antonio Vergari", "Guy Van den Broeck" ],
      "venue" : "In Proceedings of the 35th AAAI Conference on Artificial Intelligence (Demo Track),",
      "citeRegEx" : "Dang et al\\.,? \\Q2021\\E",
      "shortCiteRegEx" : "Dang et al\\.",
      "year" : 2021
    }, {
      "title" : "The mnist database of handwritten digit images for machine learning research",
      "author" : [ "Li Deng" ],
      "venue" : "IEEE Signal Processing Magazine,",
      "citeRegEx" : "Deng.,? \\Q2012\\E",
      "shortCiteRegEx" : "Deng.",
      "year" : 2012
    }, {
      "title" : "Nice: Non-linear independent components estimation",
      "author" : [ "Laurent Dinh", "David Krueger", "Yoshua Bengio" ],
      "venue" : "arXiv preprint arXiv:1410.8516,",
      "citeRegEx" : "Dinh et al\\.,? \\Q2014\\E",
      "shortCiteRegEx" : "Dinh et al\\.",
      "year" : 2014
    }, {
      "title" : "Density estimation using real nvp",
      "author" : [ "Laurent Dinh", "Jascha Sohl-Dickstein", "Samy Bengio" ],
      "venue" : "In International Conference on Learning Representations,",
      "citeRegEx" : "Dinh et al\\.,? \\Q2016\\E",
      "shortCiteRegEx" : "Dinh et al\\.",
      "year" : 2016
    }, {
      "title" : "Asymmetric numeral systems: entropy coding combining speed of huffman coding with compression rate of arithmetic coding",
      "author" : [ "Jarek Duda" ],
      "venue" : "arXiv preprint arXiv:1311.2540,",
      "citeRegEx" : "Duda.,? \\Q2013\\E",
      "shortCiteRegEx" : "Duda.",
      "year" : 2013
    }, {
      "title" : "Learning the structure of sum-product networks",
      "author" : [ "Robert Gens", "Pedro Domingos" ],
      "venue" : "In International conference on machine learning,",
      "citeRegEx" : "Gens and Domingos.,? \\Q2013\\E",
      "shortCiteRegEx" : "Gens and Domingos.",
      "year" : 2013
    }, {
      "title" : "Generative adversarial nets",
      "author" : [ "Ian Goodfellow", "Jean Pouget-Abadie", "Mehdi Mirza", "Bing Xu", "David Warde-Farley", "Sherjil Ozair", "Aaron Courville", "Yoshua Bengio" ],
      "venue" : "Advances in neural information processing systems,",
      "citeRegEx" : "Goodfellow et al\\.,? \\Q2014\\E",
      "shortCiteRegEx" : "Goodfellow et al\\.",
      "year" : 2014
    }, {
      "title" : "Keeping the neural networks simple by minimizing the description length of the weights",
      "author" : [ "Geoffrey E Hinton", "Drew Van Camp" ],
      "venue" : "In Proceedings of the sixth annual conference on Computational learning theory,",
      "citeRegEx" : "Hinton and Camp.,? \\Q1993\\E",
      "shortCiteRegEx" : "Hinton and Camp.",
      "year" : 1993
    }, {
      "title" : "Compression with flows via local bits-back coding",
      "author" : [ "Jonathan Ho", "Evan Lohn", "Pieter Abbeel" ],
      "venue" : "In Proceedings of the 33rd International Conference on Neural Information Processing Systems,",
      "citeRegEx" : "Ho et al\\.,? \\Q2019\\E",
      "shortCiteRegEx" : "Ho et al\\.",
      "year" : 2019
    }, {
      "title" : "Integer discrete flows and lossless compression",
      "author" : [ "Emiel Hoogeboom", "Jorn Peters", "Rianne van den Berg", "Max Welling" ],
      "venue" : "Advances in Neural Information Processing Systems,",
      "citeRegEx" : "Hoogeboom et al\\.,? \\Q2019\\E",
      "shortCiteRegEx" : "Hoogeboom et al\\.",
      "year" : 2019
    }, {
      "title" : "A method for the construction of minimum-redundancy codes",
      "author" : [ "David A Huffman" ],
      "venue" : "Proceedings of the IRE,",
      "citeRegEx" : "Huffman.,? \\Q1952\\E",
      "shortCiteRegEx" : "Huffman.",
      "year" : 1952
    }, {
      "title" : "Auto-encoding variational bayes",
      "author" : [ "Diederik P Kingma", "Max Welling" ],
      "venue" : "arXiv preprint arXiv:1312.6114,",
      "citeRegEx" : "Kingma and Welling.,? \\Q2013\\E",
      "shortCiteRegEx" : "Kingma and Welling.",
      "year" : 2013
    }, {
      "title" : "Improved variational inference with inverse autoregressive flow",
      "author" : [ "Diederik P Kingma", "Tim Salimans", "Rafal Jozefowicz", "Xi Chen", "Ilya Sutskever", "Max Welling" ],
      "venue" : "In Proceedings of the 30th International Conference on Neural Information Processing Systems,",
      "citeRegEx" : "Kingma et al\\.,? \\Q2016\\E",
      "shortCiteRegEx" : "Kingma et al\\.",
      "year" : 2016
    }, {
      "title" : "Bit-swap: Recursive bits-back coding for lossless compression with hierarchical latent variables",
      "author" : [ "Friso Kingma", "Pieter Abbeel", "Jonathan Ho" ],
      "venue" : "In International Conference on Machine Learning,",
      "citeRegEx" : "Kingma et al\\.,? \\Q2019\\E",
      "shortCiteRegEx" : "Kingma et al\\.",
      "year" : 2019
    }, {
      "title" : "Probabilistic sentential decision diagrams",
      "author" : [ "Doga Kisa", "Guy Van den Broeck", "Arthur Choi", "Adnan Darwiche" ],
      "venue" : "In Proceedings of the 14th international conference on principles of knowledge representation and reasoning (KR),",
      "citeRegEx" : "Kisa et al\\.,? \\Q2014\\E",
      "shortCiteRegEx" : "Kisa et al\\.",
      "year" : 2014
    }, {
      "title" : "Probabilistic graphical models: principles and techniques",
      "author" : [ "Daphne Koller", "Nir Friedman" ],
      "venue" : "MIT press,",
      "citeRegEx" : "Koller and Friedman.,? \\Q2009\\E",
      "shortCiteRegEx" : "Koller and Friedman.",
      "year" : 2009
    }, {
      "title" : "A tutorial on energy-based learning",
      "author" : [ "Yann Lecun", "Sumit Chopra", "Raia Hadsell", "Marc Aurelio Ranzato", "Fu Jie Huang" ],
      "venue" : "Predicting structured data,",
      "citeRegEx" : "Lecun et al\\.,? \\Q2006\\E",
      "shortCiteRegEx" : "Lecun et al\\.",
      "year" : 2006
    }, {
      "title" : "Learning the structure of probabilistic sentential decision diagrams",
      "author" : [ "Yitao Liang", "Jessa Bekker", "Guy Van den Broeck" ],
      "venue" : "In Proceedings of the 33rd Conference on Uncertainty in Artificial Intelligence (UAI),",
      "citeRegEx" : "Liang et al\\.,? \\Q2017\\E",
      "shortCiteRegEx" : "Liang et al\\.",
      "year" : 2017
    }, {
      "title" : "Tractable regularization of probabilistic circuits",
      "author" : [ "Anji Liu", "Guy Van den Broeck" ],
      "venue" : "In Advances in Neural Information Processing Systems",
      "citeRegEx" : "Liu and Broeck.,? \\Q2021\\E",
      "shortCiteRegEx" : "Liu and Broeck.",
      "year" : 2021
    }, {
      "title" : "Practical full resolution learned lossless image compression",
      "author" : [ "Fabian Mentzer", "Eirikur Agustsson", "Michael Tschannen", "Radu Timofte", "Luc Van Gool" ],
      "venue" : "In Proceedings of the IEEE/CVF conference on computer vision and pattern recognition,",
      "citeRegEx" : "Mentzer et al\\.,? \\Q2019\\E",
      "shortCiteRegEx" : "Mentzer et al\\.",
      "year" : 2019
    }, {
      "title" : "Pytorch: an imperative style, highperformance deep learning library",
      "author" : [ "Adam Paszke", "Sam Gross", "Francisco Massa", "Adam Lerer", "James Bradbury", "Gregory Chanan", "Trevor Killeen", "Zeming Lin", "Natalia Gimelshein", "Luca Antiga" ],
      "venue" : "In Proceedings of the 33rd International Conference on Neural Information Processing Systems,",
      "citeRegEx" : "Paszke et al\\.,? \\Q2019\\E",
      "shortCiteRegEx" : "Paszke et al\\.",
      "year" : 2019
    }, {
      "title" : "Einsum networks: Fast and scalable learning of tractable probabilistic circuits",
      "author" : [ "Robert Peharz", "Steven Lang", "Antonio Vergari", "Karl Stelzner", "Alejandro Molina", "Martin Trapp", "Guy Van den Broeck", "Kristian Kersting", "Zoubin Ghahramani" ],
      "venue" : "In International Conference on Machine Learning,",
      "citeRegEx" : "Peharz et al\\.,? \\Q2020\\E",
      "shortCiteRegEx" : "Peharz et al\\.",
      "year" : 2020
    }, {
      "title" : "Random sum-product networks: A simple and effective approach to probabilistic deep learning",
      "author" : [ "Robert Peharz", "Antonio Vergari", "Karl Stelzner", "Alejandro Molina", "Xiaoting Shao", "Martin Trapp", "Kristian Kersting", "Zoubin Ghahramani" ],
      "venue" : "In Uncertainty in Artificial Intelligence,",
      "citeRegEx" : "Peharz et al\\.,? \\Q2020\\E",
      "shortCiteRegEx" : "Peharz et al\\.",
      "year" : 2020
    }, {
      "title" : "Sum-product networks: A new deep architecture",
      "author" : [ "Hoifung Poon", "Pedro Domingos" ],
      "venue" : "IEEE International Conference on Computer Vision Workshops (ICCV Workshops),",
      "citeRegEx" : "Poon and Domingos.,? \\Q2011\\E",
      "shortCiteRegEx" : "Poon and Domingos.",
      "year" : 2011
    }, {
      "title" : "A unified energy-based framework for unsupervised learning",
      "author" : [ "Marc’Aurelio Ranzato", "Y-Lan Boureau", "Sumit Chopra", "Yann LeCun" ],
      "venue" : "In Artificial Intelligence and Statistics,",
      "citeRegEx" : "Ranzato et al\\.,? \\Q2007\\E",
      "shortCiteRegEx" : "Ranzato et al\\.",
      "year" : 2007
    }, {
      "title" : "Generalized kraft inequality and arithmetic coding",
      "author" : [ "Jorma J Rissanen" ],
      "venue" : "IBM Journal of research and development,",
      "citeRegEx" : "Rissanen.,? \\Q1976\\E",
      "shortCiteRegEx" : "Rissanen.",
      "year" : 1976
    }, {
      "title" : "Learning sum-product networks with direct and indirect variable interactions",
      "author" : [ "Amirmohammad Rooshenas", "Daniel Lowd" ],
      "venue" : "In International Conference on Machine Learning,",
      "citeRegEx" : "Rooshenas and Lowd.,? \\Q2014\\E",
      "shortCiteRegEx" : "Rooshenas and Lowd.",
      "year" : 2014
    }, {
      "title" : "Improving lossless compression rates via monte carlo bits-back coding",
      "author" : [ "Yangjun Ruan", "Karen Ullrich", "Daniel Severo", "James Townsend", "Ashish Khisti", "Arnaud Doucet", "Alireza Makhzani", "Chris J Maddison" ],
      "venue" : "In International Conference on Machine Learning,",
      "citeRegEx" : "Ruan et al\\.,? \\Q2021\\E",
      "shortCiteRegEx" : "Ruan et al\\.",
      "year" : 2021
    }, {
      "title" : "A mathematical theory of communication",
      "author" : [ "Claude Elwood Shannon" ],
      "venue" : "The Bell system technical journal,",
      "citeRegEx" : "Shannon.,? \\Q1948\\E",
      "shortCiteRegEx" : "Shannon.",
      "year" : 1948
    }, {
      "title" : "Tractable operations for arithmetic circuits of probabilistic models",
      "author" : [ "Yujia Shen", "Arthur Choi", "Adnan Darwiche" ],
      "venue" : "In Proceedings of the 30th International Conference on Neural Information Processing Systems,",
      "citeRegEx" : "Shen et al\\.,? \\Q2016\\E",
      "shortCiteRegEx" : "Shen et al\\.",
      "year" : 2016
    }, {
      "title" : "Smoothing structured decomposable circuits",
      "author" : [ "Andy Shih", "Guy Van den Broeck", "Paul Beame", "Antoine Amarilli" ],
      "venue" : "Advances in Neural Information Processing Systems,",
      "citeRegEx" : "Shih et al\\.,? \\Q2019\\E",
      "shortCiteRegEx" : "Shih et al\\.",
      "year" : 2019
    }, {
      "title" : "Practical lossless compression with latent variables using bits back coding",
      "author" : [ "James Townsend", "Thomas Bird", "David Barber" ],
      "venue" : "In International Conference on Learning Representations,",
      "citeRegEx" : "Townsend et al\\.,? \\Q2018\\E",
      "shortCiteRegEx" : "Townsend et al\\.",
      "year" : 2018
    }, {
      "title" : "HiLLoC: lossless image compression with hierarchical latent variable models",
      "author" : [ "James Townsend", "Thomas Bird", "Julius Kunze", "David Barber" ],
      "venue" : "In International Conference on Learning Representations,",
      "citeRegEx" : "Townsend et al\\.,? \\Q2019\\E",
      "shortCiteRegEx" : "Townsend et al\\.",
      "year" : 2019
    }, {
      "title" : "Nvae: A deep hierarchical variational autoencoder",
      "author" : [ "Arash Vahdat", "Jan Kautz" ],
      "venue" : "arXiv preprint arXiv:2007.03898,",
      "citeRegEx" : "Vahdat and Kautz.,? \\Q2020\\E",
      "shortCiteRegEx" : "Vahdat and Kautz.",
      "year" : 2020
    }, {
      "title" : "Idf++: Analyzing and improving integer discrete flows for lossless compression",
      "author" : [ "Rianne van den Berg", "Alexey A Gritsenko", "Mostafa Dehghani", "Casper Kaae Sønderby", "Tim Salimans" ],
      "venue" : "In International Conference on Learning Representations,",
      "citeRegEx" : "Berg et al\\.,? \\Q2020\\E",
      "shortCiteRegEx" : "Berg et al\\.",
      "year" : 2020
    }, {
      "title" : "Fashion-mnist: a novel image dataset for benchmarking machine learning algorithms",
      "author" : [ "Han Xiao", "Kashif Rasul", "Roland Vollgraf" ],
      "venue" : "arXiv preprint arXiv:1708.07747,",
      "citeRegEx" : "Xiao et al\\.,? \\Q2017\\E",
      "shortCiteRegEx" : "Xiao et al\\.",
      "year" : 2017
    }, {
      "title" : "An introduction to neural data compression",
      "author" : [ "Yibo Yang", "Stephan Mandt", "Lucas Theis" ],
      "venue" : "arXiv preprint arXiv:2202.06533,",
      "citeRegEx" : "Yang et al\\.,? \\Q2022\\E",
      "shortCiteRegEx" : "Yang et al\\.",
      "year" : 2022
    }, {
      "title" : "On the out-of-distribution generalization of probabilistic image modelling",
      "author" : [ "Mingtian Zhang", "Andi Zhang", "Steven McDonagh" ],
      "venue" : "arXiv preprint arXiv:2109.02639,",
      "citeRegEx" : "Zhang et al\\.,? \\Q2021\\E",
      "shortCiteRegEx" : "Zhang et al\\.",
      "year" : 2021
    }, {
      "title" : "iVPF: Numerical invertible volume preserving flow for efficient lossless compression",
      "author" : [ "Shifeng Zhang", "Chen Zhang", "Ning Kang", "Zhenguo Li" ],
      "venue" : "In Proceedings of the IEEE/CVF Conference on Computer Vision and Pattern Recognition,",
      "citeRegEx" : "Zhang et al\\.,? \\Q2021\\E",
      "shortCiteRegEx" : "Zhang et al\\.",
      "year" : 2021
    }, {
      "title" : "Disentangling latent space for vae by label relevant/irrelevant dimensions",
      "author" : [ "Zhilin Zheng", "Li Sun" ],
      "venue" : "In Proceedings of the IEEE/CVF Conference on Computer Vision and Pattern Recognition,",
      "citeRegEx" : "Zheng and Sun.,? \\Q2019\\E",
      "shortCiteRegEx" : "Zheng and Sun.",
      "year" : 2019
    }, {
      "title" : "DETAILS OF THE PC+IDF MODEL The adopted IDF architecture follows the original paper (Hoogeboom et al., 2019). For the PCs, we adopted EiNets (Peharz et al., 2020a) with hyperparameters K = 12 and R = 4. Instead of using random binary trees to define the model architecture, we used binary trees where “closer",
      "author" : [ "com/bits-back/bits-back. B" ],
      "venue" : null,
      "citeRegEx" : "B.5,? \\Q2020\\E",
      "shortCiteRegEx" : "B.5",
      "year" : 2020
    }, {
      "title" : "Parameter learning was performed by the following steps. First, compute the average log-likelihood over a mini-batch of samples. The negative average log-likelihood is the loss we use. Second, compute the gradients w.r.t. all model parameters by backpropagating the loss. Finally, update the IDF and PCs using the gradients individually: for IDF",
      "author" : [ "Hoogeboom" ],
      "venue" : null,
      "citeRegEx" : "Hoogeboom,? \\Q2019\\E",
      "shortCiteRegEx" : "Hoogeboom",
      "year" : 2019
    } ],
    "referenceMentions" : [ {
      "referenceID" : 9,
      "context" : "Thanks to their expressiveness, modern Deep Generative Models (DGMs) such as Flow-based models (Dinh et al., 2014), Variational Autoencoders (VAEs) (Kingma & Welling, 2013), and Generative Adversarial Networks (GANs) (Goodfellow et al.",
      "startOffset" : 95,
      "endOffset" : 114
    }, {
      "referenceID" : 13,
      "context" : ", 2014), Variational Autoencoders (VAEs) (Kingma & Welling, 2013), and Generative Adversarial Networks (GANs) (Goodfellow et al., 2014) achieved state-of-the-art results on generative tasks such as creating high-quality samples (Vahdat & Kautz, 2020) and learning low-dimensional representation of data (Zheng & Sun, 2019).",
      "startOffset" : 110,
      "endOffset" : 135
    }, {
      "referenceID" : 43,
      "context" : "However, these successes have not been fully transferred into neural lossless compression; see (Yang et al., 2022) for a recent survey.",
      "startOffset" : 95,
      "endOffset" : 114
    }, {
      "referenceID" : 20,
      "context" : ", the quantity which is theoretically optimal for lossless compression; they furthermore rely on sophisticated schemes such as bits-back coding (Hinton & Van Camp, 1993) to realize these rates, oftentimes resulting in poor single-sample compression ratios (Kingma et al., 2019).",
      "startOffset" : 256,
      "endOffset" : 277
    }, {
      "referenceID" : 16,
      "context" : "While both Flow- and VAE-based compression algorithms (Hoogeboom et al., 2019; Kingma et al., 2019) support efficient and near-optimal compression under certain assumptions (e.",
      "startOffset" : 54,
      "endOffset" : 99
    }, {
      "referenceID" : 20,
      "context" : "While both Flow- and VAE-based compression algorithms (Hoogeboom et al., 2019; Kingma et al., 2019) support efficient and near-optimal compression under certain assumptions (e.",
      "startOffset" : 54,
      "endOffset" : 99
    }, {
      "referenceID" : 1,
      "context" : ", the existence of an additional source of random bits), we show that Probabilistic Circuits (PCs) (Choi et al., 2020) are also suitable for lossless compression tasks.",
      "startOffset" : 99,
      "endOffset" : 118
    }, {
      "referenceID" : 43,
      "context" : "Practical (neural) lossless compression algorithms operate in two main phases — learning and compression (Yang et al., 2022).",
      "startOffset" : 105,
      "endOffset" : 124
    }, {
      "referenceID" : 35,
      "context" : "According to Shannon’s source coding theorem (Shannon, 1948), the expected codeword length is lower-bounded by the negative cross-entropy between the data distribution D and the model distribution p(X) (i.",
      "startOffset" : 45,
      "endOffset" : 60
    }, {
      "referenceID" : 16,
      "context" : ", −Ex∼D[log p(x)]), rendering it a natural and widely used objective to optimize the model (Hoogeboom et al., 2019; Mentzer et al., 2019).",
      "startOffset" : 91,
      "endOffset" : 137
    }, {
      "referenceID" : 26,
      "context" : ", −Ex∼D[log p(x)]), rendering it a natural and widely used objective to optimize the model (Hoogeboom et al., 2019; Mentzer et al., 2019).",
      "startOffset" : 91,
      "endOffset" : 137
    }, {
      "referenceID" : 17,
      "context" : ", Huffman Coding (Huffman, 1952) and Arithmetic Coding (Rissanen, 1976)), a natural question to ask is what are the requirements on the model p such that compression algorithms can utilize it for encoding/decoding in a computationally efficient manner? In this paper, we highlight the advantages of tractable probabilistic models for lossless compression by introducing a concrete class of models that are expressive and support efficient encoding and decoding.",
      "startOffset" : 17,
      "endOffset" : 32
    }, {
      "referenceID" : 32,
      "context" : ", Huffman Coding (Huffman, 1952) and Arithmetic Coding (Rissanen, 1976)), a natural question to ask is what are the requirements on the model p such that compression algorithms can utilize it for encoding/decoding in a computationally efficient manner? In this paper, we highlight the advantages of tractable probabilistic models for lossless compression by introducing a concrete class of models that are expressive and support efficient encoding and decoding.",
      "startOffset" : 55,
      "endOffset" : 71
    }, {
      "referenceID" : 39,
      "context" : "Note that there exists compression algorithms optimized particularly for speed by using simple entropy models (Townsend et al., 2019), though that also leads to worse bitrates.",
      "startOffset" : 110,
      "endOffset" : 133
    }, {
      "referenceID" : 32,
      "context" : ", xi−1 (Rissanen, 1976); the decoded symbol xi is then used to compute the following conditional probabilities (i.",
      "startOffset" : 7,
      "endOffset" : 23
    }, {
      "referenceID" : 23,
      "context" : "On the one hand, highly expressive probability models such as energy-based models (Lecun et al., 2006; Ranzato et al., 2007) can potentially achieve high compression ratios at the cost of slow runtime, which is due to the requirement of estimating the model’s normalizing constant.",
      "startOffset" : 82,
      "endOffset" : 124
    }, {
      "referenceID" : 31,
      "context" : "On the one hand, highly expressive probability models such as energy-based models (Lecun et al., 2006; Ranzato et al., 2007) can potentially achieve high compression ratios at the cost of slow runtime, which is due to the requirement of estimating the model’s normalizing constant.",
      "startOffset" : 82,
      "endOffset" : 124
    }, {
      "referenceID" : 1,
      "context" : "(1)? This question can be answered in the affirmative by establishing a new class of tractable lossless compression algorithms using Probabilistic Circuits (PCs) (Choi et al., 2020), which are neural networks that can compute various probabilistic queries efficiently.",
      "startOffset" : 162,
      "endOffset" : 181
    }, {
      "referenceID" : 36,
      "context" : "They provide a set of succinct definitions for popular TPMs such as Sum-Product Networks (Poon & Domingos, 2011), Arithmetic Circuits (Shen et al., 2016), and Probabilistic Sentential Decision Diagrams (Kisa et al.",
      "startOffset" : 134,
      "endOffset" : 153
    }, {
      "referenceID" : 21,
      "context" : ", 2016), and Probabilistic Sentential Decision Diagrams (Kisa et al., 2014).",
      "startOffset" : 56,
      "endOffset" : 75
    }, {
      "referenceID" : 37,
      "context" : "However, since enforcing smoothness on any structured-decomposable PC only imposes at most an almost-linear increase in its size (Shih et al., 2019), we omit introducing it here (all PCs used in this paper are structured-decomposable).",
      "startOffset" : 129,
      "endOffset" : 148
    }, {
      "referenceID" : 0,
      "context" : "The idea of partially evaluating a PC originates from the Partial Propagation (PP) algorithm (Butz et al., 2018).",
      "startOffset" : 93,
      "endOffset" : 112
    }, {
      "referenceID" : 11,
      "context" : "Specifically, our implementation adopted the widely used streaming code rANS (Duda, 2013).",
      "startOffset" : 77,
      "endOffset" : 89
    }, {
      "referenceID" : 39,
      "context" : ", 2021b) and VAE-based (Townsend et al., 2019; Kingma et al., 2019; Ho et al., 2019) neural lossless compression algorithms are based on an orthogonal idea: they adopt simple (oftentimes fully factorized) distributions over a latent space Z to ensure the tractability of encoding and decoding latent codes z, and learn expressive neural networks that “transmit” probability mass from Z to the feature space X to compress samples x indirectly.",
      "startOffset" : 23,
      "endOffset" : 84
    }, {
      "referenceID" : 20,
      "context" : ", 2021b) and VAE-based (Townsend et al., 2019; Kingma et al., 2019; Ho et al., 2019) neural lossless compression algorithms are based on an orthogonal idea: they adopt simple (oftentimes fully factorized) distributions over a latent space Z to ensure the tractability of encoding and decoding latent codes z, and learn expressive neural networks that “transmit” probability mass from Z to the feature space X to compress samples x indirectly.",
      "startOffset" : 23,
      "endOffset" : 84
    }, {
      "referenceID" : 15,
      "context" : ", 2021b) and VAE-based (Townsend et al., 2019; Kingma et al., 2019; Ho et al., 2019) neural lossless compression algorithms are based on an orthogonal idea: they adopt simple (oftentimes fully factorized) distributions over a latent space Z to ensure the tractability of encoding and decoding latent codes z, and learn expressive neural networks that “transmit” probability mass from Z to the feature space X to compress samples x indirectly.",
      "startOffset" : 23,
      "endOffset" : 84
    }, {
      "referenceID" : 27,
      "context" : ", 2020a;b) — the layout of the PCs can be easily vectorized, allowing them to use well-developed deep learning packages such as PyTorch (Paszke et al., 2019).",
      "startOffset" : 136,
      "endOffset" : 157
    }, {
      "referenceID" : 1,
      "context" : "Related work Finding good PC architectures has been a central topic in the literature (Choi et al., 2020).",
      "startOffset" : 86,
      "endOffset" : 105
    }, {
      "referenceID" : 6,
      "context" : "Alternatively, researchers have focused on methods that iteratively grow PC structures to better fit the data (Dang et al., 2020; Liang et al., 2017).",
      "startOffset" : 110,
      "endOffset" : 149
    }, {
      "referenceID" : 24,
      "context" : "Alternatively, researchers have focused on methods that iteratively grow PC structures to better fit the data (Dang et al., 2020; Liang et al., 2017).",
      "startOffset" : 110,
      "endOffset" : 149
    }, {
      "referenceID" : 4,
      "context" : "We compare with 5 competitive lossless compression algorithm: JPEG2000 (Christopoulos et al., 2000); WebP; IDF (Hoogeboom et al.",
      "startOffset" : 71,
      "endOffset" : 99
    }, {
      "referenceID" : 16,
      "context" : ", 2000); WebP; IDF (Hoogeboom et al., 2019), a Flow-based lossless compression algorithm; BitSwap (Kingma et al.",
      "startOffset" : 19,
      "endOffset" : 43
    }, {
      "referenceID" : 20,
      "context" : ", 2019), a Flow-based lossless compression algorithm; BitSwap (Kingma et al., 2019), BB-ANS (Townsend et al.",
      "startOffset" : 62,
      "endOffset" : 83
    }, {
      "referenceID" : 38,
      "context" : ", 2019), BB-ANS (Townsend et al., 2018), and McBits (Ruan et al.",
      "startOffset" : 16,
      "endOffset" : 39
    }, {
      "referenceID" : 34,
      "context" : ", 2018), and McBits (Ruan et al., 2021), three VAE-based lossless compression methods.",
      "startOffset" : 20,
      "endOffset" : 39
    }, {
      "referenceID" : 8,
      "context" : "All 6 methods were tested on 4 datasets, which include MNIST (Deng, 2012), FashionMNIST",
      "startOffset" : 61,
      "endOffset" : 73
    }, {
      "referenceID" : 16,
      "context" : "Figure 4: Using PCs as prior distributions of the IDF model (Hoogeboom et al., 2019).",
      "startOffset" : 60,
      "endOffset" : 84
    }, {
      "referenceID" : 42,
      "context" : "(Xiao et al., 2017), and two splits of EMNIST (Cohen et al.",
      "startOffset" : 0,
      "endOffset" : 19
    }, {
      "referenceID" : 5,
      "context" : ", 2017), and two splits of EMNIST (Cohen et al., 2017).",
      "startOffset" : 34,
      "endOffset" : 54
    }, {
      "referenceID" : 16,
      "context" : "In this section, we take IDF (Hoogeboom et al., 2019), a Flowbased lossless compression model, as an example to demonstrate the effectiveness of such model integration.",
      "startOffset" : 29,
      "endOffset" : 53
    }, {
      "referenceID" : 10,
      "context" : "Each level contains a squeeze layer (Dinh et al., 2016), followed by several integer flow layers and a prior layer.",
      "startOffset" : 36,
      "endOffset" : 55
    }, {
      "referenceID" : 19,
      "context" : "Each level i outputs a set of latent variables zi, which are originally defined as a set of mutually independent discretized logistic variables (Kingma et al., 2016).",
      "startOffset" : 144,
      "endOffset" : 165
    }, {
      "referenceID" : 10,
      "context" : ", 2020), Glow (Kingma & Dhariwal, 2018), and RealNVP (Dinh et al., 2016)), PC+IDF achieved the best bpd on ImageNet32 and ImageNet64.",
      "startOffset" : 53,
      "endOffset" : 72
    } ],
    "year" : 2022,
    "abstractText" : "Despite extensive progress on image generation, common deep generative model architectures are not easily applied to lossless compression. For example, VAEs suffer from a compression cost overhead due to their latent variables. This overhead can only be partially eliminated with elaborate schemes such as bits-back coding, often resulting in poor single-sample compression rates. To overcome such problems, we establish a new class of tractable lossless compression models that permit efficient encoding and decoding: Probabilistic Circuits (PCs). These are a class of neural networks involving |p| computational units that support efficient marginalization over arbitrary subsets of the D feature dimensions, enabling efficient arithmetic coding. We derive efficient encoding and decoding schemes that both have time complexity O(log(D) · |p|), where a naive scheme would have linear costs in D and |p|, making the approach highly scalable. Empirically, our PC-based (de)compression algorithm runs 5-40 times faster than neural compression algorithms that achieve similar bitrates. By scaling up the traditional PC structure learning pipeline, we achieve state-of-the-art results on image datasets such as MNIST. Furthermore, PCs can be naturally integrated with existing neural compression algorithms to improve the performance of these base models on natural image datasets. Our results highlight the potential impact that non-standard learning architectures may have on neural data compression.",
    "creator" : "LaTeX with hyperref"
  }
}