{
  "name" : "ICLR2022-41e9o6cQPj.pdf",
  "metadata" : {
    "source" : "CRF",
    "title" : "GREASELM: GRAPH REASONING ENHANCED LANGUAGE MODELS FOR QUESTION ANSWERING",
    "authors" : [ "Xikun Zhang", "Antoine Bosselut", "Michihiro Yasunaga", "Hongyu Ren", "Percy Liang", "Christopher D. Manning", "Jure Leskovec" ],
    "emails" : [ "xikunz2@cs.stanford.edu", "antoineb@cs.stanford.edu", "myasu@cs.stanford.edu", "hyren@cs.stanford.edu", "pliang@cs.stanford.edu", "manning@cs.stanford.edu", "jure@cs.stanford.edu" ],
    "sections" : [ {
      "heading" : "1 INTRODUCTION",
      "text" : "Question answering is a challenging task that requires complex reasoning over both explicit constraints described in the textual context of the question, as well as unstated, relevant knowledge about the world (i.e., knowledge about the domain of interest). Recently, large pretrained language models fine-tuned on QA datasets have become the dominant paradigm in NLP for question answering tasks (Khashabi et al., 2020). After pretraining on an extreme-scale collection of general text corpora, these language models learn to implicitly encode broad knowledge about the world, which they are able to leverage when fine-tuned on a domain-specific downstream QA task. However, despite the strong performance of this two-stage learning procedure on common benchmarks, these models struggle when given examples that are distributionally different from examples seen during fine-tuning (McCoy et al., 2019). Their learned behavior often relies on simple (at times spurious) patterns to offer shortcuts to an answer, rather than robust, structured reasoning that effectively fuses the explicit information provided by the context and implicit external knowledge (Marcus, 2018).\nOn the other hand, massive knowledge graphs (KG), such as Freebase (Bollacker et al., 2008), Wikidata (Vrandečić & Krötzsch, 2014), ConceptNet (Speer et al., 2017), and Yago (Suchanek et al., 2007) capture such external knowledge explicitly using triplets that capture relationships between entities. Previous research has demonstrated the significant role KGs can play in structured reasoning and query answering (Ren et al., 2020; 2021; Ren & Leskovec, 2020). However, extending these reasoning advantages to general QA (where questions and answers are expressed in natural language and not easily mapped to strict logical queries) requires finding the right integration of knowledge from the KG with the information and constraints provided by the QA example. Prior\n1All code, data and pretrained models are available at https://github.com/snap-stanford/ GreaseLM.\nmethods propose various ways to leverage both modalities (i.e., expressive large language models and structured KGs) for improved reasoning (Mihaylov & Frank, 2018; Lin et al., 2019; Feng et al., 2020). However, these methods typically fuse the two modalities in a shallow and non-interactive manner, encoding both separately and fusing them at the output for a prediction, or using one to augment the input of the other. Consequently, previous methods demonstrate restricted capacity to exchange useful information between the two modalities. It remains an open question how to effectively fuse the KG and LM representations in a truly unified manner, where the two representations can interact in a non-shallow way to simulate structured, situational reasoning.\nIn this work, we present GREASELM, a new model that enables fusion and exchange of information from both the LM and KG in multiple layers of its architecture (see Figure 1). Our proposed GREASELM consists of an LM that takes as input the natural language context, as well as a graph neural network (GNN) that reasons over the KG. After each layer of the LM and GNN, we design an interactive scheme to bidirectionally transfer the information from each modality to the other through specially initialized interaction representations (i.e., interaction token for the LM; interaction node for the GNN). In such a way, all the tokens in the language context receive information from the KG entities through the interaction token and the KG entities indirectly interact with the tokens through the interaction node. By such a deep integration across all layers, GREASELM enables joint reasoning over both the language context and the KG entities under a unified framework agnostic to the specific language model or graph neural network, so that both modalities can be contextualized by the other.\nGREASELM demonstrates significant performance gains across different LM architectures. We perform experiments on several standard QA benchmarks: CommonsenseQA, OpenbookQA and MedQA-USMLE, which require external knowledge across different domains (commonsense reasoning and medical reasoning) and use different KGs (ConceptNet and Disease Database). Across both domains, GREASELM outperforms comparably-sized prior QA models, including strong fine-\ntuned LM baselines (by 5.5%, 6.6%, and 1.3%, respectively) and state-of-the-art KG+LM models (by 0.9%, 1.8%, and 0.5%, respectively) on the three competitive benchmarks. Furthermore, with the deep fusion of both modalities, GREASELM exhibits strong performance over baselines on questions that exhibit textual nuance, such as resolving multiple constraints, negation, and hedges, and which require effective reasoning over both language context and KG."
    }, {
      "heading" : "2 RELATED WORK",
      "text" : "Integrating KG information has become a popular research area for improving neural QA systems. Some works explore using two-tower models to answer questions, where a graph representation of knowledge and language representation are fused with no interaction between them (Wang et al., 2019). Other works seek to use one modality to ground the other, such as using an encoded representation of a linked KG to augment the textual representation of a QA example (e.g., Knowledgeable Reader, Mihaylov & Frank, 2018; KagNet, Lin et al., 2019; KT-NET, Yang et al., 2019). Others reverse the flow of information and use a representation of the text (e.g., final layer of LM) to provide an augmentation to a graph reasoning model over an extracted KG for the example (e.g., MHGRN, Feng et al., 2020; Lv et al., 2020). In all of these settings, however, the interaction between both modalities is limited as information between them only flows one way.\nMore recent approaches explore deeper integrations of both modalities. Certain approaches learn to access implicit knowledge encoded in LMs (Bosselut et al., 2019; Petroni et al., 2019; Hwang et al., 2021) by training on structured KG data, and then use the LM to generate local KGs that can be used for QA (Wang et al., 2020; Bosselut et al., 2021). However, these approaches discard the static KG once they train the LM on its facts, losing important structure that can guide reasoning. More recently, QA-GNN (Yasunaga et al., 2021) proposed to jointly update the LM and GNN representations via message passing. However, they use a single pooled representation of the LM to seed the textual component of this joint structure, limiting the updates that can be made to the textual representation. In contrast to prior works, we propose to make individual token representations in the LM and node representations in the GNN mix for multiple layers, enabling representations of both modalities to reflect particularities of the other (e.g., knowledge grounds language; language nuances specifies which knowledge is important). Simultaneously, we retain the individual structure of both modalities, which we demonstrate improves QA performance substantially (§5).\nAdditionally, some works explore integrating knowledge graphs with language models in the pretraining stage. However, much like for QA, the modality interaction is typically limited to knowledge feeding language (Zhang et al., 2019; Shen et al., 2020; Yu et al., 2020), rather than designing interactions across multiple layers. Sun et al. (2020)’s work is perhaps most similar, but they do not use the same interaction bottleneck, requiring high-precision entity mention spans for linking, and they limit expressivity through shared modality parameters for the LM and KG."
    }, {
      "heading" : "3 PROPOSED APPROACH: GREASELM",
      "text" : "In this work, we augment large-scale language models (Devlin et al., 2019; Liu et al., 2019; Lan et al., 2020; Liu et al., 2021) with graph reasoning modules over KGs. Our method, GREASELM (depicted in Figure 1), consists of two stacked components: (1) a set of unimodal LM layers which learn an initial representation of the input tokens, and (2) a set of upper cross-modal GREASELM layers which learn to jointly represent the language sequence and linked knowledge graph, allowing textual representations formed from the underlying LM layers and a graph representation of the KG to mix with one another. We denote the number of LM layers as N , and the number of GREASELM layers as M . The total number of layers in our model is N +M .\nNotation. In the task of multiple choice question answering (MCQA), a generic MCQA-type dataset consists of examples with a context paragraph c, a question q and a candidate answer set A, all expressed in text. In this work, we also assume access to an external knowledge graph (KG) G that provides background knowledge that is relevant to the content of the multiple choice questions.\nGiven a QA example (c, q,A), and the KG G as input, our goal is to identify which answer a ∈ A is correct. Without loss of generality, when an operation is applied to an arbitrary answer, we refer to that answer as a. We denote a sequence of tokens in natural language as {w1, . . . , wT }, where T is\nthe total number of tokens, and the representation of a token wt from the `-th layer of the model as h (`) t . We denote a set of nodes from the KG as {e1, . . . , eJ}, where J is the total number of nodes, and the representation of a node ej in the `-th layer of the model as e (`) j ."
    }, {
      "heading" : "3.1 INPUT REPRESENTATION",
      "text" : "We concatenate our context paragraph c, question q, and candidate answer a with separator tokens to get our model input [c; q; a] and tokenize the combined sequence into {w1, . . . , wT }. Second, we use the input sequence to retrieve a subgraph of the KG G (denoted Gsub), which provides knowledge from the KG that is relevant to this QA example. We denote the set of nodes in Gsub as {e1, . . . , eJ}. KG Retrieval. Given each QA context, we follow the procedure from Yasunaga et al. (2021) to retrieve the subgraph Gsub from G. We describe this procedure in Appendix B.1. Each node in Gsub is assigned a type based on whether its corresponding entity was linked from the context c, question q, answer a, or as a neighbor to these nodes. In the rest of the paper, we use “KG” to refer to Gsub. Interaction Bottlenecks. In the cross-modal GREASELM layers, information is fused between both modalities, for which we define a special interaction token wint and a special interaction node eint whose representations serve as the bottlenecks through which the two modalities interact (§3.3). We prepend wint to the token sequence and connect eint to all the linked nodes Vlinked in Gsub."
    }, {
      "heading" : "3.2 LANGUAGE PRE-ENCODING",
      "text" : "In the unimodal encoding component, given the sequence of tokens {wint, w1, . . . , wT }, we first sum the token, segment, and positional embeddings for each token to compute its `=0 input representation {h(0)int,h (0) 1 , . . . ,h (0) T }, and then compute an output representation for each layer `:\n{h(`)int,h (`) 1 , . . . ,h (`) T } = LM-Layer({h (`−1) int ,h (`−1) 1 , . . . ,h (`−1) T }) (1)\nfor ` = 1, . . . , N\nwhere LM-Layer(·) is a single LM encoder layer, whose parameters are initialized using a pretrained model (§4.1). We refer readers to Vaswani et al. (2017) for technical details of these layers."
    }, {
      "heading" : "3.3 GREASELM",
      "text" : "GREASELM uses a cross-modal fusion component to inject information from the KG into language representations and information from language into KG representations. The GREASELM layer is designed to separately encode information from both modalities, and fuse their representations using the bottleneck of the special interaction token and node. It is comprised of three components: (1) a transformer LM encoder block which continues to encode the language context, (2) a GNN layer that reasons over KG entities and relations, and (3) a modality interaction layer that takes the unimodal representations of the interaction token and interaction node and exchanges information through them. We discuss these three components below.\nLanguage Representation. In the `-th GREASELM layer, the input token embeddings {h(N+`−1)int ,h (N+`−1) 1 , . . . ,h (N+`−1) T } are fed into additional transformer LM encoder blocks that continue to encode the textual context based on the LM’s pretrained representations:\n{h̃(N+`)int , h̃ (N+`) 1 , . . . , h̃ (N+`) T } = LM-Layer({h (N+`−1) int ,h (N+`−1) 1 , . . . ,h (N+`−1) T }) (2)\nfor ` = 1, . . . ,M\nwhere h̃ corresponds to pre-fused embeddings of the language modality. As we will discuss below, because hN+`−1int will encode information received from the knowledge graph representation, these late language encoding layers will also allow the token representations to mix with KG knowledge.\nGraph Representation. The GREASELM layers also encode a representation of the local KG Gsub linked from the QA example. To represent the graph, we first compute initial node embeddings {e(0)1 , . . . , e (0) J } for the retrieved entities using pretrained KG embeddings for these nodes (§4.1). The initial embedding of the interaction node e0int is initialized randomly.\nThen, in each layer of the GNN, the current representation of the node embeddings {e(`−1)int , e (`−1) 1 , . . . , e (`−1) J } is fed into the layer to perform a round of information propagation between nodes in the graph and yield pre-fused node embeddings for each entity:\n{ẽ(`)int, ẽ (`) 1 , . . . , ẽ (`) J } = GNN({e (`−1) int , e (`−1) 1 , . . . , e (`−1) J }) (3)\nfor ` = 1, . . . ,M\nwhere GNN corresponds to a variant of graph attention networks (Veličković et al., 2018) that is a simplification of the method of Yasunaga et al. (2021). The GNN computes node representations ẽ (`) j for each node ej ∈ {e1, . . . , eJ} via message passing between neighbors on the graph.\nẽ (`) j = fn ( ∑ es∈Nej∪{ej} αsjmsj ) + e (`−1) j (4)\nwhereNej represents the neighborhood of an arbitrary node ej , msj denotes the message one of its neighbors es passes to ej , αsj is an attention weight that scales the message msj , and fn is a 2-layer MLP. The messages msj between nodes allow entity information from a node to affect the model’s representation of its neighbors, and are computed in the following manner:\nrsj = fr(r̃sj , us, uj) (5) msj = fm(e(`−1)s , us, rsj) (6)\nwhere us,uj are node type embeddings, r̃sj is a relation embedding for the relation connecting es and ej , fr is a 2-layer MLP, and fm is a linear transformation. The attention weights αsj scale the contribution of each neighbor’s message by its importance, and are computed as follows:\nqs = fq(e (`−1) s , us) (7) kj = fk(e (`−1) j , uj , rsj) (8)\nγsj = q>s kj√ D\n(9) αsj = exp(γsj)∑\nes∈Nej∪{ej} exp(γsj)\n(10)\nwhere fq and fk are linear transformations and us,uj , rsj are defined the same as above.\nAs discussed in the following paragraph, message passing between the interaction node eint and the nodes from the retrieved subgraph will allow information from text that eint receives from wint to propagate to the other nodes in the graph.\nModality Interaction. Finally, after using a transformer LM layer and a GNN layer to update token embeddings and node embeddings respectively, we use a modality interaction layer (MInt) to let the two modalities fuse information through the bottleneck of the interaction token wint and the interaction node eint. We concatenate the pre-fused embeddings of the interaction token h̃ (i) int and interaction node ẽ(i)int, pass the joint representation through a mixing operation (MInt), and then split the output post-fused embeddings into h(i)int and e (i) int:\n[h (`) int; e (`) int] = MInt([h̃ (`) int; ẽ (`) int]), (11)\nWe use a two-layer MLP as our MInt operation, though other fusion operators could be used to mix the representation. All the tokens other than the interaction token wint and all the nodes other than the interaction node eint are not involved in the modality interaction process: w(`) = w̃(`) for w ∈ {w1, . . . , wT } and e(`) = ẽ(`) for e ∈ {e1, . . . , eJ}. However, they receive information from the interaction representations h(`)int and e (`) int in the next layers of their respective modal propagation (i.e., Eqs. 2, 3). Consequently, across multiple GREASELM layers, information propagates between both modalities (see Fig. 1 for visual depiction), grounding language representations to KG knowledge, and knowledge representations to contextual constraints.\nLearning & Inference. For the MCQA task, given a question q and an answer a from all the candidates A, we compute the probability of a being the correct answer as p(a | q, c) ∝ exp(MLP(h(N+M)int , e (M) int , g)), where g denotes attention-based pooling of {e (M) j | ej ∈ {e1, . . . , eJ}} using h(N+M)int as a query. We optimize the whole model end-to-end using the cross entropy loss. At inference time, we predict the most plausible answer as argmaxa∈A p(a | q, c)."
    }, {
      "heading" : "4 EXPERIMENTAL SETUP",
      "text" : "We evaluate GREASELM on three diverse multiple-choice question answering datasets across two domains: CommonsenseQA (Talmor et al., 2019) and OpenBookQA (Mihaylov et al., 2018) as commonsense reasoning benchmarks, and MedQA-USMLE (Jin et al., 2021) as a clinical QA task.\nCommonsenseQA is a 5-way multiple-choice question answering dataset of 12,102 questions that require background commonsense knowledge beyond surface language understanding. We perform our experiments using the in-house data split of Lin et al. (2019) to compare to baseline methods.\nOpenbookQA is a 4-way multiple-choice question answering dataset that tests elementary scientific knowledge. It contains 5,957 questions along with an open book of scientific facts. We use the official data splits from Mihaylov & Frank (2018).\nMedQA-USMLE is a 4-way multiple-choice question answering dataset, which requires biomedical and clinical knowledge. The questions are originally from practice tests for the United States Medical License Exams (USMLE). The dataset contains 12,723 questions. We use the original data splits from Jin et al. (2021)."
    }, {
      "heading" : "4.1 IMPLEMENTATION & TRAINING DETAILS",
      "text" : "Language Models. We seed GREASELM with RoBERTa-Large (Liu et al., 2019) for our experiments on CommonsenseQA, AristoRoBERTa (Clark et al., 2019) for our experiments on OpenbookQA, and SapBERT (Liu et al., 2021) for our experiments on MedQA-USMLE, demonstrating GREASELM’s generality with respect to language model initializations. Hyperparameters for training these models can be found in Appendix Table 7.\nKnowledge Graphs. We use ConceptNet (Speer et al., 2017), a general-domain knowledge graph, as our external knowledge source G for both CommonsenseQA and OpenbookQA. It has 799,273 nodes and 2,487,810 edges in total. For MedQA-USMLE, we use a self-constructed knowledge graph that integrates the Disease Database portion of the Unified Medical Language System (UMLS; Bodenreider, 2004) and DrugBank (Wishart et al., 2018). The knowledge graph contains 9,958 nodes and 44,561 edges. Additional information about node initialization and hyperparameters for preprocessing these KGs can be found in Appendix B.2."
    }, {
      "heading" : "4.2 BASELINE METHODS",
      "text" : "Fine-tuned LMs. To study the effect of using KGs as external knowledge sources, we compare our method with vanilla fine-tuned LMs, which are knowledge-agnostic. We fine-tune RoBERTa-\nLarge (Liu et al., 2019) for CommonsenseQA, and AristoRoBERTa2 (Clark et al., 2019) for OpenbookQA. For MedQA-USMLE, we use a state-of-the-art biomedical language model, SapBERT (Liu et al., 2021), which is an augmentation of PubmedBERT (Gu et al., 2022) that is trained with entity disambiguation objectives to allow the model to better understand entity knowledge.\nLM+KG models. We also evaluate GREASELM’s ability to exploit its knowledge graph augmentation by comparing with existing LM+KG methods: (1) Relation Network (RN; Santoro et al., 2017), (2) RGCN (Schlichtkrull et al., 2018), (3) GconAttn (Wang et al., 2019), (4) KagNet (Lin et al., 2019), (5) MHGRN (Feng et al., 2020), and (6) QA-GNN (Yasunaga et al., 2021). QA-GNN is the existing top-performing model under this LM+KG paradigm. The key difference between GREASELM and these baseline methods is that they do not fuse the representations of both modalities across multiple interaction layers, allowing the representation of both modalities to affect the other (§3.3). For fair comparison, we use the same LM to initialize these baselines as for our model."
    }, {
      "heading" : "5 EXPERIMENTAL RESULTS",
      "text" : "Our results in Tables 2 and 3 demonstrate a consistent improvement on the CommonsenseQA and OpenbookQA datasets. On CommonsenseQA, our model’s test performance improves by 5.5% over fine-tuned LMs and 0.9% over existing LM+KG models. On OpenbookQA, these improvements are magnified, with 6.4% over raw LMs, and 2.0% over the prior best LM+KG system, QA-GNN. The boost over QA-GNN suggests that GREASELM’s multi-layer fusion component that passes information between the text and KG representations is more expressive than LM+KG methods which do\n2OpenbookQA provides an extra corpus of scientific facts in a textual form. AristoRoBERTa is based off RoBERTa-Large, but uses the facts corresponding to each question, prepared by Clark et al. (2019), as an additional input along with the QA context.\nnot integrate such sustained interaction between both modalities. We also achieve competitive results to other systems on the leaderboard of OpenbookQA (Table 4), posting the third highest score. However, we note that the T5 (Raffel et al., 2020) and UnifiedQA (Khashabi et al., 2020) models are pretrained models with 8× and 30× more parameters, respectively, than our model. Among models with comparable parameter counts, GREASELM achieves the highest score. An ablation study on different model components and hyperparameters is reported in Appendix C.1.\nQuantitative Analysis. Given these overall performance improvements, we investigated whether GREASELM’s improvements were reflected in questions that required more complex reasoning. Because we had no gold structures from these datasets to categorize the reasoning complexity of different questions, we defined three proxies: the number of prepositional phrases in the questions, the presence of negation terms, and the presence of hedging terms. We use the number of prepositional phrases as a proxy for the number of explicit reasoning constraints being set in the questions. For example, the CommonsenseQA question in Table 1, “A weasel has a thin body and short legs to easier burrow after prey in a what?” has three prepositional phrases: to easier burrow, after prey, in a what, which each provide an additional search constraint for the answer (n.b., in certain cases, the prepositional phrases do not provide constraints that are needed for selecting the correct answer). The presence of negation and hedging terms stratifies our evaluation to questions that have explicit negation mentions (e.g., no, never) and terms indicating uncertainty (e.g., sometimes; maybe).\nOur results in Table 5 demonstrate that GREASELM generally outperforms RoBERTa-Large and QA-GNN for both questions with negation terms and hedge terms, indicating GREASELM handles contexts with nuanced constraints. Furthermore, we also note that GREASELM performs better than the baselines across all questions with prepositional phrases, our measure for reasoning complexity. QA-GNN and GREASELM perform comparably on questions with no prepositional phrases, but the increasing complexity of questions requires deeper cross-modal fusion between language and knowledge representations. While QA-GNN’s end fusion approach of initializing a node in the GNN from the LM’s final representation of the context is an effective approach, it compresses the language context to a single vector before allowing interaction with the KG, potentially limiting the cross-relationships between language and knowledge that can be captured (see example in Figure 2). Interestingly, we note that both GREASELM and QA-GNN significantly outperform RoBERTaLarge even when no prepositional phrases are in the question. We hypothesize that some of these questions may require less reasoning, but require specific commonsense knowledge that RoBERTa may not have learned during pretraining (e.g., “What is a person considered a bully known for?”).\nQualitative Analysis. In Figure 2, we examine GREASELM’s node-to-node attention weights induced by the GNN layers of the model, and analyze whether they reflect more expressive reasoning steps compared to QA-GNN. Figure 2 shows an example from the CommonsenseQA IH-dev set. In this example, GREASELM correctly predicts that the answer is “airplane” while QA-GNN makes an incorrect prediction, “motor vehicle”. For both models, we perform Best First Search (BFS) on the retrieved KG subgraph Gsub to trace high attention weights from the interaction node (purple). For GREASELM, we observe that the attention by the interaction node increases on the “bug” entity in the intermediate GNN layers, but drops again by the final layer, resembling a suitable intuition surrounding the hedge term “unlikely”. Meanwhile, the attention on “windshield” consistently increases across all layers. For QA-GNN, the attention on “bug” increases over multiple layers. As “bug” is mentioned multiple times in the context, it may be well-represented in QA-GNN’s context node initialization, which is never reformulated by language representations, unlike in GREASELM.\nDomain generality Our reported results thus far demonstrate the viability of our method in the general commonsense reasoning domain. In this section, we explore whether GREASELM could be adapted to other domains by evaluating on the MedQA-USMLE dataset. Our results in Table 6 demonstrate that GREASELM outperforms state-of-the-art fine-tuned LMs (e.g., SapBERT; Liu et al., 2021) and a QA-GNN augmentation of SapBERT. Additionally, we note the improved performance over all classical methods and LM methods first reported in Jin et al. (2021). Additional results in Appendix C show that our approach is also agnostic to the language model used with improvements recorded by GREASELM when it is seeded with other LMs, such as PubmedBERT (Gu et al., 2022), and BioBERT (Lee et al.,\n2020). While these results are promising as they suggest that GREASELM is an effective augmentation of pretrained LMs for different domains and KGs (i.e., the medical domain with the DDB + Drugbank KG), there is still ample room for improvement on this task."
    }, {
      "heading" : "6 CONCLUSION",
      "text" : "In this paper, we introduce GREASELM, a new model that enables interactive fusion through joint information exchange between knowledge from language models and knowledge graphs. Experimental results demonstrate superior performance compared to prior KG+LM and LM-only baselines across standard datasets from multiple domains (commonsense and medical). Our analysis shows improved capability modeling questions exhibiting textual nuances, such as negation and hedging."
    }, {
      "heading" : "ACKNOWLEDGMENT",
      "text" : "We thank Rok Sosic, Maria Brbic, Jordan Troutman, Rajas Bansal, and our anonymous reviewers for discussions and for providing feedback on our manuscript. We thank Xiaomeng Jin for help with data preprocessing. We also gratefully acknowledge the support of DARPA under Nos. HR00112190039 (TAMI), N660011924033 (MCS); ARO under Nos. W911NF-16-1-0342 (MURI), W911NF-16-1-0171 (DURIP); NSF under Nos. OAC-1835598 (CINES), OAC-1934578 (HDR), CCF-1918940 (Expeditions), IIS-2030477 (RAPID), NIH under No. R56LM013365; Stanford Data Science Initiative, Wu Tsai Neurosciences Institute, Chan Zuckerberg Biohub, Amazon, JPMorgan Chase, Docomo, Hitachi, Intel, JD.com, KDDI, Toshiba, NEC, and UnitedHealth Group. J. L. is a Chan Zuckerberg Biohub investigator. The content is solely the responsibility of the authors and does not necessarily represent the official views of the funding entities."
    }, {
      "heading" : "A ETHICS STATEMENT",
      "text" : "We outline potential ethical issues with our work below. First, GREASELM is a method to fuse language representations and knowledge graph representations for effective reasoning about textual situations. Consequently, GREASELM could reflect many of the same biases and toxic behaviors exhibited by language models and knowledge graphs that are used to initialize it. For example, prior large-scale language models have been shown to encode biases about race, gender, and other demographic attributes (Sheng et al., 2020). Because GREASELM is seeded with pretrained language models that often learn these patterns, it is possible to reflect them in open-world settings. Second, the ConceptNet knowledge graph (Speer et al., 2017) used in this work has been shown to encode stereotypes (Mehrabi et al., 2021), rather than completely clean commonsense knowledge. If GREASELM were used outside these standard benchmarks in conjunction with ConceptNet as a KG, it might rely on unethical relationships in its knowledge resource to arrive at conclusions. Consequently, while GREASELM could be used for applications outside these standard benchmarks, we would encourage implementers to use the same precautions they would apply to other language models and methods that use noisy knowledge sources.\nAnother source of ethical concern is the use of the MedQA-USMLE evaluation. While we find clinical reasoning using language models and knowledge graphs to be an interesting testbed for GREASELM and for joint language and reasoning models in general, we do not encourage users to use these models for real world clinical prediction, particularly at these performance levels."
    }, {
      "heading" : "B EXPERIMENTAL SETUP DETAILS",
      "text" : "B.1 ENTITY LINKING\nGiven each QA context, we follow the procedure from Yasunaga et al. (2021) to retrieve the subgraph Gsub from G. First, we perform entity linking to G to retrieve an initial set of nodes Vlinked. Second, we add any bridge entities that are in a 2-hop path between any pair of linked entities in Vlinked to get the set of retrieved entities Vretrieved. Then we prune the set of nodes Vretrieved using a relevance score computed for each node. To compute the relevance score, we follow the procedure of Yasunaga et al. (2021) – we concatenate the node name with the context of the QA example, and pass it through a pre-trained LM, using the output score of the node name as the relevance score. We only retain the top 200 scores nodes and prune the remaining ones. Finally, we retrieve all the edges that connect any two nodes in Vsub, forming the retrieved subgraph Gsub. Each node in Gsub is assigned a type according to whether its corresponding entity was linked from the context c, question q, answer a, or from a bridge path.\nB.2 GRAPH INITIALIZATION\nTo compute initial node embeddings (§3.3) for entities retrieved in Gsub from ConceptNet, we follow the method of MHGRN (Feng et al., 2020). We convert knowledge triples in the KG into sentences using pre-defined templates for each relation. Then, these sentences are fed into a BERT-large LM to compute embeddings for each sentence. Finally, for all sentences containing an entity, we extract all token representations of the entity’s mention spans in these sentences, mean pool over these representations and project this mean-pooled representation.\nFor MedQA-USMLE, node embeddings are initialized similarly using the pooled token output embeddings of the entity name from the SapBERT model (described in §4.2; Liu et al., 2021). For MedQA, 5% of examples do not yield a retrieved entity. In these cases, we represent the graph using a dummy node initialized with 0. In essence, GreaseLM backs off to only using LM representations as the graph propagates no information.\nB.3 HYPERPARAMETERS"
    }, {
      "heading" : "C ADDITIONAL EXPERIMENTAL RESULTS",
      "text" : "C.1 ABLATION STUDIES\nIn Table 8, we summarize an ablation study conducted using the CommonsenseQA IHdev set.\nModality interaction. A key component of GREASELM is the connection of the LM to the GNN via the modality interaction module (Eq. 11). If we remove modality interaction, the performance drops significantly, from 78.5% to 76.5% (approximately the performance of QA-GNN). Integrating the modality interaction in every other layer instead of consecutive layers also hurts performance. A possible explanation is that skipping layers could impede learning consistent representations across layers for both the LM and the GNN, a property which may be desirable given we initialize the model using a pretrained LM’s weights (e.g., RoBERTa). We also find that sharing parameters between modality interaction layers (Eq. 11) outperforms not sharing, possibly because our datasets are not very large (e.g., 10k for CommonsenseQA), and sharing parameters helps prevent overfitting.\nNumber of GREASELM layers. We find that M = 5 GREASELM layers achieves the highest performance. However, both the results for M = 4 and M = 6 are relatively close to the top performance, indicating our method is not overly sensitive to this hyperparameter.\nGraph connectivity. The interaction node eint is a key component of GREASELM that bridges the interaction between the KG and the text. Selecting which nodes in the KG are directly connected to eint affects the rate at which information from different portions of the KG can reach the text representations. We find that connecting eint KG nodes explicitly linked to the input text performs best. Connecting eint to all nodes in the subgraph (e.g., bridge entities) hurts performance (-0.9%), possibly because the interaction node is overloaded by having to attend to all nodes in the graph (up to 200). By connecting the interaction node only to linked entities, each linked entity serves as a filter for relevant information that reaches the interaction node.\nKG node embedding initialization. Effectively initializing KG node representations is critical. When we initialize nodes randomly instead of using the BERT-based initialization method from Feng et al. (2020), the performance drops significantly (78.5%→60.8%). While using standard KG embeddings (e.g., TransE; Bordes et al., 2013) recovers much of the performance drop (77.7%), we still find that using BERT-based entity embeddings performs best.\nC.2 EFFECT OF LM INITIALIZATION ON GREASELM\nTable 9: Performance on the in-house splits of CommonsenseQA for different LM initializations of our method, GREASELM.\nMethods IHdev-Acc. IHtest-Acc. ROBERTA-LARGE 73.1 68.7 + GREASELM (Ours) 78.5 74.2 ROBERTA-BASE 65.1 59.8 + GREASELM (Ours) 69.3 65.0\nTable 10: Initialization on MedQAUSMLE\nMethods Acc. (%) SAPBERT-BASE 37.2 + GREASELM (Ours) 38.5 BIOBERT-BASE 34.1 + GREASELM (Ours) 34.6 PUBMEDBERT-BASE 38.0 + GREASELM (Ours) 38.7\nTo evaluate whether our method is agnostic to the LM used to seed the GreaseLM layers, we replace the LMs we use in previous experiments (RoBERTa-large for CommonsenseQA and SapBERT for MedQA-USMLE) with RoBERTa-base for CommonsenseQA, and BioBERT and PubmedBERT for MedQA-USMLE. Across multiple LM initializations in two domains, our results demonstrate that GREASELM can provide a consistent improvement for multiple LMs when used as a modality junction between KGs and language."
    } ],
    "references" : [ {
      "title" : "The unified medical language system (UMLS): Integrating biomedical terminology",
      "author" : [ "Olivier Bodenreider" ],
      "venue" : "Nucleic acids research,",
      "citeRegEx" : "Bodenreider.,? \\Q2004\\E",
      "shortCiteRegEx" : "Bodenreider.",
      "year" : 2004
    }, {
      "title" : "Freebase: a collaboratively created graph database for structuring human knowledge",
      "author" : [ "Kurt Bollacker", "Colin Evans", "Praveen Paritosh", "Tim Sturge", "Jamie Taylor" ],
      "venue" : "In SIGMOD,",
      "citeRegEx" : "Bollacker et al\\.,? \\Q2008\\E",
      "shortCiteRegEx" : "Bollacker et al\\.",
      "year" : 2008
    }, {
      "title" : "Translating embeddings for modeling multi-relational data",
      "author" : [ "Antoine Bordes", "Nicolas Usunier", "Alberto Garcia-Duran", "Jason Weston", "Oksana Yakhnenko" ],
      "venue" : "In Advances in Neural Information Processing Systems (NeurIPS),",
      "citeRegEx" : "Bordes et al\\.,? \\Q2013\\E",
      "shortCiteRegEx" : "Bordes et al\\.",
      "year" : 2013
    }, {
      "title" : "Comet: Commonsense transformers for automatic knowledge graph construction",
      "author" : [ "Antoine Bosselut", "Hannah Rashkin", "Maarten Sap", "Chaitanya Malaviya", "Asli Çelikyilmaz", "Yejin Choi" ],
      "venue" : "In Association for Computational Linguistics (ACL),",
      "citeRegEx" : "Bosselut et al\\.,? \\Q2019\\E",
      "shortCiteRegEx" : "Bosselut et al\\.",
      "year" : 2019
    }, {
      "title" : "Dynamic neuro-symbolic knowledge graph construction for zero-shot commonsense question answering",
      "author" : [ "Antoine Bosselut", "Ronan Le Bras", "Yejin Choi" ],
      "venue" : "In Proceedings of the AAAI Conference on Artificial Intelligence,",
      "citeRegEx" : "Bosselut et al\\.,? \\Q2021\\E",
      "shortCiteRegEx" : "Bosselut et al\\.",
      "year" : 2021
    }, {
      "title" : "Pre-training of deep bidirectional transformers for language understanding",
      "author" : [ "Jacob Devlin", "Ming-Wei Chang", "Kenton Lee", "Kristina Toutanova. Bert" ],
      "venue" : "In NAACL,",
      "citeRegEx" : "Devlin et al\\.,? \\Q2019\\E",
      "shortCiteRegEx" : "Devlin et al\\.",
      "year" : 2019
    }, {
      "title" : "Scalable multi-hop relational reasoning for knowledge-aware question answering",
      "author" : [ "Yanlin Feng", "Xinyue Chen", "Bill Yuchen Lin", "Peifeng Wang", "Jun Yan", "Xiang Ren" ],
      "venue" : "In Empirical Methods in Natural Language Processing (EMNLP),",
      "citeRegEx" : "Feng et al\\.,? \\Q2020\\E",
      "shortCiteRegEx" : "Feng et al\\.",
      "year" : 2020
    }, {
      "title" : "Domain-specific language model pretraining for biomedical natural language processing",
      "author" : [ "Yuxian Gu", "Robert Tinn", "Hao Cheng", "Michael R. Lucas", "Naoto Usuyama", "Xiaodong Liu", "Tristan Naumann", "Jianfeng Gao", "Hoifung Poon" ],
      "venue" : "ACM Transactions on Computing for Healthcare (HEALTH),",
      "citeRegEx" : "Gu et al\\.,? \\Q2022\\E",
      "shortCiteRegEx" : "Gu et al\\.",
      "year" : 2022
    }, {
      "title" : "Comet-atomic 2020: On symbolic and neural commonsense knowledge graphs",
      "author" : [ "Jena D. Hwang", "Chandra Bhagavatula", "Ronan Le Bras", "Jeff Da", "Keisuke Sakaguchi", "Antoine Bosselut", "Yejin Choi" ],
      "venue" : "In AAAI,",
      "citeRegEx" : "Hwang et al\\.,? \\Q2021\\E",
      "shortCiteRegEx" : "Hwang et al\\.",
      "year" : 2021
    }, {
      "title" : "What disease does this patient have? a large-scale open domain question answering dataset from medical exams",
      "author" : [ "Di Jin", "Eileen Pan", "Nassim Oufattole", "Wei-Hung Weng", "Hanyi Fang", "Peter Szolovits" ],
      "venue" : "Applied Sciences,",
      "citeRegEx" : "Jin et al\\.,? \\Q2021\\E",
      "shortCiteRegEx" : "Jin et al\\.",
      "year" : 2021
    }, {
      "title" : "Unifiedqa: Crossing format boundaries with a single qa system",
      "author" : [ "Daniel Khashabi", "Tushar Khot", "Ashish Sabharwal", "Oyvind Tafjord", "Peter Clark", "Hannaneh Hajishirzi" ],
      "venue" : "In Findings of EMNLP,",
      "citeRegEx" : "Khashabi et al\\.,? \\Q2020\\E",
      "shortCiteRegEx" : "Khashabi et al\\.",
      "year" : 2020
    }, {
      "title" : "Albert: A lite bert for self-supervised learning of language representations",
      "author" : [ "Zhenzhong Lan", "Mingda Chen", "Sebastian Goodman", "Kevin Gimpel", "Piyush Sharma", "Radu Soricut" ],
      "venue" : "In International Conference on Learning Representations (ICLR),",
      "citeRegEx" : "Lan et al\\.,? \\Q2020\\E",
      "shortCiteRegEx" : "Lan et al\\.",
      "year" : 2020
    }, {
      "title" : "Biobert: a pre-trained biomedical language representation model for biomedical text mining",
      "author" : [ "Jinhyuk Lee", "Wonjin Yoon", "Sungdong Kim", "Donghyeon Kim", "Sunkyu Kim", "Chan Ho So", "Jaewoo Kang" ],
      "venue" : null,
      "citeRegEx" : "Lee et al\\.,? \\Q2020\\E",
      "shortCiteRegEx" : "Lee et al\\.",
      "year" : 2020
    }, {
      "title" : "Kagnet: Knowledge-aware graph networks for commonsense reasoning",
      "author" : [ "Bill Yuchen Lin", "Xinyue Chen", "Jamin Chen", "Xiang Ren" ],
      "venue" : "In Empirical Methods in Natural Language Processing (EMNLP),",
      "citeRegEx" : "Lin et al\\.,? \\Q2019\\E",
      "shortCiteRegEx" : "Lin et al\\.",
      "year" : 2019
    }, {
      "title" : "Self-alignment pretraining for biomedical entity representations",
      "author" : [ "Fangyu Liu", "Ehsan Shareghi", "Zaiqiao Meng", "Marco Basaldella", "Nigel Collier" ],
      "venue" : "In NAACL,",
      "citeRegEx" : "Liu et al\\.,? \\Q2021\\E",
      "shortCiteRegEx" : "Liu et al\\.",
      "year" : 2021
    }, {
      "title" : "Roberta: A robustly optimized bert pretraining approach",
      "author" : [ "Yinhan Liu", "Myle Ott", "Naman Goyal", "Jingfei Du", "Mandar Joshi", "Danqi Chen", "Omer Levy", "Mike Lewis", "Luke Zettlemoyer", "Veselin Stoyanov" ],
      "venue" : null,
      "citeRegEx" : "Liu et al\\.,? \\Q1907\\E",
      "shortCiteRegEx" : "Liu et al\\.",
      "year" : 1907
    }, {
      "title" : "Graph-based reasoning over heterogeneous external knowledge for commonsense question answering",
      "author" : [ "Shangwen Lv", "Daya Guo", "Jingjing Xu", "Duyu Tang", "Nan Duan", "Ming Gong", "Linjun Shou", "Daxin Jiang", "Guihong Cao", "Songlin Hu" ],
      "venue" : "In Proceedings of the AAAI Conference on Artificial Intelligence,",
      "citeRegEx" : "Lv et al\\.,? \\Q2020\\E",
      "shortCiteRegEx" : "Lv et al\\.",
      "year" : 2020
    }, {
      "title" : "Deep learning: A critical appraisal",
      "author" : [ "G. Marcus" ],
      "venue" : "ArXiv,",
      "citeRegEx" : "Marcus.,? \\Q2018\\E",
      "shortCiteRegEx" : "Marcus.",
      "year" : 2018
    }, {
      "title" : "Right for the wrong reasons: Diagnosing syntactic heuristics in natural language inference",
      "author" : [ "R. Thomas McCoy", "Ellie Pavlick", "Tal Linzen" ],
      "venue" : null,
      "citeRegEx" : "McCoy et al\\.,? \\Q2019\\E",
      "shortCiteRegEx" : "McCoy et al\\.",
      "year" : 2019
    }, {
      "title" : "Lawyers are dishonest? quantifying representational harms in commonsense knowledge",
      "author" : [ "Ninareh Mehrabi", "Pei Zhou", "Fred Morstatter", "Jay Pujara", "Xiang Ren", "A.G. Galstyan" ],
      "venue" : "resources. ArXiv,",
      "citeRegEx" : "Mehrabi et al\\.,? \\Q2021\\E",
      "shortCiteRegEx" : "Mehrabi et al\\.",
      "year" : 2021
    }, {
      "title" : "Knowledgeable reader: Enhancing cloze-style reading comprehension with external commonsense knowledge",
      "author" : [ "Todor Mihaylov", "Anette Frank" ],
      "venue" : "In Association for Computational Linguistics (ACL),",
      "citeRegEx" : "Mihaylov and Frank.,? \\Q2018\\E",
      "shortCiteRegEx" : "Mihaylov and Frank.",
      "year" : 2018
    }, {
      "title" : "Can a suit of armor conduct electricity? A new dataset for open book question answering",
      "author" : [ "Todor Mihaylov", "Peter Clark", "Tushar Khot", "Ashish Sabharwal" ],
      "venue" : "In Empirical Methods in Natural Language Processing (EMNLP),",
      "citeRegEx" : "Mihaylov et al\\.,? \\Q2018\\E",
      "shortCiteRegEx" : "Mihaylov et al\\.",
      "year" : 2018
    }, {
      "title" : "Language models as knowledge bases",
      "author" : [ "Fabio Petroni", "Tim Rocktäschel", "Patrick Lewis", "Anton Bakhtin", "Yuxiang Wu", "Alexander H Miller", "Sebastian Riedel" ],
      "venue" : "In Empirical Methods in Natural Language Processing (EMNLP),",
      "citeRegEx" : "Petroni et al\\.,? \\Q2019\\E",
      "shortCiteRegEx" : "Petroni et al\\.",
      "year" : 2019
    }, {
      "title" : "Exploring the limits of transfer learning with a unified text-to-text transformer",
      "author" : [ "Colin Raffel", "Noam Shazeer", "Adam Roberts", "Katherine Lee", "Sharan Narang", "Michael Matena", "Yanqi Zhou", "Wei Li", "Peter J Liu" ],
      "venue" : "Journal of Machine Learning Research (JMLR),",
      "citeRegEx" : "Raffel et al\\.,? \\Q2020\\E",
      "shortCiteRegEx" : "Raffel et al\\.",
      "year" : 2020
    }, {
      "title" : "Beta embeddings for multi-hop logical reasoning in knowledge graphs",
      "author" : [ "Hongyu Ren", "Jure Leskovec" ],
      "venue" : "In Advances in Neural Information Processing Systems (NeurIPS),",
      "citeRegEx" : "Ren and Leskovec.,? \\Q2020\\E",
      "shortCiteRegEx" : "Ren and Leskovec.",
      "year" : 2020
    }, {
      "title" : "Query2box: Reasoning over knowledge graphs in vector space using box embeddings",
      "author" : [ "Hongyu Ren", "Weihua Hu", "Jure Leskovec" ],
      "venue" : "In International Conference on Learning Representations (ICLR),",
      "citeRegEx" : "Ren et al\\.,? \\Q2020\\E",
      "shortCiteRegEx" : "Ren et al\\.",
      "year" : 2020
    }, {
      "title" : "Lego: Latent execution-guided reasoning for multi-hop question answering on knowledge graphs",
      "author" : [ "Hongyu Ren", "Hanjun Dai", "Bo Dai", "Xinyun Chen", "Michihiro Yasunaga", "Haitian Sun", "Dale Schuurmans", "Jure Leskovec", "Denny Zhou" ],
      "venue" : "In International Conference on Machine Learning (ICML),",
      "citeRegEx" : "Ren et al\\.,? \\Q2021\\E",
      "shortCiteRegEx" : "Ren et al\\.",
      "year" : 2021
    }, {
      "title" : "A simple neural network module for relational reasoning",
      "author" : [ "Adam Santoro", "David Raposo", "David G Barrett", "Mateusz Malinowski", "Razvan Pascanu", "Peter Battaglia", "Timothy Lillicrap" ],
      "venue" : "In Advances in Neural Information Processing Systems (NeurIPS),",
      "citeRegEx" : "Santoro et al\\.,? \\Q2017\\E",
      "shortCiteRegEx" : "Santoro et al\\.",
      "year" : 2017
    }, {
      "title" : "Modeling relational data with graph convolutional networks",
      "author" : [ "Michael Schlichtkrull", "Thomas N Kipf", "Peter Bloem", "Rianne Van Den Berg", "Ivan Titov", "Max Welling" ],
      "venue" : "In European Semantic Web Conference,",
      "citeRegEx" : "Schlichtkrull et al\\.,? \\Q2018\\E",
      "shortCiteRegEx" : "Schlichtkrull et al\\.",
      "year" : 2018
    }, {
      "title" : "Exploiting structured knowledge in text via graph-guided representation learning",
      "author" : [ "Tao Shen", "Yi Mao", "Pengcheng He", "Guodong Long", "Adam Trischler", "Weizhu Chen" ],
      "venue" : "In EMNLP,",
      "citeRegEx" : "Shen et al\\.,? \\Q2020\\E",
      "shortCiteRegEx" : "Shen et al\\.",
      "year" : 2020
    }, {
      "title" : "Towards controllable biases in language generation",
      "author" : [ "Emily Sheng", "Kai-Wei Chang", "Premkumar Natarajan", "Nanyun Peng" ],
      "venue" : "In the 2020 Conference on Empirical Methods in Natural Language Processing (EMNLP)-Findings,",
      "citeRegEx" : "Sheng et al\\.,? \\Q2020\\E",
      "shortCiteRegEx" : "Sheng et al\\.",
      "year" : 2020
    }, {
      "title" : "Conceptnet 5.5: An open multilingual graph of general knowledge",
      "author" : [ "Robyn Speer", "Joshua Chin", "Catherine Havasi" ],
      "venue" : "In Proceedings of the AAAI Conference on Artificial Intelligence,",
      "citeRegEx" : "Speer et al\\.,? \\Q2017\\E",
      "shortCiteRegEx" : "Speer et al\\.",
      "year" : 2017
    }, {
      "title" : "Yago: A Core of Semantic Knowledge",
      "author" : [ "Fabian M. Suchanek", "Gjergji Kasneci", "Gerhard Weikum" ],
      "venue" : "In 16th International Conference on the World Wide Web,",
      "citeRegEx" : "Suchanek et al\\.,? \\Q2007\\E",
      "shortCiteRegEx" : "Suchanek et al\\.",
      "year" : 2007
    }, {
      "title" : "Colake: Contextualized language and knowledge embedding",
      "author" : [ "Tianxiang Sun", "Yunfan Shao", "Xipeng Qiu", "Qipeng Guo", "Yaru Hu", "Xuanjing Huang", "Zheng Zhang" ],
      "venue" : "In COLING,",
      "citeRegEx" : "Sun et al\\.,? \\Q2020\\E",
      "shortCiteRegEx" : "Sun et al\\.",
      "year" : 2020
    }, {
      "title" : "Commonsenseqa: A question answering challenge targeting commonsense knowledge",
      "author" : [ "Alon Talmor", "Jonathan Herzig", "Nicholas Lourie", "Jonathan Berant" ],
      "venue" : "In North American Chapter of the Association for Computational Linguistics (NAACL),",
      "citeRegEx" : "Talmor et al\\.,? \\Q2019\\E",
      "shortCiteRegEx" : "Talmor et al\\.",
      "year" : 2019
    }, {
      "title" : "Attention is all you need",
      "author" : [ "Ashish Vaswani", "Noam Shazeer", "Niki Parmar", "Jakob Uszkoreit", "Llion Jones", "Aidan N Gomez", "Łukasz Kaiser", "Illia Polosukhin" ],
      "venue" : "In Advances in neural information processing systems,",
      "citeRegEx" : "Vaswani et al\\.,? \\Q2017\\E",
      "shortCiteRegEx" : "Vaswani et al\\.",
      "year" : 2017
    }, {
      "title" : "Graph attention networks",
      "author" : [ "Petar Veličković", "Guillem Cucurull", "Arantxa Casanova", "Adriana Romero", "Pietro Liò", "Yoshua Bengio" ],
      "venue" : "In International Conference on Learning Representations,",
      "citeRegEx" : "Veličković et al\\.,? \\Q2018\\E",
      "shortCiteRegEx" : "Veličković et al\\.",
      "year" : 2018
    }, {
      "title" : "Wikidata: A free collaborative knowledgebase",
      "author" : [ "Denny Vrandečić", "Markus Krötzsch" ],
      "venue" : "Commun. ACM,",
      "citeRegEx" : "Vrandečić and Krötzsch.,? \\Q2014\\E",
      "shortCiteRegEx" : "Vrandečić and Krötzsch.",
      "year" : 2014
    }, {
      "title" : "Connecting the dots: A knowledgeable path generator for commonsense question answering",
      "author" : [ "Peifeng Wang", "Nanyun Peng", "Pedro Szekely", "Xiang Ren" ],
      "venue" : "arXiv preprint arXiv:2005.00691,",
      "citeRegEx" : "Wang et al\\.,? \\Q2020\\E",
      "shortCiteRegEx" : "Wang et al\\.",
      "year" : 2020
    }, {
      "title" : "Improving natural language inference using external knowledge in the science questions domain",
      "author" : [ "Xiaoyan Wang", "Pavan Kapanipathi", "Ryan Musa", "Mo Yu", "Kartik Talamadupula", "Ibrahim Abdelaziz", "Maria Chang", "Achille Fokoue", "Bassem Makni", "Nicholas Mattei" ],
      "venue" : "In Proceedings of the AAAI Conference on Artificial Intelligence,",
      "citeRegEx" : "Wang et al\\.,? \\Q2019\\E",
      "shortCiteRegEx" : "Wang et al\\.",
      "year" : 2019
    }, {
      "title" : "Drugbank 5.0: a major update to the drugbank database for 2018",
      "author" : [ "David S Wishart", "Yannick D Feunang", "An C Guo", "Elvis J Lo", "Ana Marcu", "Jason R Grant", "Tanvir Sajed", "Daniel Johnson", "Carin Li", "Zinat Sayeeda" ],
      "venue" : "Nucleic acids research,",
      "citeRegEx" : "Wishart et al\\.,? \\Q2018\\E",
      "shortCiteRegEx" : "Wishart et al\\.",
      "year" : 2018
    }, {
      "title" : "Dynamic semantic graph construction and reasoning for explainable multi-hop science question answering",
      "author" : [ "Weiwen Xu", "Huihui Zhang", "Deng Cai", "Wai Lam" ],
      "venue" : "arXiv preprint arXiv:2105.11776,",
      "citeRegEx" : "Xu et al\\.,? \\Q2021\\E",
      "shortCiteRegEx" : "Xu et al\\.",
      "year" : 2021
    }, {
      "title" : "Learning contextualized knowledge structures for commonsense reasoning",
      "author" : [ "Jun Yan", "Mrigank Raman", "Aaron Chan", "Tianyu Zhang", "Ryan Rossi", "Handong Zhao", "Sungchul Kim", "Nedim Lipka", "Xiang Ren" ],
      "venue" : null,
      "citeRegEx" : "Yan et al\\.,? \\Q2010\\E",
      "shortCiteRegEx" : "Yan et al\\.",
      "year" : 2010
    }, {
      "title" : "Enhancing pre-trained language representations with rich knowledge for machine reading comprehension",
      "author" : [ "An Yang", "Quan Wang", "Jing Liu", "Kai Liu", "Yajuan Lyu", "Hua Wu", "Qiaoqiao She", "Sujian Li" ],
      "venue" : null,
      "citeRegEx" : "Yang et al\\.,? \\Q2019\\E",
      "shortCiteRegEx" : "Yang et al\\.",
      "year" : 2019
    }, {
      "title" : "QAGNN: Reasoning with language models and knowledge graphs for question",
      "author" : [ "Michihiro Yasunaga", "Hongyu Ren", "Antoine Bosselut", "Percy Liang", "Jure Leskovec" ],
      "venue" : "answering. ArXiv,",
      "citeRegEx" : "Yasunaga et al\\.,? \\Q2021\\E",
      "shortCiteRegEx" : "Yasunaga et al\\.",
      "year" : 2021
    }, {
      "title" : "Jaket: Joint pre-training of knowledge graph and language understanding",
      "author" : [ "Donghan Yu", "Chenguang Zhu", "Yiming Yang", "Michael Zeng" ],
      "venue" : "ArXiv, abs/2010.00796,",
      "citeRegEx" : "Yu et al\\.,? \\Q2020\\E",
      "shortCiteRegEx" : "Yu et al\\.",
      "year" : 2020
    }, {
      "title" : "Ernie: Enhanced language representation with informative entities",
      "author" : [ "Zhengyan Zhang", "Xu Han", "Zhiyuan Liu", "Xin Jiang", "Maosong Sun", "Qun Liu" ],
      "venue" : null,
      "citeRegEx" : "Zhang et al\\.,? \\Q2019\\E",
      "shortCiteRegEx" : "Zhang et al\\.",
      "year" : 2019
    }, {
      "title" : "2021), rather than completely clean commonsense knowledge. If GREASELM were used outside these standard benchmarks in conjunction with ConceptNet as a KG, it might rely on unethical relationships in its knowledge resource to arrive at conclusions",
      "author" : [ "encode stereotypes (Mehrabi" ],
      "venue" : null,
      "citeRegEx" : ".Mehrabi,? \\Q2021\\E",
      "shortCiteRegEx" : ".Mehrabi",
      "year" : 2021
    } ],
    "referenceMentions" : [ {
      "referenceID" : 10,
      "context" : "Recently, large pretrained language models fine-tuned on QA datasets have become the dominant paradigm in NLP for question answering tasks (Khashabi et al., 2020).",
      "startOffset" : 139,
      "endOffset" : 162
    }, {
      "referenceID" : 18,
      "context" : "However, despite the strong performance of this two-stage learning procedure on common benchmarks, these models struggle when given examples that are distributionally different from examples seen during fine-tuning (McCoy et al., 2019).",
      "startOffset" : 215,
      "endOffset" : 235
    }, {
      "referenceID" : 17,
      "context" : "Their learned behavior often relies on simple (at times spurious) patterns to offer shortcuts to an answer, rather than robust, structured reasoning that effectively fuses the explicit information provided by the context and implicit external knowledge (Marcus, 2018).",
      "startOffset" : 253,
      "endOffset" : 267
    }, {
      "referenceID" : 1,
      "context" : "On the other hand, massive knowledge graphs (KG), such as Freebase (Bollacker et al., 2008), Wikidata (Vrandečić & Krötzsch, 2014), ConceptNet (Speer et al.",
      "startOffset" : 67,
      "endOffset" : 91
    }, {
      "referenceID" : 31,
      "context" : ", 2008), Wikidata (Vrandečić & Krötzsch, 2014), ConceptNet (Speer et al., 2017), and Yago (Suchanek et al.",
      "startOffset" : 59,
      "endOffset" : 79
    }, {
      "referenceID" : 32,
      "context" : ", 2017), and Yago (Suchanek et al., 2007) capture such external knowledge explicitly using triplets that capture relationships between entities.",
      "startOffset" : 18,
      "endOffset" : 41
    }, {
      "referenceID" : 25,
      "context" : "Previous research has demonstrated the significant role KGs can play in structured reasoning and query answering (Ren et al., 2020; 2021; Ren & Leskovec, 2020).",
      "startOffset" : 113,
      "endOffset" : 159
    }, {
      "referenceID" : 13,
      "context" : ", expressive large language models and structured KGs) for improved reasoning (Mihaylov & Frank, 2018; Lin et al., 2019; Feng et al., 2020).",
      "startOffset" : 78,
      "endOffset" : 139
    }, {
      "referenceID" : 6,
      "context" : ", expressive large language models and structured KGs) for improved reasoning (Mihaylov & Frank, 2018; Lin et al., 2019; Feng et al., 2020).",
      "startOffset" : 78,
      "endOffset" : 139
    }, {
      "referenceID" : 39,
      "context" : "Some works explore using two-tower models to answer questions, where a graph representation of knowledge and language representation are fused with no interaction between them (Wang et al., 2019).",
      "startOffset" : 176,
      "endOffset" : 195
    }, {
      "referenceID" : 16,
      "context" : ", final layer of LM) to provide an augmentation to a graph reasoning model over an extracted KG for the example (e.g., MHGRN, Feng et al., 2020; Lv et al., 2020).",
      "startOffset" : 112,
      "endOffset" : 161
    }, {
      "referenceID" : 3,
      "context" : "Certain approaches learn to access implicit knowledge encoded in LMs (Bosselut et al., 2019; Petroni et al., 2019; Hwang et al., 2021) by training on structured KG data, and then use the LM to generate local KGs that can be used for QA (Wang et al.",
      "startOffset" : 69,
      "endOffset" : 134
    }, {
      "referenceID" : 22,
      "context" : "Certain approaches learn to access implicit knowledge encoded in LMs (Bosselut et al., 2019; Petroni et al., 2019; Hwang et al., 2021) by training on structured KG data, and then use the LM to generate local KGs that can be used for QA (Wang et al.",
      "startOffset" : 69,
      "endOffset" : 134
    }, {
      "referenceID" : 8,
      "context" : "Certain approaches learn to access implicit knowledge encoded in LMs (Bosselut et al., 2019; Petroni et al., 2019; Hwang et al., 2021) by training on structured KG data, and then use the LM to generate local KGs that can be used for QA (Wang et al.",
      "startOffset" : 69,
      "endOffset" : 134
    }, {
      "referenceID" : 38,
      "context" : ", 2021) by training on structured KG data, and then use the LM to generate local KGs that can be used for QA (Wang et al., 2020; Bosselut et al., 2021).",
      "startOffset" : 109,
      "endOffset" : 151
    }, {
      "referenceID" : 4,
      "context" : ", 2021) by training on structured KG data, and then use the LM to generate local KGs that can be used for QA (Wang et al., 2020; Bosselut et al., 2021).",
      "startOffset" : 109,
      "endOffset" : 151
    }, {
      "referenceID" : 44,
      "context" : "More recently, QA-GNN (Yasunaga et al., 2021) proposed to jointly update the LM and GNN representations via message passing.",
      "startOffset" : 22,
      "endOffset" : 45
    }, {
      "referenceID" : 46,
      "context" : "However, much like for QA, the modality interaction is typically limited to knowledge feeding language (Zhang et al., 2019; Shen et al., 2020; Yu et al., 2020), rather than designing interactions across multiple layers.",
      "startOffset" : 103,
      "endOffset" : 159
    }, {
      "referenceID" : 29,
      "context" : "However, much like for QA, the modality interaction is typically limited to knowledge feeding language (Zhang et al., 2019; Shen et al., 2020; Yu et al., 2020), rather than designing interactions across multiple layers.",
      "startOffset" : 103,
      "endOffset" : 159
    }, {
      "referenceID" : 45,
      "context" : "However, much like for QA, the modality interaction is typically limited to knowledge feeding language (Zhang et al., 2019; Shen et al., 2020; Yu et al., 2020), rather than designing interactions across multiple layers.",
      "startOffset" : 103,
      "endOffset" : 159
    }, {
      "referenceID" : 5,
      "context" : "In this work, we augment large-scale language models (Devlin et al., 2019; Liu et al., 2019; Lan et al., 2020; Liu et al., 2021) with graph reasoning modules over KGs.",
      "startOffset" : 53,
      "endOffset" : 128
    }, {
      "referenceID" : 11,
      "context" : "In this work, we augment large-scale language models (Devlin et al., 2019; Liu et al., 2019; Lan et al., 2020; Liu et al., 2021) with graph reasoning modules over KGs.",
      "startOffset" : 53,
      "endOffset" : 128
    }, {
      "referenceID" : 14,
      "context" : "In this work, we augment large-scale language models (Devlin et al., 2019; Liu et al., 2019; Lan et al., 2020; Liu et al., 2021) with graph reasoning modules over KGs.",
      "startOffset" : 53,
      "endOffset" : 128
    }, {
      "referenceID" : 36,
      "context" : ",M where GNN corresponds to a variant of graph attention networks (Veličković et al., 2018) that is a simplification of the method of Yasunaga et al.",
      "startOffset" : 66,
      "endOffset" : 91
    }, {
      "referenceID" : 34,
      "context" : "We evaluate GREASELM on three diverse multiple-choice question answering datasets across two domains: CommonsenseQA (Talmor et al., 2019) and OpenBookQA (Mihaylov et al.",
      "startOffset" : 116,
      "endOffset" : 137
    }, {
      "referenceID" : 21,
      "context" : ", 2019) and OpenBookQA (Mihaylov et al., 2018) as commonsense reasoning benchmarks, and MedQA-USMLE (Jin et al.",
      "startOffset" : 23,
      "endOffset" : 46
    }, {
      "referenceID" : 9,
      "context" : ", 2018) as commonsense reasoning benchmarks, and MedQA-USMLE (Jin et al., 2021) as a clinical QA task.",
      "startOffset" : 61,
      "endOffset" : 79
    }, {
      "referenceID" : 14,
      "context" : ", 2019) for our experiments on OpenbookQA, and SapBERT (Liu et al., 2021) for our experiments on MedQA-USMLE, demonstrating GREASELM’s generality with respect to language model initializations.",
      "startOffset" : 55,
      "endOffset" : 73
    }, {
      "referenceID" : 31,
      "context" : "We use ConceptNet (Speer et al., 2017), a general-domain knowledge graph, as our external knowledge source G for both CommonsenseQA and OpenbookQA.",
      "startOffset" : 18,
      "endOffset" : 38
    }, {
      "referenceID" : 0,
      "context" : "For MedQA-USMLE, we use a self-constructed knowledge graph that integrates the Disease Database portion of the Unified Medical Language System (UMLS; Bodenreider, 2004) and DrugBank (Wishart et al.",
      "startOffset" : 143,
      "endOffset" : 168
    }, {
      "referenceID" : 40,
      "context" : "For MedQA-USMLE, we use a self-constructed knowledge graph that integrates the Disease Database portion of the Unified Medical Language System (UMLS; Bodenreider, 2004) and DrugBank (Wishart et al., 2018).",
      "startOffset" : 182,
      "endOffset" : 204
    }, {
      "referenceID" : 14,
      "context" : "For MedQA-USMLE, we use a state-of-the-art biomedical language model, SapBERT (Liu et al., 2021), which is an augmentation of PubmedBERT (Gu et al.",
      "startOffset" : 78,
      "endOffset" : 96
    }, {
      "referenceID" : 7,
      "context" : ", 2021), which is an augmentation of PubmedBERT (Gu et al., 2022) that is trained with entity disambiguation objectives to allow the model to better understand entity knowledge.",
      "startOffset" : 48,
      "endOffset" : 65
    }, {
      "referenceID" : 27,
      "context" : "We also evaluate GREASELM’s ability to exploit its knowledge graph augmentation by comparing with existing LM+KG methods: (1) Relation Network (RN; Santoro et al., 2017), (2) RGCN (Schlichtkrull et al.",
      "startOffset" : 143,
      "endOffset" : 169
    }, {
      "referenceID" : 28,
      "context" : ", 2017), (2) RGCN (Schlichtkrull et al., 2018), (3) GconAttn (Wang et al.",
      "startOffset" : 18,
      "endOffset" : 46
    }, {
      "referenceID" : 39,
      "context" : ", 2018), (3) GconAttn (Wang et al., 2019), (4) KagNet (Lin et al.",
      "startOffset" : 22,
      "endOffset" : 41
    }, {
      "referenceID" : 13,
      "context" : ", 2019), (4) KagNet (Lin et al., 2019), (5) MHGRN (Feng et al.",
      "startOffset" : 20,
      "endOffset" : 38
    }, {
      "referenceID" : 6,
      "context" : ", 2019), (5) MHGRN (Feng et al., 2020), and (6) QA-GNN (Yasunaga et al.",
      "startOffset" : 19,
      "endOffset" : 38
    }, {
      "referenceID" : 23,
      "context" : "However, we note that the T5 (Raffel et al., 2020) and UnifiedQA (Khashabi et al.",
      "startOffset" : 29,
      "endOffset" : 50
    }, {
      "referenceID" : 10,
      "context" : ", 2020) and UnifiedQA (Khashabi et al., 2020) models are pretrained models with 8× and 30× more parameters, respectively, than our model.",
      "startOffset" : 22,
      "endOffset" : 45
    }, {
      "referenceID" : 14,
      "context" : "Our results in Table 6 demonstrate that GREASELM outperforms state-of-the-art fine-tuned LMs (e.g., SapBERT; Liu et al., 2021) and a QA-GNN augmentation of SapBERT.",
      "startOffset" : 93,
      "endOffset" : 126
    }, {
      "referenceID" : 7,
      "context" : "Additional results in Appendix C show that our approach is also agnostic to the language model used with improvements recorded by GREASELM when it is seeded with other LMs, such as PubmedBERT (Gu et al., 2022), and BioBERT (Lee et al.",
      "startOffset" : 192,
      "endOffset" : 209
    } ],
    "year" : 2022,
    "abstractText" : "Answering complex questions about textual narratives requires reasoning over both stated context and the world knowledge that underlies it. However, pretrained language models (LM), the foundation of most modern QA systems, do not robustly represent latent relationships between concepts, which is necessary for reasoning. While knowledge graphs (KG) are often used to augment LMs with structured representations of world knowledge, it remains an open question how to effectively fuse and reason over the KG representations and the language context, which provides situational constraints and nuances. In this work, we propose GREASELM, a new model that fuses encoded representations from pretrained LMs and graph neural networks over multiple layers of modality interaction operations. Information from both modalities propagates to the other, allowing language context representations to be grounded by structured world knowledge, and allowing linguistic nuances (e.g., negation, hedging) in the context to inform the graph representations of knowledge. Our results on three benchmarks in the commonsense reasoning (i.e., CommonsenseQA, OpenbookQA) and medical question answering (i.e., MedQA-USMLE) domains demonstrate that GREASELM can more reliably answer questions that require reasoning over both situational constraints and structured knowledge, even outperforming models 8× larger.1",
    "creator" : "LaTeX with hyperref"
  }
}