{
  "name" : "ICLR2022-So6YAqnqgMj.pdf",
  "metadata" : {
    "source" : "CRF",
    "title" : "EIGENGAME UNLOADED WHEN PLAYING GAMES IS BETTER THAN OPTIMIZING",
    "authors" : [ "Ian Gemp", "Brian McWilliams", "Claire Vernade", "Thore Graepel" ],
    "emails" : [ "imgemp@deepmind.com,", "bmcw@deepmind.com,", "vernade@deepmind.com,", "thoregraepel@gmail.com" ],
    "sections" : [ {
      "heading" : "1 INTRODUCTION",
      "text" : "Large, high-dimensional datasets containing billions of samples are commonplace. Dimensionality reduction to extract the most informative features is an important step in the data processing pipeline which enables faster learning of classifiers and regressors (Dhillon et al., 2013), clustering (Kannan and Vempala, 2009), and interpretable visualizations. Many dimensionality reduction and clustering techniques rely on eigendecomposition at their core including principal component analysis (Jolliffe, 2002), locally linear embedding (Roweis and Saul, 2000), multidimensional scaling (Mead, 1992), Isomap (Tenenbaum et al., 2000), and graph spectral clustering (Von Luxburg, 2007).\nNumerical solutions to the eigenvalue problem have been approached from a variety of angles for centuries: Jacobi’s method, Rayleigh quotient, power (von Mises) iteration (Golub and Van der Vorst, 2000). For large datasets that do not fit in memory, approaches that access only subsets—or minibatches—of the data at a time have been proposed.\nRecently, EigenGame (Gemp et al., 2021) was introduced with the novel perspective of viewing the set of eigenvectors as the Nash strategy of a suitably defined game. While this work demonstrated an algorithm that was empirically competitive given access to only subsets of the data, its performance degraded with smaller minibatch sizes, which are required to fit high dimensional data onto devices.\nOne path towards circumventing EigenGame’s need for large minibatch sizes is parallelization. In a data parallel approach, updates are computed in parallel on partitions of the data and then combined such that the aggregate update is equivalent to a single large-batch update. The technical obstacle preventing such an approach for EigenGame lies in the bias of its updates, i.e., the divide-and-conquer EigenGame update is not equivalent to the large-batch update. Biased updates are not just a theoretical nuisance; they can slow and even prevent convergence to the solution (made obvious in Figure 4).\nIn this work we introduce a formulation of EigenGame which admits unbiased updates which we term µ-EigenGame. We will refer to the original formulation of EigenGame as α-EigenGame.1\nµ-EigenGame and α-EigenGame are contrasted in Figure 1. Unbiased updates allow us to increase the effective batch size using data parallelism. Lower variance updates mean that µ-EigenGame should converge faster and to more accurate solutions than α-EigenGame regardless of batch size. In Figure 1a (top), the density of the shaded region shows the distribution of steps taken by the ∗denotes equal contribution. 1µ signifies unbiased or unloaded and α denotes original.\n2The trajectory when updating with E[X>t Xt]. 3Overestimation is expected by Jensen’s: E[ 1\nX ] ≥ 1E[X] .\nstochastic variant of each algorithm after 100 burn-in steps. Although the expected path of α-EG is slightly more direct, its stochastic variant has much larger variance. Figure 1a (bottom) shows that with increasing iterations, the µ-EG trajectory approaches its expected value whereas α-EG exhibits larger bias. Figure 1b further supports µ-EigenGame’s reduced bias with details in Sections 3 and 4.\nOur contributions: In the rest of the paper, we present our new formulation of EigenGame, analyze its bias and propose a novel unbiased parallel variant, µ-EigenGame with stochastic convergence guarantees. µ-EigenGame’s utilities are distinct from α-EigenGame and offer an alternative perspective. We demonstrate its performance with extensive experiments including dimensionality reduction of massive data sets and clustering a large social network graph. We conclude with discussions of the algorithm’s design and context within optimization, game theory, and neuroscience."
    }, {
      "heading" : "2 PRELIMINARIES AND RELATED WORK",
      "text" : "In this work, we aim to compute the top-k right singular vectors of dataX , which is either represented as a matrix, X ∈ Rn×d, of n d-dimensional samples, or as a d-dimensional random variable. In either case, we assume we can repeatedly sample a minibatch Xt from the data of size n′ < n, Xt ∈ Rn\n′×d. The top-k right singular vectors of the dataset are then given by the top-k eigenvectors of the (sample) covariance matrix, C = E[ 1n′X > t Xt] = E[Ct].\nFor small datasets, SVD is appropriate. However, the time, O(min{nd2, n2d}), and space, O(nd), complexity of SVD prohibit its use for larger datasets (Shamir, 2015) including when X is a random variable. For larger datasets, stochastic, randomized, or sketching algorithms are better suited. Stochastic algorithms such as Oja’s algorithm (Oja, 1982; Allen-Zhu and Li, 2017) perform power\niteration (Rutishauser, 1971) to iteratively improve an approximation, maintaining orthogonality of the eigenvectors typically through repeated QR decompositions. Alternatively, randomized algorithms (Halko et al., 2011; Sarlos, 2006; Cohen et al., 2017) first compute a random projection of the data onto a (k + p)-subspace approximately containing the top-k subspace. This is done using techniques similar to Krylov subspace iteration methods (Musco and Musco, 2015). After projecting, a call to SVD is then made on this reduced-dimensionality data matrix. Sketching algorithms (Feldman et al., 2020) such as Frequent Directions (Ghashami et al., 2016) also target learning the top-k subspace by maintaining an overcomplete sketch matrix of size (k + p)× d and maintaining a span of the top subspace with repeated calls to SVD. In both the randomized and sketching approaches, a final SVD of the n× (k + p) dataset is required to recover the desired singular vectors. Although the SVD scales linearly in n, some datasets are too large to fit in memory; in this case, an out-of-memory SVD may suffice (Haidar et al., 2017). For this reason, the direct approach of stochastic algorithms, which avoid an SVD call altogether, is appealing when processing very large datasets.\nAlgorithm 1 µ-EigenGameR\n1: Given: data stream Xt ∈ Rn ′×d, vectors v̂0i ∈\nSd−1, step sequence ηt, and iterations T . 2: v̂i ← v̂0i for all i 3: for t = 1 : T do 4: parfor i = 1 : k do 5: rewards← 1n′X > t Xtv̂i 6: penalties ← 1 n′ ∑ j<i〈Xtv̂i, Xtv̂j〉v̂j 7: ∇̃µi ← rewards− penalties 8: ∇̃µ,Ri ← ∇̃ µ i − 〈∇̃ µ i , v̂i〉v̂i 9: v̂′i ← v̂i + ηt∇̃ µ,R i\n10: v̂i ← v̂ ′ i ||v̂′i|| 11: end parfor 12: end for 13: return all v̂i\nA large literature on distributed approaches to PCA exists (Liang et al., 2014; Garber et al., 2017; Fan et al., 2019). These typically follow the pattern of computing solutions locally and then aggregating them in a single round (or minimal rounds) of communication. The modern distributed machine learning setting which has evolved to meet the needs of deep learning is fundamentally different. Many accelerators joined with fast interconnects means the cost of communication is low compared to the cost of a single update step, however existing approaches to distributed PCA cannot take full advantage of this.\nNotation: We follow the same notation as Gemp et al. (2021). Variables returned by an approximation algorithm are distinguished from the true solutions with hats, e.g., the column-wise matrix of eigenvectors V̂ approximates V . We order the columns of V such that the ith column, vi, is the eigenvector with the ith largest eigenvalue λi. The set of all eigenvectors {vj} with λj larger than λi, namely vi’s parents, will be denoted by vj<i. Similarly, sums over subsets of indices may be abbreviated as ∑ j<i = ∑i−1 j=1. The set of all parents and children of vi are denoted by v−i. Let the ith eigengap gi = λi − λi+1. We assume the standard Euclidean inner product 〈u, v〉 = u>v and denote the unit-sphere and simplex in ambient space Rd with Sd−1 and ∆d−1 respectively.\nα-EigenGame. We build on the algorithm introduced by Gemp et al. (2021), which we refer to here as α-EigenGame. This algorithm is derived by formulating the eigendecomposition of a symmetric positive definite matrix as the Nash equilibrium of a game among k players, each player i owning the approximate eigenvector v̂i ∈ Sd−1. Each player is also assigned a utility function, uαi (v̂i|v̂j<i), that they must maximize:\nuαi (v̂i|v̂j<i) = Var︷ ︸︸ ︷ v̂>i Cv̂i− ∑ j<i Align-penalty︷ ︸︸ ︷ 〈v̂i, Cv̂j〉2 〈v̂j , Cv̂j〉 . (1)\nThese utilities balance two terms, one that rewards a v̂i that captures more variance in the data and a second term that penalizes v̂i for failing to be orthogonal to each of its parents v̂j<i (these terms are indicated with Var and Align-penalty in equation (1)). In α-EigenGame, each player simultaneously updates v̂i with gradient ascent, and it is shown that this process converges to the Nash equilibrium. We are interested in extending this approach to the data parallel setting where each player i may distribute its update computation over multiple devices."
    }, {
      "heading" : "3 A SCALABLE UNBIASED ALGORITHM",
      "text" : "We present our novel modification to α-EigenGame called µ-EigenGame along with intuition, theory, and empirical support for critical lemmas. We begin with identifying and systematically removing the bias that exists in the α-EigenGame updates. We then explain how removing bias allows us to exploit modern compute architectures culminating in the development of a highly parallelizable algorithm.\n3.1 α-EIGENGAME’S BIASED UPDATES\nConsider partitioning the sample covariance matrix Ct into a sum ofmmatrices as Ct = 1n′X > t Xt = 1 m ∑ m m n′X > tmXtm = 1 m ∑ m Ctm. For sake of exposition, we drop the additional subscript t on C in what follows. We would like α-EigenGame to parallelize over these partitions. However, the gradient of uαi with respect to v̂i does not decompose cleanly over the data partitions:\n∇αi ∝ Var︷︸︸︷ Cv̂i − ∑ j<i Align-penalty︷ ︸︸ ︷ v̂>i Cv̂j v>j Cv̂j Cv̂j = 1 m ∑ m [ Cmv̂i − ∑ j<i v̂>i Cv̂j v̂>j Cv̂j Cmv̂j ] . (2)\nWe include the superscript α on the EigenGame gradient to differentiate it from the µ-EigenGame direction later. The nonlinear appearance of C in the penalty terms makes obtaining an unbiased gradient difficult. The quadratic term in the numerator of equation (2) could be made unbiased by using two sample estimates ofC, one for each term. But the appearance of the term in the denominator does not have an easy solution. Cm is likely singular for small n′ (n′ < d) which increases the likelihood of a small denominator, i.e., a large penalty coefficient (boxed), if we were to estimate the denominator with samples. The result is an update that emphasizes penalizing orthogonality over capturing data variance. Techniques exist to reduce the bias of samples of ratios of random variables, but to our knowledge, techniques to obtain unbiased estimates are not available. This was conjectured by Gemp et al. (2021) as the reason for why α-EigenGame performed worse with small minibatches.\n3.2 REMOVING α-EIGENGAME’S BIAS\nIt is helpful to rearrange equation (2) to shift perspective from estimating a penalty coefficient (in red) to estimating a penalty direction (in blue):\n∇αi ∝ 1\nm ∑ m [ Cmv̂i − ∑ j<i v̂>i Cmv̂j Cv̂j v̂>j Cv̂j ] . (3)\nThe penalty direction in equation (3) is still difficult to estimate. However, consider the case where v̂j is any eigenvector of C with associated (unknown) eigenvalue λ′. In this case, Cv̂j = λ′v̂j and the penalty direction (in blue) simplifies to v̂j because ||v̂j || = 1. While this assumption is certainly not met at initialization, α-EigenGame leads each v̂j towards vj , so we can expect this assumption to be met asymptotically.\nThis intuition motivates the following µ-EigenGame update direction for v̂i with inexact parents v̂j (compare orange in equation (4) to blue in equation (3)):\n∆µi = Cv̂i − ∑ j<i (v̂>i Cv̂j)v̂j = 1 m ∑ m [ Cmv̂i − ∑ j<i (v̂>i Cmv̂j)v̂j ] . (4)\nWe use ∆ instead of ∇ because the direction is not a gradient (discussed later). Notice how the strictly linear appearance of C in µ-EigenGame allows the update to easily decompose over the data partitions in equation (4). The µ-EigenGame update satisfies two important properties. Lemma 1 (Asymptotic equivalence). The µ-EigenGame direction, ∆µi , with exact parents (v̂j = vj ∀ j < i) is equivalent to α-EigenGame.\nProof. We start with α-EigenGame and add a superscript e to its gradient to emphasize this is the gradient computed with exact parents (v̂j = vj). Then simplifying, we find\n∇α,ei ∝ Cv̂i − ∑ j<i v̂>i Cvj v>j Cvj Cvj = Cv̂i − ∑ j<i v̂>i Cvj v>j λjvj λjvj = Cv̂i − ∑ j<i (v̂>i Cvj)vj = ∆ µ i . (5)\nTherefore, once the first (i − 1) eigenvectors are learned, learning the ith eigenvector with µEigenGame is equivalent to learning with α-EigenGame.\nLemma 2 (Zero bias). Unbiased estimates of ∆µi can be obtained with samples from p(X).\nProof. Let X ∼ p(X) where X ∈ Rd and p(X) is the uniform distribution over the dataset. Then\nE[∆µi ] = E[XX >]v̂i − ∑ j<i (v̂>i E[XX>]v̂j)v̂j = Cv̂i − ∑ j<i (v̂>i Cv̂j)v̂j . (6)\nwhere all expectations are with respect to p(X).\nThese two lemmas provide the foundation for a performant algorithm. The first enables convergence to the desired solution, while the second facilitates scaling to larger datasets. Algorithm 1 presents pseudocode for µ-EigenGame where computation is parallelized over the k players.\n3.3 MODEL AND DATA PARALLELISM\nIn our setting we have a number of connected devices. Specifically we consider the parallel framework specified by TPUv3 available in Google Cloud, however our setup is applicable to any multi-host, multi-device system. The α-EigenGame formulation (Gemp et al., 2021) considers an extreme form of model parallelism (Figure 2a) where each device has its own unique set of eigenvectors.\nIn this work we further consider a different form of model and data parallelism which is directly enabled by having unbiased updates (Figure 2b). This enables µ-EigenGame to deal with both high-dimensional problems as well as massive sample sizes. Here each set of eigenvectors is copied on M devices. Update directions are computed on each device individually using a different data stream and then combined by summing or averaging. Updates are applied to a sin-\ngle copy and this is duplicated across theM−1 remaining devices. In this way, updates are computed using an M× larger effective batch size while still allowing device-wise model parallelism. This setting is particularly useful when the number of samples is very large. This form of parallelism is not possible using the original EigenGame formulation since it relies on combining unbiased updates. In this sense, the parallelism discussed in this work generalizes that introduced by Gemp et al. (2021).\nNote that we also allow for within-device parallelism. That is, each vi in Figure 2 is a contiguous collection of eigenvectors which are updated independently, in parallel, on a given device (for example using vmap in Jax). We provide pseudocode in Algorithm 2 in the appendix which simply augments Algorithm 1 with an additional parallelized for-loop and aggregation step over available devices. We also provide detailed Jax pseudo-code for parallel µ-EigenGame in Appendix F. We compare the empirical scaling performance of µ-EigenGame against α-EigenGame on a 14 billion sample dataset in section 5."
    }, {
      "heading" : "4 SVD AS THE SOLUTION TO A NEW EIGENGAME",
      "text" : "We theoretically examine the µ-EigenGame algorithm and 1) prove that, using only minibatches of data, µ-EigenGame converges globally to the true eigenvectors, which 2) comprise the Nash equilibrium of a novel game formulation we recover through deriving pseudo-utility functions from update rules. Beyond proving specific theoretical properties of µ-EigenGame, we believe these proof techniques may be of wider interest to the community."
    }, {
      "heading" : "4.1 CONVERGENCE TO SVD",
      "text" : "The asymptotic equivalence of µ-EigenGame to α-EigenGame ensures µ-EigenGame is globally, asymptotically convergent and its unbiased updates ensure it is scalable. Proof in appendix C. Theorem 1 (Global convergence). Given a positive definite covariance matrixC with the top-k eigengaps positive and a square-summable, not summable step size sequence ηt (e.g., 1/t), Algorithm 1 converges to the top-k eigenvectors asymptotically (limT→∞) with probability 1.\nThis stochastic asymptotic convergence result is complimentary to the deterministic (full-batch) finite-sample result in Gemp et al. (2021) where each v̂i is learned in sequence. In contrast, the proof above applies when learning all v̂i in parallel. We leave finite-sample convergence to future work (Durmus et al., 2020).\n4.2 SVD IS NASH OF µ-EIGENGAME\nWe arrived at µ-EigenGame by analyzing and improving properties of the α-EigenGame update. However, the µ-EigenGame update direction is linear in each v̂i. This suggests we may be able to design a pseudo-utility function for it. Rearranging the update direction from equation (4) as\n∆µi = Cv̂i − ∑ j<i v̂j(v̂ > j Cv̂i) = [ I − ∑ j<i v̂j v̂ > j ] Cv̂i = ∇̃µi (7)\nreveals that we can reverse-engineer the following utility function\nuµi = v̂ > i\n[ deflation︷ ︸︸ ︷ I − ∑ j<i v̂j v̂ > j ] C [v̂i] (8)\nwhere is the stop gradient operator commonly used in deep learning packages. As the name implies, stops gradients from flowing through its argument so that equation (8) appears linear in v̂i instead of quadratic when differentiating the expression. In light of this, we have renamed ∆µi to ∇̃ µ i to emphasize that it is a pseudo-gradient of uµi . Note that without the stop gradient, the true gradient of uµi would be [A+A >]v̂i rather than Av̂i where A = [I − ∑ j<i v̂ > j v̂j ]C. We analyze this alternative in Appendix H.1 and find it, interestingly, to perform worse than µ-EigenGame empirically.\nThe utility function uµi has an intuitive meaning. It is the Rayleigh quotient for the matrix Ci = [I− ∑ j<i v̂\n>v̂j ]C, which gives the covariance after the subspace spanned by v̂j<i has been removed. In other words, player i is directed to find the largest eigenvalue in the orthogonal complement of the approximate top-(i− 1) subspace. This approach is known as “deflating\" the matrix C. Figure 1b illustrates µ-EigenGame’s reduced bias when estimating the new utility function (and resulting optimum) from an average over minibatches. Definition 1 (µ-EigenGame). Let µ-EigenGame be the game with players i ∈ {1, . . . , k}, their respective strategy spaces v̂i ∈ Sd−1, and their corresponding utilities uµi as defined in equation (8). Theorem 2. Top-k SVD is the unique Nash of µ-EigenGame given symmetric C with the top-k eigengaps positive.\nProof. We will show by induction that each vi is the unique best response to v−i, which implies they constitute the unique Nash equilibrium. First, consider player 1’s utility. It is the Rayleigh quotient of C because v̂1 is constrained to the unit-sphere, i.e., u µ 1 = v̂ > 1 Cv̂1 = v̂>1 Cv̂1 v̂>1 v̂1\n. Therefore, we know v1 maximizes u µ 1 and the maximizer is unique because its eigengap g1 > 0. In game theory parlance, v1 is a best response to v−1. The proof continues by induction. The utility of player i is uµi = v̂ > i [I − ∑ j<i vjv > j ]Cv̂i, which is the Rayleigh quotient with the subspace spanned by the top (i− 1) eigenvectors removed. Therefore, the maximizer of uµi is the largest eigenvector in the remaining subspace, i.e., vi. As before, gi > 0, so this maximizer is unique. This shows that each vi is the unique best response to v−i, therefore, the set of vi forms the unique Nash.\nNotice how the induction proof of Theorem 2 relies on a) the hierarchy of vectors (v1 does not depend on v−1) and b) the fact that u µ i need only be a sensible utility when all player i’s parents\nare eigenvectors. We revisit this in conjunction with Figure 5b later in discussion section 6.1 to aid researchers in the design of future approaches.\nThe Nash property is important because it enables the use of any black-box procedure for computing best responses. Like prior work, we develop a gradient method for optimizing each utility, however, that is not a requirement. Any approach suffices if it can efficiently compute a best response."
    }, {
      "heading" : "5 EXPERIMENTS",
      "text" : "As in EigenGame, we omit the projection of gradients onto the tangent space of the sphere; specifically, we omit line 8 in Algorithm 1. As discussed in Gemp et al. (2021), this has the effect of intelligently adapting the step size to use smaller learning rates near the fixed point. To ease comparison with previous work, we count the longest correct eigenvector streak as introduced by Gemp et al. (2021), which measures the number of eigenvectors that have been learned, in order, to within an angular threshold (e.g., π/8) of the true eigenvectors. We also measure how well the set of v̂i captures the top-k subspace with a normalized subspace distance: 1− 1/k · Tr(U∗P ) ∈ [0, 1] where U∗ = V V † and P = V̂ V̂ † (Tang, 2019). We provide additional experiments in Appendix A.\nMNIST. We compare µ-EigenGame against α-EigenGame, GHA (Sanger, 1989), Matrix Krasulina (Tang, 2019), and Oja’s algorithm (Allen-Zhu and Li, 2017) on the MNIST dataset. We flatten each image in the training set to obtain a 60, 000× 784 dimensional matrix X . Figure 3 demonstrates µ-EigenGame’s robustness to minibatch size. It performs best in the longest streak metric and better than α-EigenGame in subspace distance. We attribute this improvement to its unbiased updates and additional acceleration effects which we discuss in detail in section H.2.\nMeena conversational model. This dataset consists a subset of the 40 billion words used to train the transformer-based Meena language model (Adiwardana et al., 2020). The subset was preprocessed to remove duplicates and then embedded using the trained model.\nThe dataset consists of n ≈ 14 billion embeddings each with dimensionality d = 2560; its total size is 131TB. Due to its moderate dimensionality we can exactly compute the ground truth solution by iteratively accumulating the covariance matrix of the data and computing its eigendecomposition. On a single machine this takes 1.5 days (but is embarrassingly parallelizable with MapReduce).\nWe use minibatches of size 4,096 in each TPU. We do model parallelism across 4 TPUs so we see 16,384 samples per iteration. We test two additional degrees of data parallelism with 4× (16 TPUs, 65,536 samples) and 8× (32 TPUs, 131,072 samples) the amount of data per iteration respectively. We compute and apply updates using SGD with a learning rate of 5× 10−5 and Nesterov momentum with a factor of 0.9.\nFigure 4 compares the mean performance of µ-EigenGame against α-EigenGame as a function of the degree of parallelism in computing the top k = 256 eigenvectors (standard errors computed over 5 random seeds). Each TPU is tasked with learning 32 contiguous eigenvectors. We see that increasing the degree of parallelism has no effect on the performance of α-EigenGame. As expected, it is unable to take advantage of the higher data throughput since its updates are biased and cannot be meaningfully linearly combined across copies. In contrast, the performance of µ-EigenGame scales with the effective batch size achieved through parallelism. µ-EigenGame (8×) is able to recover 256 eigenvectors in less than 40,000 iterations in 2 hours 45 minutes (approximately 0.5 epochs).\nSpectral clustering on graphs. We conducted an experiment on learning the eigenvectors of the graph Laplacian of a social network graph (Leskovec and McAuley, 2012) for the purpose of spectral clustering. The eigenvalues of the graph Laplacian reveal several interesting properties as well such as the number of connected components, an approximation to the sparsest cut, and the diameter of a connected graph (Chung et al., 1994).\nGiven a graph with a set of nodes V and set of edges E , the graph Laplacian can be written as L = X>X where each row of the incidence matrix X ∈ R|E|×|V| represents a distinct edge; Xe=(i,j)∈E is a vector containing only 2 nonzero entries, a 1 at index i and a −1 at index j (Horaud, 2009). In this setting, the eigenvectors of primary interest are the bottom-k (λ|V|, λ|V|−1, . . .) rather than the top-k (λ1, λ2, . . .), however, a simple algebraic manipulation allows us to reuse a topk solver. By defining the matrix L− = λ∗I − L with λ∗ > λ1, we ensure L− 0 and the top-k eigenvectors of L− are the bottom-k of L. The update in equation (4) is transformed into ∇̃µi = (λ∗I − L)v̂i − ∑ j<i ( v̂>i (λ ∗I − L)v̂j ) v̂j . We provide efficient pseudo-code in Appendix G.\nThe Facebook graph consists of 134, 833 nodes, 1, 380, 293 edges, and 8 connected components, each formed by a set of Facebook pages belonging to a distinct category, e.g., Government, TV shows, etc. (Leskovec and Krevl, 2014; Rozemberczki et al., 2019). We add a single edge between every pair of components to create a connected graph. By projecting this graph onto the bottom 8 eigenvectors of the graph Laplacian using µ-EG (M = 1, n′ = ηt = |E| 1000 ) and then running k-means clustering (Pedregosa et al., 2011), we are able to recover the ground truth clusters (see Figure 5a) with 99.92% accuracy. The experiment was run on a single CPU."
    }, {
      "heading" : "6 DISCUSSION",
      "text" : ""
    }, {
      "heading" : "6.1 UTILITIES TO UPDATES AND BACK",
      "text" : "Figure 5b summarizes the relationships advising the designs of the various EigenGame algorithms. Starting from the α-EigenGame utility, its update is arrived at by simply following the standard gradient ascent paradigm. In noticing that stochastic estimates of the gradient are biased, we arrive at the µ-EigenGame update by considering how to remove this bias in a principled manner.\nSacrificing the exact steepest decent direction for a direction that allows unbiased estimates is a tradeoff that in this case has benefits. Also, while ∇̃µi is not a gradient (except with exact parents), the new penalties have properties (above) that make them intuitively more desirable than the originals; they are adaptive to the state of the system (discussed further in section H.2).\nWe derive pseudo-utilities with desired theoretical properties by integrating the new updates with help from the stop gradient operator. However, it is unlikely that this utility would be developed independently of these steps to solve the problem at hand (see Appendix H for more details). This suggests an alternative approach to algorithm design complementary to the optimization perspective: directly designing updates themselves which converge to the desired solution, reminiscent of previous paradigms that drove neuro-inspired learning rules."
    }, {
      "heading" : "6.2 BRIDGING HEBBIAN AND OPTIMIZATION APPROACHES",
      "text" : "The Generalized Hebbian Algorithm (GHA) (Sanger, 1989; Gang et al., 2019; Chen et al., 2019) update direction for v̂i with inexact parents v̂j is similar to µ-EigenGame:\n∆ghai = Cv̂i − ∑ j≤i (v̂>i Cv̂j)v̂j . (9)\nC appears linearly in this update so GHA can also be parallelized. In contrast to µ-EigenGame, GHA additionally penalizes the alignment of v̂i to itself and removes the unit norm constraint on v̂i (not shown). Without any constraints, GHA overflows in experiments. We take the approach of Gemp et al. (2021) and constrain v̂i to the unit-ball (||v̂i|| ≤ 1) rather than the unit-sphere (||v̂i|| = 1). The connection between GHA and µ-EigenGame is interesting because unlike µ-EigenGame, GHA is a Hebbian learning algorithm inspired by neuroscience and its update rule is not motivated from the perspective of maximizing of a utility function. Game formulations of classical machine learning problems may provide a bridge between statistical and biologically inspired viewpoints."
    }, {
      "heading" : "7 CONCLUSION",
      "text" : "We introduced µ-EigenGame, an unbiased, globally convergent, parallelizable algorithm that recovers the top-k eigenvectors of a symmetric positive definite matrix. We demonstrated the performance of µ-EigenGame on large scale dimension reduction and clustering problems. We discussed technical details of µ-EigenGame within the context of game theory, machine learning and neuroscience.\nLike its predecessor, µ-EigenGame is a k-player, general-sum game allowing model parallelism over players; our unbiased reformulation allows even greater parallelism over data. Furthermore, the hierarchy and Nash property enable the exploration of more sophisticated best responses.\nµ-EigenGame’s improved robustness to smaller minibatches makes it more amenable to being used as part of deep learning, optimization (Krummenacher et al., 2016), and regularization (Miyato et al., 2018) techniques which leverage spectral information of gradient covariances or Hessians. Graph spectral methods have also recently shown to be related to state-of-the-art representation learning algorithms (HaoChen et al., 2021) further cementing the importance of efficient SVD algorithms in modern machine learning.\nAcknowledgements. We would like to thank Trevor Cai, Rosalia Schneider, Dimitrios Vytiniotis for invaluable help with optimizing algorithm performance on TPU. We also thank Maribeth Rauh, Zonglin Li, Daniel Adiwardana and the Meena team for providing us with data and assistance. And finally, we thank Alexander Novikov for helpful feedback on the manuscript."
    }, {
      "heading" : "A EXPERIMENTS ON SYNTHETIC DATA",
      "text" : "We validate µ-EigenGame in a full-batch setting on two synthetic datasets: one with exponentially decaying spectrum; the other with a linearly decaying spectrum. Figure 6 shows µ-EigenGame outperforms α-EigenGame on the former and matches its performance on the latter. We discuss possible reasons for this gap in the discussion in Section 6."
    }, {
      "heading" : "B PARALLELIZED ALGORITHM",
      "text" : "Riemannian Manifolds. Before introducing an algorithm for µ-EigenGame, we first briefly review necessary terminology for learning on Riemannian manifolds Absil et al. (2009), specifically for the sphere. The notation Tv̂iSd−1 denotes the set of vectors tangent to the sphere at a point v̂i (i.e., any vector orthogonal to v̂i). Rv̂i(z) = v̂i+z ||v̂i+z|| is the commonly used restriction of the retraction on Sd−1 to the tangent bundle at v̂i (i.e., step in tangent direction z and then unit-normalize the result). The operator Πv̂i(y) = (I − v̂>i v̂i)y projects the direction y onto Tv̂iSd−1. Combining these tools together results in a movement along the Riemannian manifold: v̂(t+1)i ← Rv̂i ( Πv̂i(y) ) .\nWe present pseudocode for µ-EigenGame below where computation is parallelized both over the k players and over M machines per player.\nAlgorithm 2 µ-EigenGameR\n1: Given: data stream Xt ∈ Rn ′×d, number of parallel machines M per player (minibatch size per\nmachine n′′ = n ′ M ), initial vectors v̂ 0 i ∈ Sd−1, step size sequence ηt, and number of iterations T .\n2: v̂i ← v̂0i for all i 3: for t = 1 : T do 4: parfor i = 1 : k do 5: parfor m = 1 : M do 6: rewards← X>tmXtmv̂i 7: penalties← ∑ j<i〈Xtmv̂i, Xtmv̂j〉v̂j 8: ∇̃µim ← (rewards− penalties)/n′′ 9: ∇̃µ,Rim ← ∇̃ µ im − 〈∇̃ µ im, v̂i〉v̂i\n10: end parfor 11: ∇̃µ,Ri ← 1M ∑ m[∇̃ µ,R im ] 12: v̂′i ← v̂i + ηt∇̃ µ,R i 13: v̂i ← v̂ ′ i ||v̂′i|| 14: end parfor 15: end for 16: return all v̂i"
    }, {
      "heading" : "C GLOBAL STOCHASTIC CONVERGENCE",
      "text" : "Theorem 1 (Global Convergence). Given a positive definite covariance matrixC with the top-k eigengaps positive and a square-summable, not summable step size sequence ηt (e.g., 1/t), Algorithm 1 converges to the top-k eigenvectors asymptotically (limT→∞) with probability 1.\nProof. Assume none of the v̂i are initialized to an angle exactly 90◦ away from the true eigenvector: 〈v̂i, vi〉 6= 0. The set of vectors {v̂i : 〈v̂i, vi〉 = 0} has Lebesgue measure 0, therefore, the above assumption holds w.p.1. The update direction for the top eigenvector v̂1 is exactly equal to that of α-EigenGame (∇̃µ1 = ∇α1 ), therefore, they have the same limit points for v̂1. The proof then proceeds by induction. As v̂j<i approach their limit points, the update for the ith eigenvector v̂i approaches that of α-EigenGame (∇̃µi = ∇αi ) and, by Lemma 3, the stable region of µ-EigenGame also shrinks to a point around the top-k eigenvectors.\nDenote the “update field” H(v) to match the work of Shah (2019). H(v) is simply the concatenation of all players’ Riemannian update rules, i.e., all players updating in parallel using their Riemannian updates:\nH(v) = [(I − v̂1v̂>1 )∆ µ 1 , . . . , (I − v̂kv̂>k )∆ µ k ] : R kd → Rkd (10)\nwhere ∆µi is defined in equation (7) and (I − p1p>1 )∆ µ i projects ∆ µ i onto the tangent space of player i’s unit sphere.\nThe result is then obtained by applying Theorem 7 of Shah (2019) with the following information: a) the unit-sphere is a compact manifold with an injectivity radius of π, b) the update field is a polynomial in {vi} and therefore smooth (analytic), and c) by Lemma 4 (see Appendix E) the update noise constitutes a bounded martingale difference sequence.\nWhile the convergence proof for α-EG provides finite-sample rates, it only applies to the algorithm applied sequentially (not parallelized over eigenvectors) and in the deterministic setting (minibatch contains the entire data set). The experiments in Gemp et al. (2021) apply the algorithm in parallel and with mini batch sizes, meaning the α-EG theorem does not actually apply to their experimental setting. That is to say, the α-EG paper proposes updating eigenvectors in parallel in practice despite the lack of convergence guarantee.\nIn contrast, our convergence theorem applies to µ-EG when applied in parallel (over the eigenvectors) and in the stochastic setting (with mini batch sizes), which is what we examine empirically in our experiments. The downside is that we do not provide finite-sample convergence rates.\nAlthough we do not provide convergence rates, Lemma 1 proves that the µ-EG update converges to the α-EG update for each eigenvector, so intuitively, we expect the convergence rates to be relatively similar given that the algorithms are equivalent in the limit. Note that in the full batch setting where stochasticity does not conflate the differences between the two algorithms, Figure 6 in Appendix A empirically supports the similarity of the convergence rates for the two algorithms. Figure 3 (minibatch of 1024) which looks at a large (but not full) minibatch size, also shows a small difference between convergence for the two algorithms.\nIn summary, the α-EG convergence theorem is impractical—it provides convergence rates for a (non-parallel) algorithm in the (non-stochastic) setting, which is a combination that α-EG paper does not suggest be applied in practice. In contrast, our µ-EG convergence theorem is practical—it provides asymptotic convergence for a parallel algorithm in the stochastic setting.\nDifficulties Obtaining Finite Sample Rates In consideration of a finite sample convergence result, we consulted Durmus et al. (2020). The primary obstacle to applying their convergence theorem is the construction of a suitable Lyapunov function to satisfy their Assumption A.2 stated on page 4. Constructing Lyapunov functions is typically a tedious, unpredictable process. The work in Durmus et al. (2020) is very recent and finite sample convergence of Riemannian stochastic approximation (i.e., update directions are not gradients of any function) schemes is cutting edge, highly technical research. This is in contrast to Riemannian optimization (i.e., update directions are the gradient of a function), which is much more mature. We hope theory advances in the near future to a point where we can more easily provide convergence rates for algorithms like α-EigenGame."
    }, {
      "heading" : "D ERROR PROPAGATION / SENSITIVITY ANALYSIS",
      "text" : "Lemma 3. An O( ) angular error of parent v̂j<i implies an O( ) angular error in the location of the solution for v̂i.\nProof. The proof proceeds in three steps:\n1. O( ) angular error of parent =⇒ O( ) Euclidean error of parent\n2. O( ) Euclidean error of parent =⇒ O( ) Euclidean error of norm of child gradient\n3. O( ) Euclidean error of norm child gradient + instability of minimum at ±π2 =⇒ O( ) angular error of child’s solution.\nAngular error in the parent can be converted to Euclidean error by considering the chord length between the mis-specified parent and the true parent direction. The two vectors plus the chord form an isoceles triangle with the relation that chord length l = 2 sin( 2 ) is O( ) for 1. Next, write the mis-specified parents as v̂j = vj + wj where ||wj || is O( ) as we have just shown. Let b equal the difference between the Riemannian update direction ∇̃µi with approximate parents and that with exact parents. All directions we consider here are the Riemannian directions, i.e., they have been projected onto the tangent space of the sphere. Then\nb = ∇̃µ,ei − ∇̃ µ i = ( I − v̂iv̂ > i︸ ︷︷ ︸\nprojection onto sphere\n) ∑ j<i [ (v̂>i Cv̂j)v̂j − (v̂>i Cvj)vj ] (11)\nand the norm of the difference is\n(12) ||b|| = ||(I − v̂iv̂>i ) ∑ j<i [ (v̂>i Cv̂j)v̂j − (v̂>i Cvj)vj ] || (13)\n≤ ||I − v̂iv̂>i || · || ∑ j<i [ (v̂>i Cv̂j)v̂j − (v̂>i Cvj)vj ] || (14)\n≤ || ∑ j<i [ (v̂>i Cv̂j)v̂j − (v̂>i Cvj)vj ] ||. (15)\nWe can further bound the summands with\n||(v̂>i Cv̂j)v̂j − (v̂>i Cvj)vj || = ||(v̂j v̂>j − vjv>j )Cv̂i|| (16) ≤ ||v̂j v̂>j − vjv>j ||||Cv̂i|| (17) ≤ λ1||v̂j v̂>j − vjv>j || (18) = λ1||(vj + wj)(vj + wj)> − vjv>j || (19) = λ1||wjv>j + vjw>j + wjw>j || (20) ≤ λ1(||wjv>j ||+ ||vjw>j ||+ ||wjw>j ||) (21) = O( ). (22)\nThis upper bound on the norm of the difference between the two directions translates to a lower bound on the inner product of the two directions wherever ||∇̃µ,ei || > , specifically 〈∇̃ µ,e i , ∇̃ µ i 〉 > 0 (see Figure 7a). And recall that the direction with exact parents is equivalent to the gradient of α-EigenGame with exact parents,∇α,ei .\nTherefore, by a Lyapunov argument, the ∇̃µi direction is an ascent direction on the α-EigenGame utility where it forms an acute angle (positive inner product) with ∇α,ei . Furthermore, ∇ α,e i is the gradient of a utility function that is sinusoidal along the sphere manifold; specifically, it is a cosine with period π and positive amplitude dependent on the spectrum of C (c.f. equation (8) of Gemp\net al. (2021)). We can derive an upper bound on the size of the angular region for which ∇̃µi is not necessarily an ascent direction (the “?\" marks in Figure 7). This region is defined as the set of angles for which the norm of the utility’s derivative is small, i.e., ||∇α,ei || ≤ . The derivative of cosine is sine, which depends linearly on its argument (angle) for small values, therefore, |θ| ≤ O( ) or |π2 − θ| ≤ O( ). As long as v̂i does not lie within the | π 2 −O( )| region, µ-EigenGame will ascend the utility landscape to within O( ) angular error of the true eigenvector vi. In the limit as → 0, the size of the |π2 −O( )| region vanishes to a point, v ⊥ i . To understand the stability of this point, we can again appeal to the analysis from Gemp et al. (2021)—see equation (8) on page 7 of that work. The Jacobian of ∇̃µi and the Hessian of uαi are equal with exact parents, and we know that its Riemannian Hessian is positive definite if the ith eigengap is positive: HRv̂i [u α i ] (λi − λi+1)I . This means that the point v⊥i is a repeller for α-EigenGame. Similarly to before, we can show more formally that an O( ) perturbation to parents results in an O( ) perturbation to the Jacobian of ∇̃µi from H[uαi ]:\nJ = [I − ∑ j<i v̂j v̂ > j ]C (23)\n= [I − ∑ j<i (vj + wj)(vj + wj) >]C (24)\n= [I − ∑ j<i vjv > j ]C − ∑ j<i [wjv > j + vjw > j + wjw > j ]C (25)\n= [I − ∑ j<i vjv > j ]C −O( )W (26)\n= H[uαi ]−O( )W (27)\nwhere W is some matrix with O(1) entries (w.r.t. ). For the sphere, the Riemannian Jacobian is a linear function of the Jacobian (JRv̂i = (I − v̂iv̂ > i )J − (v̂>i Jv̂i)I = HRv̂i [u α i ] − O( )) and therefore the error remains O( ). The set of (non)symmetric, positive semidefinite matrices (A is p.s.d. iff y>Ay ≥ 0 ∀ y) forms a closed convex cone, the interior of which contains positive definite matrices Wang et al. (2010). Therefore, JRv̂i remains in this set after a small enoughO( ) perturbation. Therefore, in the limit → 0, the spectrum of the Jacobian will also be positive definite indicating the point v⊥i is a repeller. This is indicated by the blue arrows in Figure 7b.\nFigure 7b summarizes the results that the stable region for α-EigenGame consists of an O( ) ball around the true optimum for parents with O( ) angular error."
    }, {
      "heading" : "E NOISE IS MARTINGALE DIFFERENCE SEQUENCE",
      "text" : "Let ∆µ,ti = [ I − ∑ j<i v̂ (t) j v̂ (t)> j ] Cv̂ (t) i be the µ-EigenGame update direction computed using the\nfull expected covariance matrix. Let ∆̂µ,ti = [ I − ∑ j<i v̂ (t) j v̂ (t)> j ] Ctv̂ (t) i be the update direction computed using a minibatch estimate of the covariance matrix where minibatches are unbiased because they are formed from data sampled uniformly at random from the dataset. Define MV (t)\ni,t+1 =\n∆̂µ,ti −∆ µ,t i and let M V (t) t+1 = [M V (t) 1,t+1, . . . ,M V (t) k,t+1] > where V (t) = {v(t)i∈[k]}.\nLemma 4. {MV (t)t+1 } is a bounded martingale difference sequence with respect to the increasing σ-fields\nFt = σ({(v̂i)(0)i∈[k], . . . , (v̂i) (t) i∈[k]}, {Ĉ (1) , . . . , Ĉ (t) }) (28)\nProof. Given the filtration Ft, we find\nE[MV (t) i,t+1|Ft] = [ I − ∑ j<i v̂ (t) j v̂ (t)> j ] E[Ct − C]v̂(t)i = 0 (29)\nwhere the first equality holds because each Ct is formed from a minibatch sampled i.i.d. from the dataset and therefore independent of the filtration. This result holds for all i ∈ [k], therefore\nE[MV (t)\nt+1 |Ft] = 0. (30)\nFurthermore,\nsup t\nE[||MV (t)\ni,t+1||2|Ft] (31)\n= sup t\nE [ v̂ (t)> i (Ct − C) > P>︷ ︸︸ ︷[ I − ∑ j<i v̂ (t) j v̂ (t)> j ]> P︷ ︸︸ ︷[ I − ∑ j<i v̂ (t) j v̂ (t)> j ] (Ct − C)v̂(t)i ∣∣∣Ft] (32) = sup\nt E[v̂(t)>i (Ct − C)\n>P>P (Ct − C)v̂(t)i ∣∣Ft] (33)\n≤ sup t\nE[λ2i v̂ (t)> i (Ct − C) >I(Ct − C)v̂(t)i ∣∣Ft] (34)\n≤ sup t λ2i v̂ (t)> i E[(Ct − C)\n>(Ct − C) ∣∣Ft]v̂(t)i (35)\n≤ max{1, (i− 2)2}2ξ2 (36)\nwhere λi ≤ max{1, (i− 2)2} is the max singular value of P 1 and ξ2 is the maximum eigenvalue of E[(Ct − C)>(Ct − C)] over all t. Summing over i we find\nsup t\nE[||MV (t) i,t+1||2|Ft] ≤ ( ∑ i λi)ξ 2 (37)\n≤ (2 + k−2∑ a=1 a2)ξ2 (38)\n= (2 + 1\n6 (k − 2)(k − 1)(2k − 3))ξ2 (39)\n≤ (2 + 1 3 k3)ξ2. (40)\n1In the worst case, each subspace subtracted off by v̂j v̂>j subtracts a 1 from the eigenvalue of 1 of the identity matrix.\nThis is a worst case bound. As the parent eigenvectors converge, the max singular value of P converges to 1 so that the variance of the magnitude of the martingale difference is upper bounded by kξ2.\nNote: For a finite dataset of n samples or for a distribution with bounded moments like the Gaussian distribution, ξ will be finite. However, for other distributions like the Cauchy distribution, ξ may be unbounded, so care should be taken when running µ-EigenGame in different stochastic settings."
    }, {
      "heading" : "F JAX PSEUDOCODE",
      "text" : "For the sake of reproducibility we have included pseudocode in Jax. We use the Optax2 optimization library Hessel et al. (2020) and the Jaxline training framework3. Our graph algorithm is a straightforward modification of the provided pseudo-code. See section G for details.\n1 \"\"\" 2 Copyright 2020 The EigenGame Unloaded Authors. 3\n4 5 Licensed under the Apache License, Version 2.0 (the \"License\"); 6 you may not use this file except in compliance with the License. 7 You may obtain a copy of the License at 8\n9 https://www.apache.org/licenses/LICENSE-2.0 10 11 Unless required by applicable law or agreed to in writing, software 12 distributed under the License is distributed on an \"AS IS\" BASIS, 13 WITHOUT WARRANTIES OR CONDITIONS OF ANY KIND, either express or implied. 14 See the License for the specific language governing permissions and 15 limitations under the License. 16 \"\"\" 17 18 import jax 19 import optax 20 import jax.numpy as jnp 21 22 def eg_grads(vi: jnp.ndarray, 23 weights: jnp.ndarray, 24 eigs: jnp.ndarray, 25 data: jnp.ndarray) -> jnp.ndarray: 26 \"\"\" 27 Args: 28 vi: shape (d,), eigenvector to be updated 29 weights: shape (k,), mask for penalty coefficients, 30 eigs: shape (k, d), i.e., vectors on rows 31 data: shape (N, d), minibatch X_t 32 Returns: 33 grads: shape (d,), gradient for vi 34 \"\"\" 35 weights_ij = (jnp.sign(weights + 0.5) - 1.) / 2. # maps -1 to -1 else to 0 36 data_vi = jnp.dot(data, vi) 37 data_eigs = jnp.transpose(jnp.dot(data, 38 jnp.transpose(eigs))) # Xvj on row j 39 vi_m_vj = jnp.dot(data_eigs, data_vi) 40 penalty_grads = vi_m_vj * jnp.transpose(eigs) 41 penalty_grads = jnp.dot(penalty_grads, weights_ij) 42 grads = jnp.dot(jnp.transpose(data), data_vi) + penalty_grads 43 return grads 44\n45 46 def utility(vi, weights, eigs, data):\n2https://github.com/deepmind/optax 3https://github.com/deepmind/jaxline\n47 \"\"\"Compute Eigengame utilities. 48 util: shape (1,), utility for vi 49 \"\"\" 50 data_vi = jnp.dot(data, vi) 51 data_eigs = jnp.transpose(jnp.dot(data, jnp.transpose(eigs))) # Xvj on row j 52 vi_m_vj2 = jnp.dot(data_eigs, data_vi)**2. 53 vj_m_vj = jnp.sum(data_eigs * data_eigs, axis=1) 54 r_ij = vi_m_vj2 / vj_m_vj 55 util = jnp.dot(jnp.array(r_ij), weights) 56 return util\nListing 1: Gradient and utility functions.\n1 def _grads_and_update(vi, weights, eigs, input, opt_state, axis_index_groups): 2 \"\"\"Compute utilities and update directions, psum and apply. 3 Args: 4 vi: shape (d,), eigenvector to be updated 5 weights: shape (k_per_device, k,), mask for penalty coefficients, 6 eigs: shape (k, d), i.e., vectors on rows 7 input: shape (N, d), minibatch X_t 8 opt_state: optax state 9 axis_index_groups: For multi-host parallelism https://jax.\nreadthedocs.io/en/latest/_modules/jax/_src/lax/parallel.html 10 Returns: 11 vi_new: shape (d,), eigenvector to be updated 12 opt_state: new optax state 13 utilities: shape (1,), utilities 14 \"\"\" 15 grads, utilities = _grads_and_utils(vi, weights, V, input) 16 avg_grads = jax.lax.psum( 17 grads, axis_name=’i’, axis_index_groups=axis_index_groups) 18 vi_new, opt_state, lr = _update_with_grads(vi, avg_grads, opt_state) 19 return vi_new, opt_state, utilities 20 21 def _grads_and_utils(vi, weights, V, inputs): 22 \"\"\"Compute utiltiies and update directions (\"grads\"). 23 Wrap in jax.vmap for k_per_device dimension.\"\"\" 24 utilities = utility(vi, weights, V, inputs) 25 grads = eg_grads(vi, weights, V, inputs) 26 return grads, utilities 27 28 def _update_with_grads(vi, grads, opt_state): 29 \"\"\"Compute and apply updates with optax optimizer. 30 Wrap in jax.vmap for k_per_device dimension.\"\"\" 31 updates, opt_state = self._optimizer.update(-grads, opt_state) 32 vi_new = optax.apply_updates(vi, updates) 33 vi_new /= jnp.linalg.norm(vi_new) 34 return vi_new, opt_state\nListing 2: EigenGame Update functions.\n1 def init(self, *): 2 \"\"\"Initialization function for a Jaxline experiment.\"\"\" 3 weights = np.eye(self._total_k) * 2 - np.ones((self._total_k, self. _total_k)) 4 weights[np.triu_indices(self._total_k, 1)] = 0. 5 self._weights = jnp.reshape(weights, [self._num_devices, 6 self._k_per_device, 7 self._total_k]) 8 9 local_rng = jax.random.fold_in(jax.random.PRNGkey(seed), jax.host_id ())\n10 keys = jax.random.split(local_rng, self._num_devices)\n11 V = jax.pmap(lambda key: jax.random.normal(key, (self._k_per_device, self._dims)))(keys) 12 self._V = jax.pmap(lambda V: V / jnp.linalg.norm(V, axis=1, keepdims= True))(V)\n13 14 # Define parallel update function. If k_per_device is not None, wrap individual functions with vmap here. 15 self._partial_grad_update = functools.partial( 16 self._grads_and_update, axis_groups=self._axis_index_groups) 17 self._par_grad_update = jax.pmap( 18 self._partial_grad_update, in_axes=(0, 0, None, 0, 0, 0), axis_name=’i’) 19 20 self._optimizer = optax.sgd(learning_rate=1e-4, momentum=0.9, nesterov=True)\n21 22 def step(self, *): 23 \"\"\"Step function for a Jaxline experiment\"\"\" 24 inputs = next(input_data_iterator) 25 self._local_V = jnp.reshape(self._V, (self._total_k, self._dims)) 26 self._V, self._opt_state, utilities, lr = self._par_grad_update( 27 self._V, self._weights_jnp, self._local_V, inputs, self. _opt_state, 28 global_step)\nListing 3: Skeleton for Jaxline experiment.\nG µ-EIGENGAME ON GRAPHS\nAlgorithm 3 receives a stream of edges represented as a matrix with edges on the rows and outgoing node id (out) and incoming node id (in) as nonegative integers on the columns. The method zeros_like(z) returns an array of zeros with the same dimensions as z. The method index_add(z, idx, val) adds the values in array val to z at the corresponding indices in array idx with threadsafe locking so that indices in idx may be duplicated. Both methods are available in JAX. The largest eigenvector v̂1 is learned to estimate λ1 and may be discarded. The bottom-k eigenvectors are returned by the algorithm in increasing order. Algorithm 3 expects k + 1 random unit vectors as input rather than k in order to additionally estimate the top eigenvector necessary for the computation; otherwise, the inputs are the same as Algorithm 1."
    }, {
      "heading" : "H ALGORITHM DESIGN PROCESS",
      "text" : "In section 4.1, we presented uµi as the Rayleigh quotient of a deflated matrix (repeated in equation (8) for convencience):\nuµi = v̂ > i\n[ deflation︷ ︸︸ ︷ I − ∑ j<i v̂j v̂ > j ] C [v̂i] (41)\n= v̂>i C [v̂i]− ∑ j<i (v̂>i Cv̂j)( [v̂i] >v̂j) (42)\nuαi = Var︷ ︸︸ ︷ v̂>i Cv̂i− ∑ j<i ⊥-penalty︷ ︸︸ ︷ 〈v̂i, Cv̂j〉2 〈v̂j , Cv̂j〉 . (43)\nAlternatively, we can consider uµi as equation (42) in light of the derivation for u α i by Gemp et al. (2021). In that case, utilities are constructed from entries in the matrix\nAlgorithm 3 µ-EigenGame for Graphs (w/o Riemannian gradient projection) 1: Given: Edge stream Et ∈ Rn\n′×2, number of parallel machines M per player (minibatch size per partition n′′ = n ′\nM ), initial vectors v̂ 0 i ∈ Sd−1, step size sequence ηt, and iterations T .\n2: v̂i ← v̂0i for all i ∈ {1, . . . , k + 1} 3: λ1 ← 2|V| *upper bound on top eigenvalue* 4: for t = 1 : T do 5: parfor i = 1 : k + 1 do 6: parfor m = 1 : M do 7: [Xv]i = v̂i(outtm)− v̂i(intm) 8: [X>Xv]i ← zeros_like(v̂i) 9: [X>Xv]i ← index_add([X>Xv], outtm, [Xv]i)\n10: [X>Xv]i ← index_add([X>Xv], intm,−[Xv]i) 11: if i = 1 then 12: λ1 ← ||[Xv]i||2 13: ∇̃µit′ ← [X>Xv]i 14: else 15: ∇̃µim ← λ1[v̂i − ∑ 1<j<i(v̂ > i v̂j)v̂j ] 16: [Xv]j = v̂j(outtm)− v̂j(intm) for all j 17: ∇̃µit′ −= [X>Xv]i − ∑ 1<j<i([Xv] > i [Xv]j)v̂j 18: end if 19: end parfor 20: ∇̃µi ← 1n′ ∑ t′ [∇̃ µ it′ ] 21: v̂′i ← v̂i + ηt∇̃ µ i 22: v̂i ← v̂ ′ i ||v̂′i|| 23: end parfor 24: end for 25: return {v̂i|i ∈ {2, . . . , k + 1}}\nV̂ >CV̂ =  〈v̂1, Cv̂1〉 〈v̂1, Cv̂2〉 . . . 〈v̂1, Cv̂d〉 〈v̂2, Cv̂1〉 〈v̂2, Cv̂2〉 . . . 〈v̂2, Cv̂d〉\n... ...\n. . . ...\n〈v̂d, Cv̂1〉 〈v̂d, Cv̂2〉 . . . 〈v̂d, Cv̂d〉\n . (44)\nIt is argued that if V̂ diagonalizes M and captures maximum variance, then the diagonal 〈v̂i, Cv̂i〉 terms must be maximized and the off-diagonal 〈v̂i, Cv̂j〉 terms must be zero. As the latter mixed terms may be negative, the authors square the mixed terms to form “minimizable utilities” and divide them by 〈v̂j , Cv̂j〉 so that they have similar “units\" to the terms 〈v̂i, Cv̂i〉 of the first type. In contrast, the uµi utilities could be arrived at by instead multiplying the mixed terms by 〈v̂i, v̂j〉. While this ensures the mixed terms are positive with exact parents (because 〈v̂i, Cvj〉 = λj〈v̂i, vj〉), it does not ensure they are always positive in general4. In other words, uµi is defined in way such that the ⊥-penalties actually encourage vectors to align at times when they should in fact do the opposite! We therefore consider it unlikely that anyone would pose equation (42) as a utility if coming from the perspective of α-EigenGame.\nWe could have extended the diagram in Figure 5b to include this dead end link. We have also included the true gradient of uµi as a logical endpoint. We present these extensions in Figure 8.\n4e.g., let C = [ 2 1 1 1 ] and place v̂1 at −30◦ and v̂2 at 90◦.\nH.1 GRADIENT ASCENT ON uµi\nIf we remove the stop gradient from equation (41), we are left with equation (45):\nuµi = v̂ > i [\ndeflation︷ ︸︸ ︷ I − ∑ j<i v̂j v̂ > j ]Cv̂i. (45)\nIf we then differentiate this utility, we find its gradient is\n∇µi = Cv̂i − 1\n2 ∑ j<i [(v̂>i Cv̂j)v̂j + (v̂ > i v̂j)Cv̂j ]. (46)\nWe also reran experiments with this update direction,∇µi on the synthetic and MNIST domains. The update is unbiased, so it would be expected to scale well, however, it (in orange) appears to scale more poorly than µ-EigenGame with smaller minibatches.\nIn Figure 10, µ̃-EG appears to converge in terms of subspace error but slows in terms of longest eigenvector streak. µ̃-EG updates are also unbiased so we would expect it is convergent globally, but it underperforms relative to µ-EG. In contrast, α-EG stalls in terms of subspace error likely due to bias.\nNote that with exact parents, mu-EG and mu-tilde-EG have the same update (plug Cvj = λjvj into equation (46)), so the difference must come from when the parents are still inaccurate.\nIn Figure 11, we have plotted the norm of the difference between subsequent values of the eigenvectors over training, i.e., how “far” vi moves after every update. Note all algorithms were run with the same fixed step size of 10−3, which was optimal for each algorithm in this setting. Clearly, the gradient version of α-EigenGame (µ̃-EG) shown in Figure 11c exhibits higher norms overall.\nWe believe this is due to the higher variance penalty terms (all methods maximize the same Rayleigh quotient term). Note that both α-EG and µ-EG construct their pentalty directions by a weighted sum of terms. These terms are computed differently, but both compute weights with inner products between vi and vj after projecting onto the samples in the minibatch Xt. For example, µ-EG\ncomputes 〈Xtvi, Xtvj〉 = v>i Ctvj . Without loss of generality, assume C is a diagonal matrix (with the eigenvalues on its diagonal). Then 〈v>i Cvj〉 = ∑ k λkvikvjk. The eigenvectors vi = ei in this case, and so the inner product measures alignment between vi and vj in the dimensions that vi and vj are trained to be orthogonal. Due to noise in the minibatches Xt, vi and vj may “drift” in the remaining dimensions. Projecting essentially ignores these though because they are weighted by small eigenvalues.\nIn contrast, µ̃-EG computes weights as raw inner products between vi and vj . Therefore, any drift of vi and vj due to noise in the minibatch samples contributes to the inner product: 〈vi, vj〉 = ∑ k vikvjk. We suspect this is the reason µ̃-EG exhibits higher drift distance.\nIn summary, α-EG updates are computed as a weighted sum of terms where the weights are computed using inner products between vi and its parents after projecting them to a lower dimensional space. Computing the inner product in this particular space results in lower variance for each inner product. Unfortunately, α-EG updates are biased, so while they exhibit relatively low “norm of drift”, they converge to the incorrect solution (parents never converge to precise solution which prohibits children from learning accurately solutions).\nµ̃-EG updates are unbiased, so they should converge to the correct solution in the limit, but they exhibit higher variance due to their penalty weights being computed in the original high dimensional space (i.e., they pick up every little bit of noise).\nFinally, µ-EG updates are unbiased and compute their penalty weights in a lower dimensional space, suppressing the bulk of the noise that appears from drift caused by randomness in the minibatches. They exhibit the lowest levels of “norm of drift”.\nH.2 ACCELERATION\nWe conjecture that µ-EigenGame converges more quickly than α-EigenGame because of the following two claims.\nClaim 1 The penalty terms of ∇̃µi are all within 90◦ of those of∇αi because 〈\nCv̂j v̂>j Cv̂j , v̂j\n〉 = 1 > 0.\nClaim 2 The penalty terms of ∇̃µi are all smaller in magnitude than those of∇αi : ||v̂j || ≤ ∣∣∣∣∣∣ Cv̂jv̂>j Cv̂j ∣∣∣∣∣∣.\nIndeed, consider the direction Cv̂j . By properties of the vector rejection, we know the rejection of this direction onto the tangent space of the unit sphere has magnitude less than or equal to that of the original vector, ||Cv̂j ||. The projection is (I − v̂j v̂>j )(Cv̂j). Therefore, the rejection is v̂j v̂>j (Cv̂j) and, by the preceding argument, we know its magnitude |v̂>j Cv̂j |||v̂j || is less than or equal to ||Cv̂j ||. Rearranging the inequality completes the proof.\nBy Claim 1, the penalty directions of µ-EG and α-EG approximately agree. And by Claim 2, α-EG’s penalty direction is shorter. Consider a scenario where a parent of v̂i has not converged and transiently occupies space along v̂i’s geodesic to its true endpoint v̂i, a strong penalty term will force v̂i to take a roundabout trajectory, thereby slowing its convergence. A weaker penalty term allows v̂i to pass through regions occupied by its parent as long as its parent is not an eigenvector. Recall from Section 3 that the two utilities are equivalent when the parents are eigenvectors."
    } ],
    "references" : [ {
      "title" : "Optimization Algorithms on Matrix Manifolds",
      "author" : [ "P.-A. Absil", "R. Mahony", "R. Sepulchre" ],
      "venue" : null,
      "citeRegEx" : "Absil et al\\.,? \\Q2009\\E",
      "shortCiteRegEx" : "Absil et al\\.",
      "year" : 2009
    }, {
      "title" : "Towards a human-like open-domain chatbot",
      "author" : [ "D. Adiwardana", "M.-T. Luong", "D.R. So", "J. Hall", "N. Fiedel", "R. Thoppilan", "Z. Yang", "A. Kulshreshtha", "G. Nemade", "Y. Lu" ],
      "venue" : null,
      "citeRegEx" : "Adiwardana et al\\.,? \\Q2001\\E",
      "shortCiteRegEx" : "Adiwardana et al\\.",
      "year" : 2001
    }, {
      "title" : "First efficient convergence for streaming k-PCA: a global, gap-free, and near-optimal rate",
      "author" : [ "Z. Allen-Zhu", "Y. Li" ],
      "venue" : "IEEE 58th Annual Symposium on Foundations of Computer Science (FOCS),",
      "citeRegEx" : "Allen.Zhu and Li.,? \\Q2017\\E",
      "shortCiteRegEx" : "Allen.Zhu and Li.",
      "year" : 2017
    }, {
      "title" : "Dynamical systems that sort lists, diagonalize matrices, and solve linear programming problems",
      "author" : [ "R.W. Brockett" ],
      "venue" : "Linear Algebra and its applications,",
      "citeRegEx" : "Brockett.,? \\Q1991\\E",
      "shortCiteRegEx" : "Brockett.",
      "year" : 1991
    }, {
      "title" : "On constrained nonconvex stochastic optimization: A case study for generalized eigenvalue decomposition",
      "author" : [ "Z. Chen", "X. Li", "L. Yang", "J. Haupt", "T. Zhao" ],
      "venue" : "In The 22nd International Conference on Artificial Intelligence and Statistics,",
      "citeRegEx" : "Chen et al\\.,? \\Q2019\\E",
      "shortCiteRegEx" : "Chen et al\\.",
      "year" : 2019
    }, {
      "title" : "An upper bound on the diameter of a graph from eigenvalues associated with its Laplacian",
      "author" : [ "F.R. Chung", "V. Faber", "T.A. Manteuffel" ],
      "venue" : "SIAM Journal on Discrete Mathematics,",
      "citeRegEx" : "Chung et al\\.,? \\Q1994\\E",
      "shortCiteRegEx" : "Chung et al\\.",
      "year" : 1994
    }, {
      "title" : "Input sparsity time low-rank approximation via ridge leverage score sampling",
      "author" : [ "M.B. Cohen", "C. Musco" ],
      "venue" : "In Proceedings of the Twenty-Eighth Annual ACM-SIAM Symposium on Discrete Algorithms,",
      "citeRegEx" : "Cohen et al\\.,? \\Q2017\\E",
      "shortCiteRegEx" : "Cohen et al\\.",
      "year" : 2017
    }, {
      "title" : "A risk comparison of ordinary least squares vs ridge regression",
      "author" : [ "P.S. Dhillon", "D.P. Foster", "S.M. Kakade", "L.H. Ungar" ],
      "venue" : "The Journal of Machine Learning Research,",
      "citeRegEx" : "Dhillon et al\\.,? \\Q2013\\E",
      "shortCiteRegEx" : "Dhillon et al\\.",
      "year" : 2013
    }, {
      "title" : "Convergence analysis of Riemannian stochastic approximation schemes",
      "author" : [ "A. Durmus", "P. Jiménez", "É. Moulines", "S. Said", "H.-T. Wai" ],
      "venue" : "arXiv preprint arXiv:2005.13284,",
      "citeRegEx" : "Durmus et al\\.,? \\Q2020\\E",
      "shortCiteRegEx" : "Durmus et al\\.",
      "year" : 2020
    }, {
      "title" : "Distributed estimation of principal eigenspaces",
      "author" : [ "J. Fan", "D. Wang", "K. Wang", "Z. Zhu" ],
      "venue" : "Annals of statistics,",
      "citeRegEx" : "Fan et al\\.,? \\Q2019\\E",
      "shortCiteRegEx" : "Fan et al\\.",
      "year" : 2019
    }, {
      "title" : "Turning big data into tiny data: Constant-size coresets for k-means, PCA, and projective clustering",
      "author" : [ "D. Feldman", "M. Schmidt", "C. Sohler" ],
      "venue" : "SIAM Journal on Computing,",
      "citeRegEx" : "Feldman et al\\.,? \\Q2020\\E",
      "shortCiteRegEx" : "Feldman et al\\.",
      "year" : 2020
    }, {
      "title" : "Fast and communication-efficient distributed PCA",
      "author" : [ "A. Gang", "H. Raja", "W.U. Bajwa" ],
      "venue" : "IEEE International Conference on Acoustics, Speech and Signal Processing (ICASSP),",
      "citeRegEx" : "Gang et al\\.,? \\Q2019\\E",
      "shortCiteRegEx" : "Gang et al\\.",
      "year" : 2019
    }, {
      "title" : "Communication-efficient algorithms for distributed stochastic principal component analysis",
      "author" : [ "D. Garber", "O. Shamir", "N. Srebro" ],
      "venue" : "In International Conference on Machine Learning,",
      "citeRegEx" : "Garber et al\\.,? \\Q2017\\E",
      "shortCiteRegEx" : "Garber et al\\.",
      "year" : 2017
    }, {
      "title" : "Eigengame: PCA as a Nash equilibrium",
      "author" : [ "I. Gemp", "B. McWilliams", "C. Vernade", "T. Graepel" ],
      "venue" : "In International Conference for Learning Representations,",
      "citeRegEx" : "Gemp et al\\.,? \\Q2021\\E",
      "shortCiteRegEx" : "Gemp et al\\.",
      "year" : 2021
    }, {
      "title" : "Frequent directions: simple and deterministic matrix sketching",
      "author" : [ "M. Ghashami", "E. Liberty", "J.M. Phillips", "D.P. Woodruff" ],
      "venue" : "SIAM Journal on Computing,",
      "citeRegEx" : "Ghashami et al\\.,? \\Q2016\\E",
      "shortCiteRegEx" : "Ghashami et al\\.",
      "year" : 2016
    }, {
      "title" : "Eigenvalue computation in the 20th century",
      "author" : [ "G.H. Golub", "H.A. Van der Vorst" ],
      "venue" : "Journal of Computational and Applied Mathematics,",
      "citeRegEx" : "Golub and Vorst.,? \\Q2000\\E",
      "shortCiteRegEx" : "Golub and Vorst.",
      "year" : 2000
    }, {
      "title" : "Out of memory SVD solver for big data",
      "author" : [ "A. Haidar", "K. Kabir", "D. Fayad", "S. Tomov", "J. Dongarra" ],
      "venue" : "IEEE High Performance Extreme Computing Conference (HPEC),",
      "citeRegEx" : "Haidar et al\\.,? \\Q2017\\E",
      "shortCiteRegEx" : "Haidar et al\\.",
      "year" : 2017
    }, {
      "title" : "Finding structure with randomness: probabilistic algorithms for constructing approximate matrix decompositions",
      "author" : [ "N. Halko", "P.-G. Martinsson", "J.A. Tropp" ],
      "venue" : "SIAM Review,",
      "citeRegEx" : "Halko et al\\.,? \\Q2011\\E",
      "shortCiteRegEx" : "Halko et al\\.",
      "year" : 2011
    }, {
      "title" : "Provable guarantees for self-supervised deep learning with spectral contrastive loss",
      "author" : [ "J.Z. HaoChen", "C. Wei", "A. Gaidon", "T. Ma" ],
      "venue" : "arXiv preprint arXiv:2106.04156,",
      "citeRegEx" : "HaoChen et al\\.,? \\Q2021\\E",
      "shortCiteRegEx" : "HaoChen et al\\.",
      "year" : 2021
    }, {
      "title" : "Optax: composable gradient transformation and optimisation, in JAX!, 2020",
      "author" : [ "M. Hessel", "D. Budden", "F. Viola", "M. Rosca", "E. Sezener", "T. Hennigan" ],
      "venue" : null,
      "citeRegEx" : "Hessel et al\\.,? \\Q2020\\E",
      "shortCiteRegEx" : "Hessel et al\\.",
      "year" : 2020
    }, {
      "title" : "A short tutorial on graph Laplacians",
      "author" : [ "R. Horaud" ],
      "venue" : "Laplacian embedding, and spectral clustering,",
      "citeRegEx" : "Horaud.,? \\Q2009\\E",
      "shortCiteRegEx" : "Horaud.",
      "year" : 2009
    }, {
      "title" : "Principal components in regression analysis",
      "author" : [ "I.T. Jolliffe" ],
      "venue" : "In Principal Component Analysis. Springer,",
      "citeRegEx" : "Jolliffe.,? \\Q2002\\E",
      "shortCiteRegEx" : "Jolliffe.",
      "year" : 2002
    }, {
      "title" : "Scalable adaptive stochastic optimization using random projections",
      "author" : [ "G. Krummenacher", "B. McWilliams", "Y. Kilcher", "J.M. Buhmann", "N. Meinshausen" ],
      "venue" : "In Advances in Neural Information Processing Systems,",
      "citeRegEx" : "Krummenacher et al\\.,? \\Q2016\\E",
      "shortCiteRegEx" : "Krummenacher et al\\.",
      "year" : 2016
    }, {
      "title" : "Krevl. SNAP Datasets: Stanford large network dataset collection",
      "author" : [ "A.J. Leskovec" ],
      "venue" : "http: //snap.stanford.edu/data,",
      "citeRegEx" : "Leskovec,? \\Q2014\\E",
      "shortCiteRegEx" : "Leskovec",
      "year" : 2014
    }, {
      "title" : "Learning to discover social circles in ego networks",
      "author" : [ "J. Leskovec", "J. McAuley" ],
      "venue" : "Advances in Neural Information Processing Systems,",
      "citeRegEx" : "Leskovec and McAuley.,? \\Q2012\\E",
      "shortCiteRegEx" : "Leskovec and McAuley.",
      "year" : 2012
    }, {
      "title" : "Improved distributed principal component analysis",
      "author" : [ "Y. Liang", "M.-F. Balcan", "V. Kanchanapally", "D.P. Woodruff" ],
      "venue" : "In NIPS,",
      "citeRegEx" : "Liang et al\\.,? \\Q2014\\E",
      "shortCiteRegEx" : "Liang et al\\.",
      "year" : 2014
    }, {
      "title" : "Review of the development of multidimensional scaling methods",
      "author" : [ "A. Mead" ],
      "venue" : "Journal of the Royal Statistical Society: Series D (The Statistician),",
      "citeRegEx" : "Mead.,? \\Q1992\\E",
      "shortCiteRegEx" : "Mead.",
      "year" : 1992
    }, {
      "title" : "Spectral normalization for generative adversarial networks",
      "author" : [ "T. Miyato", "T. Kataoka", "M. Koyama", "Y. Yoshida" ],
      "venue" : "arXiv preprint arXiv:1802.05957,",
      "citeRegEx" : "Miyato et al\\.,? \\Q2018\\E",
      "shortCiteRegEx" : "Miyato et al\\.",
      "year" : 2018
    }, {
      "title" : "Randomized block Krylov methods for stronger and faster approximate singular value decomposition",
      "author" : [ "C. Musco" ],
      "venue" : "In Advances in Neural Information Processing Systems,",
      "citeRegEx" : "Musco and Musco.,? \\Q2015\\E",
      "shortCiteRegEx" : "Musco and Musco.",
      "year" : 2015
    }, {
      "title" : "Simplified neuron model as a principal component analyzer",
      "author" : [ "E. Oja" ],
      "venue" : "Journal of Mathematical Biology,",
      "citeRegEx" : "Oja.,? \\Q1982\\E",
      "shortCiteRegEx" : "Oja.",
      "year" : 1982
    }, {
      "title" : "Scikit-learn: Machine learning in Python",
      "author" : [ "F. Pedregosa", "G. Varoquaux", "A. Gramfort", "V. Michel", "B. Thirion", "O. Grisel", "M. Blondel", "P. Prettenhofer", "R. Weiss", "V. Dubourg", "J. Vanderplas", "A. Passos", "D. Cournapeau", "M. Brucher", "M. Perrot", "E. Duchesnay" ],
      "venue" : "Journal of Machine Learning Research,",
      "citeRegEx" : "Pedregosa et al\\.,? \\Q2011\\E",
      "shortCiteRegEx" : "Pedregosa et al\\.",
      "year" : 2011
    }, {
      "title" : "Nonlinear dimensionality reduction by locally linear embedding",
      "author" : [ "S.T. Roweis", "L.K. Saul" ],
      "venue" : null,
      "citeRegEx" : "Roweis and Saul.,? \\Q2000\\E",
      "shortCiteRegEx" : "Roweis and Saul.",
      "year" : 2000
    }, {
      "title" : "Gemsec: Graph embedding with self clustering",
      "author" : [ "B. Rozemberczki", "R. Davies", "R. Sarkar", "C. Sutton" ],
      "venue" : "In Proceedings of the 2019 IEEE/ACM International Conference on Advances in Social Networks Analysis and Mining",
      "citeRegEx" : "Rozemberczki et al\\.,? \\Q2019\\E",
      "shortCiteRegEx" : "Rozemberczki et al\\.",
      "year" : 2019
    }, {
      "title" : "Simultaneous iteration method for symmetric matrices. In Handbook for Automatic Computation, pages 284–302",
      "author" : [ "H. Rutishauser" ],
      "venue" : null,
      "citeRegEx" : "Rutishauser.,? \\Q1971\\E",
      "shortCiteRegEx" : "Rutishauser.",
      "year" : 1971
    }, {
      "title" : "Optimal unsupervised learning in a single-layer linear feedforward neural network",
      "author" : [ "T.D. Sanger" ],
      "venue" : "Neural Networks,",
      "citeRegEx" : "Sanger.,? \\Q1989\\E",
      "shortCiteRegEx" : "Sanger.",
      "year" : 1989
    }, {
      "title" : "Improved approximation algorithms for large matrices via random projections",
      "author" : [ "T. Sarlos" ],
      "venue" : "47th Annual IEEE Symposium on Foundations of Computer Science",
      "citeRegEx" : "Sarlos.,? \\Q2006\\E",
      "shortCiteRegEx" : "Sarlos.",
      "year" : 2006
    }, {
      "title" : "Stochastic approximation on Riemannian manifolds",
      "author" : [ "S.M. Shah" ],
      "venue" : "Applied Mathematics & Optimization,",
      "citeRegEx" : "Shah.,? \\Q2019\\E",
      "shortCiteRegEx" : "Shah.",
      "year" : 2019
    }, {
      "title" : "A stochastic PCA and SVD algorithm with an exponential convergence rate",
      "author" : [ "O. Shamir" ],
      "venue" : "In Proceedings of the International Conference on Machine Learning,",
      "citeRegEx" : "Shamir.,? \\Q2015\\E",
      "shortCiteRegEx" : "Shamir.",
      "year" : 2015
    }, {
      "title" : "Exponentially convergent stochastic k-PCA without variance reduction",
      "author" : [ "C. Tang" ],
      "venue" : "In Advances in Neural Information Processing Systems,",
      "citeRegEx" : "Tang.,? \\Q2019\\E",
      "shortCiteRegEx" : "Tang.",
      "year" : 2019
    }, {
      "title" : "A global geometric framework for nonlinear dimensionality reduction",
      "author" : [ "J.B. Tenenbaum", "V. De Silva", "J.C. Langford" ],
      "venue" : null,
      "citeRegEx" : "Tenenbaum et al\\.,? \\Q2000\\E",
      "shortCiteRegEx" : "Tenenbaum et al\\.",
      "year" : 2000
    }, {
      "title" : "A tutorial on spectral clustering",
      "author" : [ "U. Von Luxburg" ],
      "venue" : "Statistics and Computing,",
      "citeRegEx" : "Luxburg.,? \\Q2007\\E",
      "shortCiteRegEx" : "Luxburg.",
      "year" : 2007
    }, {
      "title" : "On cone of nonsymmetric positive semidefinite matrices",
      "author" : [ "Y. Wang", "N. Xiu", "J. Han" ],
      "venue" : "Linear Algebra and its Applications,",
      "citeRegEx" : "Wang et al\\.,? \\Q2010\\E",
      "shortCiteRegEx" : "Wang et al\\.",
      "year" : 2010
    }, {
      "title" : "Constructing Lyapunov functions is typically a tedious, unpredictable process",
      "author" : [ "Durmus" ],
      "venue" : null,
      "citeRegEx" : "Durmus,? \\Q2020\\E",
      "shortCiteRegEx" : "Durmus",
      "year" : 2020
    }, {
      "title" : "The set of (non)symmetric, positive semidefinite matrices (A is p.s.d. iff y>Ay ≥ 0 ∀ y) forms a closed convex cone, the interior of which contains positive definite matrices",
      "author" : [ ],
      "venue" : null,
      "citeRegEx" : "−,? \\Q2010\\E",
      "shortCiteRegEx" : "−",
      "year" : 2010
    }, {
      "title" : "In that case, utilities are constructed from entries in the matrix",
      "author" : [ "i by Gemp" ],
      "venue" : null,
      "citeRegEx" : "Gemp,? \\Q2021\\E",
      "shortCiteRegEx" : "Gemp",
      "year" : 2021
    } ],
    "referenceMentions" : [ {
      "referenceID" : 7,
      "context" : "Dimensionality reduction to extract the most informative features is an important step in the data processing pipeline which enables faster learning of classifiers and regressors (Dhillon et al., 2013), clustering (Kannan and Vempala, 2009), and interpretable visualizations.",
      "startOffset" : 179,
      "endOffset" : 201
    }, {
      "referenceID" : 21,
      "context" : "Many dimensionality reduction and clustering techniques rely on eigendecomposition at their core including principal component analysis (Jolliffe, 2002), locally linear embedding (Roweis and Saul, 2000), multidimensional scaling (Mead, 1992), Isomap (Tenenbaum et al.",
      "startOffset" : 136,
      "endOffset" : 152
    }, {
      "referenceID" : 31,
      "context" : "Many dimensionality reduction and clustering techniques rely on eigendecomposition at their core including principal component analysis (Jolliffe, 2002), locally linear embedding (Roweis and Saul, 2000), multidimensional scaling (Mead, 1992), Isomap (Tenenbaum et al.",
      "startOffset" : 179,
      "endOffset" : 202
    }, {
      "referenceID" : 26,
      "context" : "Many dimensionality reduction and clustering techniques rely on eigendecomposition at their core including principal component analysis (Jolliffe, 2002), locally linear embedding (Roweis and Saul, 2000), multidimensional scaling (Mead, 1992), Isomap (Tenenbaum et al.",
      "startOffset" : 229,
      "endOffset" : 241
    }, {
      "referenceID" : 39,
      "context" : "Many dimensionality reduction and clustering techniques rely on eigendecomposition at their core including principal component analysis (Jolliffe, 2002), locally linear embedding (Roweis and Saul, 2000), multidimensional scaling (Mead, 1992), Isomap (Tenenbaum et al., 2000), and graph spectral clustering (Von Luxburg, 2007).",
      "startOffset" : 250,
      "endOffset" : 274
    }, {
      "referenceID" : 13,
      "context" : "Recently, EigenGame (Gemp et al., 2021) was introduced with the novel perspective of viewing the set of eigenvectors as the Nash strategy of a suitably defined game.",
      "startOffset" : 20,
      "endOffset" : 39
    }, {
      "referenceID" : 13,
      "context" : "Figure 1: (a) Comparing α-EigenGame (Gemp et al., 2021) and μ-EigenGame (this work) over 1000 trials with a batch size of 1.",
      "startOffset" : 36,
      "endOffset" : 55
    }, {
      "referenceID" : 37,
      "context" : "However, the time, O(min{nd(2), n(2)d}), and space, O(nd), complexity of SVD prohibit its use for larger datasets (Shamir, 2015) including when X is a random variable.",
      "startOffset" : 114,
      "endOffset" : 128
    }, {
      "referenceID" : 29,
      "context" : "Stochastic algorithms such as Oja’s algorithm (Oja, 1982; Allen-Zhu and Li, 2017) perform power",
      "startOffset" : 46,
      "endOffset" : 81
    }, {
      "referenceID" : 2,
      "context" : "Stochastic algorithms such as Oja’s algorithm (Oja, 1982; Allen-Zhu and Li, 2017) perform power",
      "startOffset" : 46,
      "endOffset" : 81
    }, {
      "referenceID" : 33,
      "context" : "iteration (Rutishauser, 1971) to iteratively improve an approximation, maintaining orthogonality of the eigenvectors typically through repeated QR decompositions.",
      "startOffset" : 10,
      "endOffset" : 29
    }, {
      "referenceID" : 17,
      "context" : "Alternatively, randomized algorithms (Halko et al., 2011; Sarlos, 2006; Cohen et al., 2017) first compute a random projection of the data onto a (k + p)-subspace approximately containing the top-k subspace.",
      "startOffset" : 37,
      "endOffset" : 91
    }, {
      "referenceID" : 35,
      "context" : "Alternatively, randomized algorithms (Halko et al., 2011; Sarlos, 2006; Cohen et al., 2017) first compute a random projection of the data onto a (k + p)-subspace approximately containing the top-k subspace.",
      "startOffset" : 37,
      "endOffset" : 91
    }, {
      "referenceID" : 6,
      "context" : "Alternatively, randomized algorithms (Halko et al., 2011; Sarlos, 2006; Cohen et al., 2017) first compute a random projection of the data onto a (k + p)-subspace approximately containing the top-k subspace.",
      "startOffset" : 37,
      "endOffset" : 91
    }, {
      "referenceID" : 28,
      "context" : "This is done using techniques similar to Krylov subspace iteration methods (Musco and Musco, 2015).",
      "startOffset" : 75,
      "endOffset" : 98
    }, {
      "referenceID" : 10,
      "context" : "Sketching algorithms (Feldman et al., 2020) such as Frequent Directions (Ghashami et al.",
      "startOffset" : 21,
      "endOffset" : 43
    }, {
      "referenceID" : 14,
      "context" : ", 2020) such as Frequent Directions (Ghashami et al., 2016) also target learning the top-k subspace by maintaining an overcomplete sketch matrix of size (k + p)× d and maintaining a span of the top subspace with repeated calls to SVD.",
      "startOffset" : 36,
      "endOffset" : 59
    }, {
      "referenceID" : 16,
      "context" : "Although the SVD scales linearly in n, some datasets are too large to fit in memory; in this case, an out-of-memory SVD may suffice (Haidar et al., 2017).",
      "startOffset" : 132,
      "endOffset" : 153
    }, {
      "referenceID" : 25,
      "context" : "2: v̂i ← v̂ i for all i 3: for t = 1 : T do 4: parfor i = 1 : k do 5: rewards← 1 n′X > t Xtv̂i 6: penalties ← 1 n′ ∑ j<i〈Xtv̂i, Xtv̂j〉v̂j 7: ∇̃μi ← rewards− penalties 8: ∇̃ i ← ∇̃ μ i − 〈∇̃ μ i , v̂i〉v̂i 9: v̂′ i ← v̂i + ηt∇̃ μ,R i 10: v̂i ← v̂ ′ i ||v̂′ i|| 11: end parfor 12: end for 13: return all v̂i A large literature on distributed approaches to PCA exists (Liang et al., 2014; Garber et al., 2017; Fan et al., 2019).",
      "startOffset" : 364,
      "endOffset" : 423
    }, {
      "referenceID" : 12,
      "context" : "2: v̂i ← v̂ i for all i 3: for t = 1 : T do 4: parfor i = 1 : k do 5: rewards← 1 n′X > t Xtv̂i 6: penalties ← 1 n′ ∑ j<i〈Xtv̂i, Xtv̂j〉v̂j 7: ∇̃μi ← rewards− penalties 8: ∇̃ i ← ∇̃ μ i − 〈∇̃ μ i , v̂i〉v̂i 9: v̂′ i ← v̂i + ηt∇̃ μ,R i 10: v̂i ← v̂ ′ i ||v̂′ i|| 11: end parfor 12: end for 13: return all v̂i A large literature on distributed approaches to PCA exists (Liang et al., 2014; Garber et al., 2017; Fan et al., 2019).",
      "startOffset" : 364,
      "endOffset" : 423
    }, {
      "referenceID" : 9,
      "context" : "2: v̂i ← v̂ i for all i 3: for t = 1 : T do 4: parfor i = 1 : k do 5: rewards← 1 n′X > t Xtv̂i 6: penalties ← 1 n′ ∑ j<i〈Xtv̂i, Xtv̂j〉v̂j 7: ∇̃μi ← rewards− penalties 8: ∇̃ i ← ∇̃ μ i − 〈∇̃ μ i , v̂i〉v̂i 9: v̂′ i ← v̂i + ηt∇̃ μ,R i 10: v̂i ← v̂ ′ i ||v̂′ i|| 11: end parfor 12: end for 13: return all v̂i A large literature on distributed approaches to PCA exists (Liang et al., 2014; Garber et al., 2017; Fan et al., 2019).",
      "startOffset" : 364,
      "endOffset" : 423
    }, {
      "referenceID" : 13,
      "context" : "The α-EigenGame formulation (Gemp et al., 2021) considers an extreme form of model parallelism (Figure 2a) where each device has its own unique set of eigenvectors.",
      "startOffset" : 28,
      "endOffset" : 47
    }, {
      "referenceID" : 8,
      "context" : "We leave finite-sample convergence to future work (Durmus et al., 2020).",
      "startOffset" : 50,
      "endOffset" : 71
    }, {
      "referenceID" : 38,
      "context" : "We also measure how well the set of v̂i captures the top-k subspace with a normalized subspace distance: 1− 1/k · Tr(U∗P ) ∈ [0, 1] where U∗ = V V † and P = V̂ V̂ † (Tang, 2019).",
      "startOffset" : 165,
      "endOffset" : 177
    }, {
      "referenceID" : 34,
      "context" : "We compare μ-EigenGame against α-EigenGame, GHA (Sanger, 1989), Matrix Krasulina (Tang, 2019), and Oja’s algorithm (Allen-Zhu and Li, 2017) on the MNIST dataset.",
      "startOffset" : 48,
      "endOffset" : 62
    }, {
      "referenceID" : 38,
      "context" : "We compare μ-EigenGame against α-EigenGame, GHA (Sanger, 1989), Matrix Krasulina (Tang, 2019), and Oja’s algorithm (Allen-Zhu and Li, 2017) on the MNIST dataset.",
      "startOffset" : 81,
      "endOffset" : 93
    }, {
      "referenceID" : 2,
      "context" : "We compare μ-EigenGame against α-EigenGame, GHA (Sanger, 1989), Matrix Krasulina (Tang, 2019), and Oja’s algorithm (Allen-Zhu and Li, 2017) on the MNIST dataset.",
      "startOffset" : 115,
      "endOffset" : 139
    }, {
      "referenceID" : 24,
      "context" : "We conducted an experiment on learning the eigenvectors of the graph Laplacian of a social network graph (Leskovec and McAuley, 2012) for the purpose of spectral clustering.",
      "startOffset" : 105,
      "endOffset" : 133
    }, {
      "referenceID" : 5,
      "context" : "The eigenvalues of the graph Laplacian reveal several interesting properties as well such as the number of connected components, an approximation to the sparsest cut, and the diameter of a connected graph (Chung et al., 1994).",
      "startOffset" : 205,
      "endOffset" : 225
    }, {
      "referenceID" : 20,
      "context" : "Given a graph with a set of nodes V and set of edges E , the graph Laplacian can be written as L = X>X where each row of the incidence matrix X ∈ R|E|×|V| represents a distinct edge; Xe=(i,j)∈E is a vector containing only 2 nonzero entries, a 1 at index i and a −1 at index j (Horaud, 2009).",
      "startOffset" : 276,
      "endOffset" : 290
    }, {
      "referenceID" : 30,
      "context" : "By projecting this graph onto the bottom 8 eigenvectors of the graph Laplacian using μ-EG (M = 1, n′ = ηt = |E| 1000 ) and then running k-means clustering (Pedregosa et al., 2011), we are able to recover the ground truth clusters (see Figure 5a) with 99.",
      "startOffset" : 155,
      "endOffset" : 179
    }, {
      "referenceID" : 34,
      "context" : "2 BRIDGING HEBBIAN AND OPTIMIZATION APPROACHES The Generalized Hebbian Algorithm (GHA) (Sanger, 1989; Gang et al., 2019; Chen et al., 2019) update direction for v̂i with inexact parents v̂j is similar to μ-EigenGame: ∆ i = Cv̂i − ∑",
      "startOffset" : 87,
      "endOffset" : 139
    }, {
      "referenceID" : 11,
      "context" : "2 BRIDGING HEBBIAN AND OPTIMIZATION APPROACHES The Generalized Hebbian Algorithm (GHA) (Sanger, 1989; Gang et al., 2019; Chen et al., 2019) update direction for v̂i with inexact parents v̂j is similar to μ-EigenGame: ∆ i = Cv̂i − ∑",
      "startOffset" : 87,
      "endOffset" : 139
    }, {
      "referenceID" : 4,
      "context" : "2 BRIDGING HEBBIAN AND OPTIMIZATION APPROACHES The Generalized Hebbian Algorithm (GHA) (Sanger, 1989; Gang et al., 2019; Chen et al., 2019) update direction for v̂i with inexact parents v̂j is similar to μ-EigenGame: ∆ i = Cv̂i − ∑",
      "startOffset" : 87,
      "endOffset" : 139
    }, {
      "referenceID" : 22,
      "context" : "μ-EigenGame’s improved robustness to smaller minibatches makes it more amenable to being used as part of deep learning, optimization (Krummenacher et al., 2016), and regularization (Miyato et al.",
      "startOffset" : 133,
      "endOffset" : 160
    }, {
      "referenceID" : 27,
      "context" : ", 2016), and regularization (Miyato et al., 2018) techniques which leverage spectral information of gradient covariances or Hessians.",
      "startOffset" : 28,
      "endOffset" : 49
    }, {
      "referenceID" : 18,
      "context" : "Graph spectral methods have also recently shown to be related to state-of-the-art representation learning algorithms (HaoChen et al., 2021) further cementing the importance of efficient SVD algorithms in modern machine learning.",
      "startOffset" : 117,
      "endOffset" : 139
    } ],
    "year" : 2022,
    "abstractText" : "We build on the recently proposed EigenGame that views eigendecomposition as a competitive game. EigenGame’s updates are biased if computed using minibatches of data, which hinders convergence and more sophisticated parallelism in the stochastic setting. In this work, we propose an unbiased stochastic update that is asymptotically equivalent to EigenGame, enjoys greater parallelism allowing computation on datasets of larger sample sizes, and outperforms EigenGame in experiments. We present applications to finding the principal components of massive datasets and performing spectral clustering of graphs. We analyze and discuss our proposed update in the context of EigenGame and the shift in perspective from optimization to games.",
    "creator" : "LaTeX with hyperref"
  }
}