{
  "name" : "ICLR2022-_Wzj0J2xs2D.pdf",
  "metadata" : {
    "source" : "CRF",
    "title" : "CURVATURE-GUIDED DYNAMIC SCALE NETWORKS FOR MULTI-VIEW STEREO",
    "authors" : [ "Khang Truong Gianga", "Soohwan Songb", "Sungho Joa" ],
    "emails" : [ "khangtg@kaist.ac.kr,", "shjo@kaist.ac.kr,", "soohwansong@etri.re.kr" ],
    "sections" : [ {
      "heading" : "1 INTRODUCTION",
      "text" : "A challenging problem in multi-view stereo (MVS) is accurately estimating dense correspondences across a collection of high-resolution images. Many MVS studies have tried to solve ill-posed MVS problems such as matching ambiguity and high computational complexity. In such problems, learning-based MVS methods (Chen et al., 2019; Luo et al., 2019; Chen et al., 2020a; Xu & Tao, 2020a; Xue et al., 2019) usually outperform traditional methods (Galliani et al., 2015; Schonberger & Frahm, 2016). The learning-based methods are generally composed of three steps, including feature extraction, cost volume formulation, and cost volume regularization. Most studies made an effort to improve the performance of cost formulation (Luo et al., 2019; Zhang et al., 2020; Xu & Tao, 2020c; Yi et al., 2020) or cost regularization (Luo et al., 2019; 2020; Wang et al., 2021). The visibility information (Zhang et al., 2020; Xu & Tao, 2020c) or attention techniques (Yi et al., 2020; Luo et al., 2020) are considered for cost aggregation and feature matching, respectively. Furthermore, some studies employed a hybrid 3D UNet structure (Luo et al., 2019; Sormann et al., 2020) for cost volume regularization. While these approaches significantly improve MVS performances, their feature extraction networks have some drawbacks that degrade the quality of 3D reconstruction. First, they observed a restricted size of receptive fields from the fixed size of convolutional kernels. This leads to difficulty in learning a robust pixel-level representation when an object’s scale varies extremely in images. As a result, the extracted features cause the low quality of matching costs, especially when the difference of camera poses between reference and source images is large. Second, MVS networks are often trained on low-resolution images because of limited memory and restricted computation time. Therefore, the existing feature extraction methods utilizing fixed-scale feature representation on deep networks could not generalize to high-resolution images in prediction; the MVS performance is downgraded on a high-resolution image set.\nTo address these issues, we propose a new feature extraction network that can be adapted to various object scales and image resolutions. We refer the proposed network as curvature-guided dynamic\nscale feature network (CDSFNet). The proposed network is composed of novel convolution layers, curvature-guided dynamic scale convolution (CDSConv), which select a suitable patch scale for each pixel to learn robust representation. This selection is achieved by computing the normal curvature of the image surface at several candidate scales and then analyzing the computed outputs via a classification network. The pixel-level patch scales estimated from the proposed network are dynamic with respect to textures, scale of objects, and epipolar geometry. Therefore, it trains more discriminative features than existing networks (Gu et al., 2020; Cheng et al., 2020; Yang et al., 2020; Zhang et al., 2020; Luo et al., 2020) for accurate matching cost computation. Fig. 1a illustrates the dynamic pixel-level patch scales estimated from CDSConv where the window size is ranged from 7×7 to 17×17. As shown in the figure, CDSConv predicts the adaptive patch scales where the scale is small in thin structure or texture-rich regions and large in the texture-less regions. Moreover, the scale is dynamic according to image resolution. CDSConv generally produces small scale values in a low-resolution image and large scale values in a high-resolution image.\nWe also formulate a new MVS framework, CDS-MVSNet, which aims at improving the quality of MVS reconstruction while decreasing computation time and memory consumption. Similar to previous works (Gu et al., 2020; Cheng et al., 2020; Yang et al., 2020; Wang et al., 2021), CDS-MVSNet is composed of a cascade network structure to estimate high-resolution depth maps in a coarse-tofine manner. For each cascade stage, it formulates a 3D cost volume based on the output features of CDSFNet, which reduces the matching ambiguity by using proper pixel’s scale. For instance, consider a 3D point on the scene that needs to be reconstructed, CDSFNet can capture the same context information in both reference and source views for this point to extract the matchable features. Furthermore, CDS-MVSNet applies visibility-based cost aggregation to improve the performance of stereo matching. The pixel-wise visibility is estimated from the curvature information that encodes the matching ability of extracted features implicitly. Therefore, CDS-MVSNet performs accurate stereo matching and cost aggregation even on low-resolution images. Finally, the proposed network can generate high quality 3D models only by processing half-resolution images. This approach can significantly reduce the computation time and memory consumption of MVS reconstruction.\nThe contribution of this paper is summarized as follows:\n• We present the CDSConv that learns dynamic scale features guided by the normal curvature of image surface. This operation is implemented by approximating surface normal curvatures in several candidate scales and choosing a proper scale via a classification network.\n• We propose a new feature extraction network, CDSFNet, which is composed of multiple CDSConv layers for learning robust representation at pixel level. CDFSNet estimates the optimal pixel’s scale to learn features. The scale is selected adaptively with respect to structures, textures, and epipolar constraints.\n• We present CDS-MVSNet for MVS depth estimation. CDS-MVSNet performs accurate stereo matching and cost aggregation by handling the ambiguity and visibility in the image matching process. It also significantly reduces the run-time and memory consumption by processing the half-resolution images while maintaining the reconstruction quality.\n• We verify the effectiveness of our method on two benchmark datasets; DTU (Aanæs et al., 2016) and Tanks & Temples (Knapitsch et al., 2017). The results demonstrate that the proposed feature learning method boosts the performance of MVS reconstruction."
    }, {
      "heading" : "2 RELATED WORK",
      "text" : "Multi-view Stereo. Traditional MVS studies can be divided into three categories: volumetric, point cloud-based, and depth map-based methods (Furukawa & Hernández, 2015). Comparatively, depth map-based methods are more concise and flexible, they estimate depth maps for all reference images and then perform depth fusion to achieving a 3D model (Galliani et al., 2015; Schönberger et al., 2016; Xu & Tao, 2019). The popular MVS methods in this category are usually based on PatchMatch Stereo algorithm (Barnes et al., 2009). Recently, many studies have applied a learning-based approach, which has achieved significant performance improvements over traditional methods. Several volumetric methods (Kar et al., 2017; Ji et al., 2017) employed 3D CNNs to explicitly predict global 3D surfaces. Yao et al. (2018) proposed a depth-map-based method, MVSNet, which is an end-to-end trainable architecture with three steps. However, these methods still confronted the matching ambiguity problem and could not process high-resolution images due to limited memory. Many methods based on the three-step architecture of MVSNet are proposed to address these issues. Several studies (Gu et al., 2020; Cheng et al., 2020; Yang et al., 2020; Wang et al., 2021; Zhang et al., 2020) applied a coarse-to-fine framework which estimates the depths through multiple stages to reduce the computational complexity. They used the estimated depth of each stage to adjust the depth hypothesis range for cost formulation in the next stage. To enhance the matching cost volume, other methods introduced a novel strategy for cost volume formulation. Luo et al. (2019) proposed a patch-wise feature matching instead of pixel-wise matching to compute the cost. Yi et al. (2020) and Luo et al. (2020) applied an attention technique to improve feature matching. Zhang et al. (2020); Xu & Tao (2020c) estimated visibility information to score the view weights for cost aggregation.\nAll these methods (Gu et al., 2020; Cheng et al., 2020; Yang et al., 2020; Wang et al., 2021; Zhang et al., 2020; Luo et al., 2020; Yu & Gao, 2020) had a trade-off between computation and performance; the methods with high performance usually require expensive computations. Also, they only applied standard CNNs with static scale representation for feature extraction. In this work, we aim to learn dynamic scale representation for more accurate feature matching. We also estimate pixel-wise visibility information to remove noises and wrong matching pixels in cost aggregation. These goals are achieved by analyzing the normal curvature of the image surface.\nRecently, Xu et al. (2020) proposed an MVS method that considers the normal curvature information for feature extraction. This method handles ambiguity in the patch-match stereo method (Barnes et al., 2009). It selects a patch scale for each pixel by thresholding the normal curvatures computed in several candidate scales. Although the method effectively improves the quality of patch matching, the use of its handcrafted features limits the overall MVS performance. In contrast, our method does not require extracting handcrafted features and determining the threshold for scale selection. Furthermore, CDSConv operates not only on the color information of images but also on the high dimensional features. Multiple CDSConv operations can be stacked to form a very deep architecture for robust feature extraction in MVS.\nMulti-scale features. Due to large-scale variations of objects and textures in complex scenes, multiscale representations are adapted for accurate and effective dense pixel-level prediction in many computer vision tasks. For the MVS task, Feature Pyramid Network (FPN) (Lin et al., 2017; Gu et al., 2020; Cheng et al., 2020; Zhang et al., 2020; Luo et al., 2020) is a common approach for multi-scale feature extraction. It is designed as the UNet-liked architecture (Ronneberger et al., 2015) to fuse features from different scales into a single one. However, the multi-scale of FPN is achieved at an image level through down-upsampling operations. It cannot capture the large-scale variation of objects at a pixel level. Several studies in image segmentation can learn pixel-level multi-scale features by using multiple kernels with different sizes (He et al., 2019; Liu et al., 2016; Chen et al., 2017; Zhao et al., 2017). However, these methods prefer a large receptive field for segmentation tasks and usually ignore the details of objects essential for MVS tasks. In contrast to the aforementioned methods (Gu et al., 2020; Cheng et al., 2020; Zhang et al., 2020; Luo et al., 2020; He et al., 2019), our proposed CDSConv can select an optimal scale for each pixel to produce a robust representation and enhance the matching uncertainty. Moreover, our feature extraction CDSFNet can cover denser scales by utilizing the power of a deep CNN.\nDynamic filtering. Instead of observing static receptive fields, several studies modified standard convolution to choose the adaptive receptive field for each pixel (Wu et al., 2018; Jia et al., 2016; Han et al., 2018). SAC (Zhang et al., 2017) was proposed to modify the fixed-size receptive field\nby learning position-adaptive scale coefficients. Deformable ConvNets (Dai et al., 2017; Zhu et al., 2019) learned offsets for each pixel in a regular sampling grid of standard convolution to enlarge the sampling field with an arbitrary form that can discover geometric-invariant features. Recently, Chen et al. (2020b) proposed a dynamic convolution composed of multiple kernels with the same size to increase model complexity without increasing the network depth or width. All these existing works learn dynamic filters directly from the input images. They are suitable for segmentation or recognition tasks. For MVS task, they ignore the epipolar constraint between reference and source images. In contrast, our dynamic filtering is guided by normal curvature computed in the direction of epipolar line, which can measure the matching capacity between reference and source image patches. To the best of our knowledge, this is the first work that introduces dynamic filters to MVS."
    }, {
      "heading" : "3 PROPOSED FEATURE EXTRACTION NETWORK",
      "text" : ""
    }, {
      "heading" : "3.1 NORMAL CURVATURE",
      "text" : "Normal curvature is used to estimate how much a surface is curved at a specific point along a particular direction (Do Carmo, 2016). Let p(X,σ) be a patch centered at pixel X and having a scale σ which is proportional to the window size. L(X, Isrc) is denoted as the epipolar line on the reference image Iref , which passes through X and is related to a source image Isrc. To reduce the matching ambiguity between p in Iref and the correct patch p′ in Isrc, a proper scale σ should be chosen when the corresponding patch p(X,σ) is less linearly correlated to its surrounding patches along the epipolar line L. From the scale space theory (Lindeberg, 1994), the patch p(X,σ) can be considered as a point on the image surface represented at the scale σ. Therefore, the scale σ is optimal for stereo matching if the image surface represented in that scale is curved significantly at the point X along the epipolar line direction (Xu et al., 2020). This requires to compute the normal curvature for the patch p(X,σ) along the direction ω = [u, v]T of the epipolar line L. The formula can be expressed in terms of the values of the first and second fundamental forms of the image surface:\ncurvσ(X,ω) = FMII FMI\n= 1√\n1 + I2x + I 2 y\nω [ Ixx Ixy Ixy Iyy ] ωT\nω [ 1 + I2x IxIy IxIy 1 + I 2 y ] ωT , (1)\nwhere Ix, Iy, Ixx, Ixy, Iyy are the first-order and second-order derivatives of the image I along the x-axis and y-axis, respectively."
    }, {
      "heading" : "3.2 CURVATURE-GUIDED DYNAMIC SCALE CONVOLUTION",
      "text" : "This section describes the novel convolutional module CDSConv to extract dynamic scale features. Given a set of K convolutional kernels with different size {C1, C2, . . . , CK} corresponding to K candidate scales {σ1, σ2, . . . , σK}, CDSConv aims to select a proper scale for each pixel X . Hence, it can produce a robust output feature Fout from the input Fin based on the selected scale. Fig. 1b shows our overall pipeline of CDSConv including two steps. First, CDSConv estimates approximately normal curvatures at K candidate scales. Second, it performs a scale selection step to output the optimal scale from K estimated curvatures. This selection is implemented by a classification network composed of two convolutional blocks and a Softmax activation for the output.\nLearnable normal curvature. The formula of normal curvature of a patch centered at X along the direction of epipolar line ω = [u, v]T in Eq. 1 can be re-written as follows\ncurvσ(X,ω) = u2Ixx(X,σ) + 2uvIxy(X,σ) + v 2Iyy(X,σ)√ 1 + I2x(X,σ) + I 2 y (X,σ) ( 1 + (uIx(X,σ) + vIy(X,σ)) 2 ) (2)\nwhere I(X,σ) = I(X) ∗ G(X,σ) is the image intensity of pixel X in the image scale σ; it is determined by convolving I with a Gaussian kernel G(X,σ) with the window size/scale σ (Lindeberg, 1994). The derivatives Ix, Iy , Ixx, Ixy , and Iyy can be computed by convolution between the original image I and the derivatives of Gaussian kernel G(X,σ)\n∂i+j\n∂xi∂yj I(X,σ) = I(X) ∗ ∂\ni+j\n∂xi∂yj G(X,σ) (3)\nwhere ∗ is the convolution operator. There are two main drawbacks when embedding the normal curvature in Eq. 2 into a deep neural network. First, the computation is heavy because of five convolution operations for computing the derivatives Ix, Iy , Ixx, Ixy , and Iyy . Second, using Eq. 2 to compute curvature is infeasible when the pixel X is a latent feature F in(X) instead of the image intensity I(X). For these reasons, we derive an approximate form of the normal curvature, which reduces the computational cost and can handle the high-dimensional feature input.\nTo address the heavy computation issue, we notice that the curvature curvσ and derivatives Ixiyj are proportional to Gaussian kernel G, following Eq. 2 and Eq. 3. Moreover, we use a classification network to select the patch scale automatically from the curvature inputs. Therefore, we can perform normalization for the curvatures by rescaling the kernel G. We restrict the gaussian kernel in a small range, i.e., G(X,σ) ≪ 1. As a result, the derivatives Ix, Iy , Ixx, Ixy , and Iyy are also much smaller than 1. We can approximate the denominator in Eq. 2 by 1. Eq. 2 can be re-defined as\ncurvσ(X,ω) ≈ u2Ixx(X,σ) + 2uvIxy(X,σ) + v2Iyy(X,σ) (4)\nwhere curvσ(X,ω), Ixx, Ixy and Iyy is much smaller than 1, which implies that their values should be restricted in a small range. The computation in Eq. 4 is reduced by haft compared to Eq. 2.\nTo make Eq. 4 work with the high-dimensional image feature F in(X,σ), we propose to use learnable kernels instead of using fixed derivatives of Gaussian kernel. In particular, for each scale σ, we introduce three learnable convolution kernels Kxxσ , K xy σ , K yy σ to replace Gxx, Gxy , and Gyy respectively. These kernels adapt to the input features to approximately compute the second-order derivatives of the image surface. They are trained implicitly by backpropagation when training the end-to-end networks. Weights of these kernels need to be restricted to a small value K(.)σ ≪ 1 because of the assumption about the Gaussian kernel. We enforce this constraint by adding a regularization term to the loss in Section 4.2.\nIn summary, we propose learnable normal curvature having the formula as follows (written in the matrix form)\ncurvσ(X,ω) = ω [ F in ∗Kxxσ F in ∗Kxyσ F in ∗Kxyσ F in ∗Kyyσ ] ωT (5)\nwhere K(.)σ s are the learnable kernels and ∥K(.)σ ∥ → 0, F in is the input feature. Scale selection. After obtaining K normal curvatures {curvσ1 , curvσ2 , . . . , curvσK} in K candidate scales, this step selects a proper scale σ(.) for each pixel X and then outputs the feature F out(X) from the corresponding convolution kernel C(.). The proper scale is selected by analyzing the curvatures estimated in K candidate scales. It is observed that a small scale cannot capture enough context information to learn discriminative feature, especially in low-textured regions. Meanwhile, a large scale smooths local structure in rich texture regions. MARMVS (Xu et al., 2020) chose the proper scale by searching the normal curvature with a threshold T = 0.01. However, using of fixed threshold T prevents generalization on various scenes and structures. Instead, we propose a classification strategy that automatically selects the proper scale from K curvature inputs. This is achieved by using a lightweight CNN with two convolutional blocks. For each pixel X , the CNN outputs one-hot vector [w1, w2, . . . , wK ] for scale selection by applying a Softmax with small temperature parameter, which is a differentiable approximation to argmax operator (Jang et al., 2017).\nFinally, the feature output F out is produced from the feature input F in with K candidate kernels {C1, C2, . . . , CK} by using weighted sum\nF out = w1(F in ∗ C1) + w2(F in ∗ C2) + ...+ wK(F in ∗ CK) (6)\nwhere ∗ is the convolution operator. Also, we can extract the normal curvature corresponding to the selected scale by\nNCest = w1curvσ1 + w2curvσ2 + ...+ wKcurvσK (7)"
    }, {
      "heading" : "3.3 CURVATURE-GUIDED DYNAMIC SCALE FEATURE NETWORK",
      "text" : "This section introduces the Curvature-guided dynamic scale feature network, CDSFNet, which is used as feature extraction step for our MVS framework. CDSFNet is composed of multiple CDSConv layers instead of standard convolution layers. By expanding the searching scale-space,\nCDSFNet can select the optimal scale for each pixel to learn robust representation that reduces matching ambiguity.\nArchitecture. CDSFNet is an Unet-liked architecture (Ronneberger et al., 2015). It is organized into three levels of spatial resolution l ∈ {0, 1, 2} to adapt the coarse-to-fine MVS framework. Given the inputs including image I and its estimated epipole e, the network outputs three features for three levels {F (0), F (1), F (2)} and three estimated normal curvatures {NCest,(0), NCest,(1), NCest,(2)}. Understanding CDSFNet. The main goal of CDSFNet is to select pixel-level scale for robust feature extraction. The scale changes dynamically, depending on the detail of image objects and the epipolar constraint, i.e. the relative camera pose between reference and source images. Therefore, our method is more appropriate for MVS than the other dynamic scale networks (He et al., 2019; Wu et al., 2018; Jia et al., 2016) proposed in image segmentation task.\nTo have a low computational complexity, the number of candidate scales in CDSConv layer should be small, we only use 2 or 3 candidates. However, the searching scale-space is expanded profoundly when multiple CDSConv layers are stacked in CDSFNet. Fig. 2 show the patch scale or window size for each pixel estimated roughly from the first two layers of CDSFNet. For each reference and source views, we draw the reference and source scale maps respectively. There are two main advantages of CDSFNet shown in Fig. 2. First, the estimated scales in rich texture, thin structure, and near-edge regions are often small while those in untextured regions are large. Second, the scales are changed with respect to viewpoints (Fig. 2a) and relative camera pose between reference and source views (Fig. 2b). In Fig. 2a, the closer viewpoint is, the larger scales are estimated. In Fig. 2b, the reference and source scale maps are similar when the difference of camera poses is not large. Otherwise, when the difference is large, the scale map of reference view is changed to adapt the source view, which was marked in the red circle. This is a superiority of CDSFNet because it estimates scale based on epipolar constraint between reference and source views."
    }, {
      "heading" : "4 CDS-MVSNET",
      "text" : "In this section, we describe the proposed MVS network referred to as CDS-MVSNet, which predicts a depth map Dref from the reference I0 and N source images {Ii}Ni=1. We adopted the cascade structure of CasMVSNet (Gu et al., 2020) as the baseline structure of CDS-MVSNet. The network is composed of multiple cascade stages to predict the depth maps in a coarse-to-fine manner. Each stage estimates a depth through three steps: feature extraction, cost volume formulation, cost volume regularization & depth regression.\nCDS-MVSNet formulates a 3D cost volume based on the output features of CDSFNet. The features of CDSFNet effectively reduce the matching ambiguity by considering the proper pixel scales. Due to the robustness of our feature extraction and cost formulation, CDS-MVSNet can produce more accurate depths in coarser stages compared to other cascade MVS methods (Gu et al., 2020; Cheng et al., 2020; Yang et al., 2020; Wang et al., 2021). There is even little difference in the accuracy of the depths estimated at half resolution and full resolution. Therefore, differently from CasMVSNet, CDS-MVSNet only computes the depths of half-resolution images using three-step MVS computation and then upsamples the depths to the original resolution in the final stage. The upsampled depths at the original resolution can be refined by a 2D CNN to obtain the final depths. This approach can drastically reduce the computation time and GPU memory requirements."
    }, {
      "heading" : "4.1 DETAILS OF ARCHITECTURE",
      "text" : "Robust Feature Extraction. Given the reference image I0 and N source images {I1, I2, . . . , IN}, CDSFNet extracts a robust feature pair (F0,i, Fi)i=1...N for each image pair (I0, Ii)i=1...N . Note that the feature of the reference image F0,i varies according to each source image i due to the guidance of epipolar geometry in normal curvature estimation. This is our superiority compared to the state-of-the-art MVS networks which learn an identical feature for the reference image.\nCost Volume Formulation. We first compute two-view matching costs and then aggregate them into a single cost. The two-view matching cost is computed per sampled depth hypothesis to form cost volume (Yao et al., 2018; Gu et al., 2020; Wang et al., 2021). Given a sampled depth hypothesis dj(j = 1. . .D) along with all camera parameters, we warp the feature maps of source image {Fi}Ni=1 into this depth plane. Let Fwi (dj) be the warped feature map of source image i at the depth hypothesis dj . The two-view matching cost Vi(dj) between the reference image I0 and source image Ii at the depth hypothesis dj is determined as Vi(dj) = ⟨F0,i, Fwi (dj)⟩, where ⟨., .⟩ is the pixel-wise inner product for measuring the similarity of two feature maps.\nNext, we perform cost aggregation over the computed two-view cost volumes. Inspired from visibility-awareness for cost aggregation (Zhang et al., 2020; Xu & Tao, 2020c), we employ pixelwise view weight prediction. However, instead of predicting directly from two-view cost volume (Zhang et al., 2020; Xu & Tao, 2020c; Yi et al., 2020), we additionally utilize the normal curvature maps, NCest, estimated by CDSFNet in Eq. 7. The normal curvature can implicitly provide information about level details of surface. For instance, a pixel with small normal curvature indicates that it belongs to a large untextured region. In this case, its feature is unmatchable and needs to be eliminated from cost aggregation to reduce noises for cost regularization step.\nIn summary, the estimated normal curvature encodes implicitly the matching ability of learned feature. Let NCesti be the estimated normal curvature of the reference view related to source view i, and Hi be the entropy computed from two-view matching cost volume Vi. We use a simple 2D CNN denoted as V is(.) to predict a view weight map Wi from two inputs NCesti and Hi. Finally, the aggregated cost V is computed by weighted mean.\nHi = − D∑\nj=1\nVi(dj) log Vi(dj), Wi = V is(NC est i , Hi), V (dj) = ∑N i=1 WiVi(dj)∑N\ni=1 Wi\nCost volume regularization & Depth regression. Following most recent learning-based MVS methods, a 3D CNN is applied to obtain a depth probability volume P from the aggregated matching cost volume V . The depth is then regressed from P by Dest = ∑D j=1 djP (dj)"
    }, {
      "heading" : "4.2 LOSS FUNCTION",
      "text" : "We propose a feature loss for training CDSFNet effectively. Given a ground truth depth Dgt of the reference image, we warp the feature of source images into this depth map and then compute the matching cost V (Dgt). We label this map as positive, hence defines its classification label as c = 1. To generate the matching costs with negative labels c = 0, we randomly sample Nd neighboring depths Dneg around the ground truth Dgt and then compute the matching costs V (Dneg) for these depths. Finally, binary cross entropy is used to define the feature loss. However, we need to add regularization terms to restrict the convolutional weights of CDSFNet, wCDSF , and estimated normal curvature NCest to a small range as mentioned in Section 3.2. Therefore, the final feature loss is defined as:\nLfeat = 1\nM ∑ X log ( sig(V (Dgt))(1− sig(V (Dneg(X))) ) + λ1∥wCDSF ∥2 + λ2 M ∥NCest∥2 (8)\nwhere sig(.) is the sigmoid function, M is total number of pixels X , λ1 = 0.01 and λ2 = 0.1 are the regularized hyperparameters.\nSimilar to most learning-based MVS methods (Yao et al., 2018; Gu et al., 2020), the depth loss Ldepth is defined by L1 loss between the predicted depth and the ground truth depth. Because our method includes 4 stages, there are four depth loss {L(l)depth}3l=0. Finally, the total loss Ltotal is defined as a sum of two mentioned losses Ltotal = 5Lfeat + ∑3 l=0 L (l) depth"
    }, {
      "heading" : "5 EXPERIMENTAL RESULTS",
      "text" : ""
    }, {
      "heading" : "5.1 DATASETS",
      "text" : "The datasets used in our evaluation are DTU (Aanæs et al., 2016), BlendedMVS (Yao et al., 2020), and Tanks & Temples (Knapitsch et al., 2017). Due to the simple camera trajectory of all scenes in DTU, we additionally utilize the BlendedMVS dataset with diverse camera trajectories for training. Tanks & Temples is provided as a set of video sequences in realistic environments. We train the model on the training sets of DTU and BlendedMVS, then evaluate the testing set of DTU and intermediate set of Tanks & Temples. Our source code is available at https://github.com/ TruongKhang/cds-mvsnet."
    }, {
      "heading" : "5.2 BENCHMARK PERFORMANCE",
      "text" : "Results for DTU dataset. We predict the depth at the highest resolution 1536× 1152. The performance of the proposed method was compared with state-of-the-art MVS methods, including conventional and learning-based methods, using the DTU dataset. However, we especially notice the learning-based methods including CasMVSNet, UCSNet, CVP-MVSNet, and Vis-MVSNet, which adopted the cascade structure for MVS depth estimation. Similar to us, these methods used the same 3D CNN cost regularization. Therefore, we can validate our feature extraction and cost formulation by comparing with them.\nTable 1 presents the quantitative results achieved by the methods on the DTU evaluation dataset. We calculated the three standard error metrics (Aanæs et al., 2016) given on the official site of DTU: accuracy, completeness, and overall error. Following the same setups with most of the baselines, we trained our model on the DTU training set and then used this model for evaluation. Moreover, we also provided the results which produced by training on both DTU and BlendedMVS simultaneously. In both cases, our method exhibited the best performance in terms of completeness and overall error. We also achieved good results for both accuracy and completeness, while the other methods often produced a large trade-off between these two metrics. For example, Gipuma had a high accuracy at 0.283 but it produced very low completeness, 0.873. In contrast, PatchMatchNet was with a high completeness (0.277) and very low accuracy (0.427). Moreover, our method outperformed all similar methods using the cascade structure. This indicates that our feature representation and cost aggregation guided by normal curvature can remarkably improve MVS depth prediction remarkably.\nTo validate the dynamic scale property of our CDSFNet, we measure depth precision on different image resolutions. Depth precision is the average percentage of depths with errors lower than a defined threshold (Gu et al., 2020). Here we computed precision with the thresholds of 2mm and 4mm. We compared to CasMVSNet, PatchMatchNet, UCSNet, and CVP-MVSNet, which applied the cascade structure to predict high-resolution depths. Note that all methods are trained on the datasets with image-resolution of 640 × 512. Table 2 presents the quantitative results for the depth estimated on five image resolutions. The baseline methods degraded the performance when the image-resolution was increased while our method could maintain a stable performance at any image resolution. The reason is that our feature extraction CDSFNet can utilize dynamic scales for learning features. The dynamic scale adapts to various image-resolutions and object scales in image.\nGeneralization on Tanks & Temples Dataset. To verify the generalization capability of our CDSMVSNet, we also provided two evaluations similar to the evaluation of DTU. First, we fine-tuned the pre-trained model on DTU by using BlendedMS dataset. Second, we used directly the model trained on both datasets for evaluation. The reconstructed point clouds were submitted to the benchmark website of Tanks & Temples (Knapitsch et al., 2017) to receive the F-score, which is a combination of precision and recall of the reconstructed 3D model. Table 3 lists the quantitative results of our method and other state-of-the-art methods. As shown in Table 3, our method achieved the best mean Fscores for both evaluations, 60.82 and 61.58, respectively. Our method outperformed both the state-of-the-art traditional methods such as ACMM, ACMP and the learning-based methods including AttMVS and Vis-MVSNet. The qualitative results of all scenes are shown in detail in the supplemental materials. Compared to CasMVSNet and UCSNet, which are most similar to our method except the feature extraction and cost formulation, we obtained better mean F-score with high margins. This demonstrates the effectiveness of our feature extraction CDSFNet and cost aggregation strategy on complex outdoor scenes.\nRun-time and Memory. This section evaluates the memory consumption and run-time compared to several state-of-the-art learning-based methods that achieve competing performance and employ the cascade structure similar to us: CasMVSNet, UCS-Net, CVP-MVSNet, and FastMVSNet. Fig. 3 shows the memory and run-time of all methods measured on DTU evaluation set with different image resolutions. We observe that the run-time and memory of all methods are more required when the image-resolution increases higher. However, we notice that the memory consumption of our method was dropped from the resolution of 80% while our run-time was slightly increased. This indicates that our method can release a significant amount of GPU memory by only sacrificing a small amount of run-time. Our method achieves significantly faster run-time and lower required memory at the very high image-resolution compared to the other baselines. For example, at a resolution of 1536× 1152 (92.2%), the memory consumption is reduced by 54.0%, 34.1%, and 54.0% compared to CasMVSNet, UCSNet, and CVP-MVSNet respectively. The corresponding comparison results of run-time are 43.2%, 37.8%, and 74.9%. Finally, we conclude that our method is more efficient in memory consumption and run-time than most state-of-the-art learning-based methods."
    }, {
      "heading" : "6 CONCLUSION",
      "text" : "We propose a dynamic scale network CDSFNet for MVS task. CDSFNet can extract the discriminative features to improve the matching ability by analyzing the normal curvature of the image surface. We then design an efficient MVS architecture, CDS-MVSNet, which achieves state-of-the-art performance on various outdoor scenes"
    }, {
      "heading" : "ACKNOWLEDGMENTS",
      "text" : "This work was supported by the National Research Foundation of Korea (NRF) funded by the Ministry of Education under Grant 2016R1D1A1B01013573."
    }, {
      "heading" : "A APPENDIX",
      "text" : "A.1 DERIVED FORMULAS OF NORMAL CURVATURE\nFirst, we re-derive Eq. 1 proposed by Xu et al. (2020). The image surface can be represented by\ns(x, y) = [x, y, I(x, y)],\nwhere X = [x, y] is a pixel coordinate and I(x, y) is the color information of image. The unit normal vector of surface s at point X is determined as\nn = sx ∧ sy ∥sx ∧ sy∥\n= 1√\n1 + I2x + I 2 y\n[−Ix,−Iy, 1],\nwhere sx and sy are the first partial derviatives with respect to x-axis and y-axis, ∧ is the crossproduct operator. Then, the first and second fundamental form of surface s at point X can be written by\nFI = [ sx.sx sx.sy sx.sy sy.sy ] = [ 1 + I2x IxIy IxIy 1 + I 2 y ] FII = [ sxx.n sxy.n sxy.n syy.n ] = 1√ 1 + I2x + I 2 y [ Ixx Ixy Ixy Iyy\n] Note that ”·” is the dot-product operation between two vectors. Finally, the normal curvature of s at point X along the direction ω = [u, v]T of epipolar line is defined as\ncurvσ(X,ω) = FMII FMI\n= 1√\n1 + I2x + I 2 y\nω [ Ixx Ixy Ixy Iyy ] ωT\nω [ 1 + I2x IxIy IxIy 1 + I 2 y ] ωT\n= 1√\n1 + I2x + I 2 y\nu2Ixx + 2uvIxy + v 2Iyy\nu2(1 + I2x) + 2uvIxIy + v 2(1 + I2y\n= 1√\n1 + I2x + I 2 y\nu2Ixx + 2uvIxy + v 2Iyy\nu2 + v2 + (uIx + vIy)2\nBecause ω = [u, v]T is an unit vector, u2 + v2 = 1. Therefore,\ncurvσ(X,ω) = u2Ixx + 2uvIxy + v 2Iyy√ 1 + I2x + I 2 y ( 1 + (uIx + vIy) 2 )\nThis formula can be applied to an image patch p with a scale σ centered at X . Following the scale space theory (Lindeberg, 1994), the patch p can be regarded as a pixel when the image I is represented at the scale σ. Let I(X,σ) be the image intensity at the scale σ. I(X,σ) can be computed from I(X) by using a Gaussian kernel with size σ, I(X,σ) = I(X) ∗G(X,σ) Therefore, we can finally write the normal curvature computed for X at the scale σ as\ncurvσ(X,ω) = u2Ixx(X,σ) + 2uvIxy(X,σ) + v 2Iyy(X,σ)√ 1 + I2x(X,σ) + I 2 y (X,σ) ( 1 + (uIx(X,σ) + vIy(X,σ)) 2 ) ,\nwhich was Eq. 2 mentioned in Section 3.2\nA.2 DETAIL OF MVS ARCHITECTURE\nFig. 4 depicts the multi-stage architecture of CDS-MVSNet. First, CDS-MVSNet uses the feature extraction CDSFNet to extract outputs at three resolutions { 18 , 1 4 , 1 2} corresponding to the first three stages {0, 1, 2}. For each of these stages l ∈ {0, 1, 2}, CDS-MVSNet predicts the depth at the corresponding image-resolution W\n23−l × H 23−l by using three-step MVS as described in section 4.1.\nCDS-MVSNet also uses an independent 3D CNN for each stage to regularize 3D cost volume. The estimated depth of current stage is upsampled and used to reduce the depth hypothesis range of 3D cost volume in the next stage. For the last stage l = 3, CDS-MVSNet outputs the full-resolution depths by performing depth refinement from the upsampled depth and the color image.\nCDSFNet Given a reference image I0 and N source images {I1, I2, . . . , IN} with corresponding camera parameters {Q0, . . . , QN}, we can compute an epipole pair {(e0,i, ei)}Ni=1 for each reference-source image pair {(I0, Ii)}Ni=1 based on the epipolar geometry. We use the epipole to determine the epipolar line for each pixel. Therefore, given the inputs including image I and epipole e, CDSFNet extracts three feature maps corresponding to the three levels {0, 1, 2} of CDS-MVSNet. Fig. 5 describes the Unet-liked architecture of CDSFNet. Fig. 6 and 7 show the results of dynamic scale estimation and normal curvature estimation respectively.\nDepth Refinement. Instead of using three-step MVS depth estimation as described for the finest resolution level (stage 3), we directly up-sample the depth estimated in previous stage (from resolution W2 × H 2 to W ×H) and refine the upsampled depth with the RGB image. Following MSG-Net (Hui et al., 2016) and PatchMatchNet (Wang et al., 2021), we implement a depth residual network to perform refinement. The network uses a 2D CNN to output a residual from the upsampled depth. This residual depth is then added to the up-sampled depth, to get the refined depth map Dref .\nA.3 IMPLEMENTATION DETAILS\nTraining. We applied the same image-resolution 640×512 in both DTU and BlendedMVS datasets. The preprocessing of these datasets for view selection strategy and ground-truth depth maps was provided by Yao et al. (2018). For CDS-MVSNet, we set the number of input views to 3, the number of depth hypothesis planes to {48, 32, 8} with the corresponding depth interval scales {4, 2, 1}. To train CDFSNet effectively, we used the feature loss as mentioned in Section 4.2. Besides, we implemented the scale selection step of CDSConv by first initializing the Softmax temperature by 1. This hyperparameter was then decreased over training time until it reached 0.01 to produce the sparse output for scale selection. The entire network CDS-MVSNet was trained with 30 epochs, using the SGD optimizer with an initial learning rate of 0.01, and on two NVIDIA Titan V GPU with a batch size of 6. We provided two experimental scenarios. First, we trained the model on DTU training set and then evaluated on DTU test set. This pre-trained model is then fine-tuned on BlendedMVS dataset for 15 epochs with a learning rate of 10−4 to evaluate on Tanks & Temples. Second, we trained a single model on both DTU and BlendedMVS datasets and use this model for evaluation. This training strategy can improve the performance as indicated in Table 1 and 3.\nPoint cloud generation. To reconstruct the final point cloud, we filtered out the low confidence depths based on the probability maps estimated from the depth probability volumes of all stages (Zhang et al., 2020). Similar to (Gu et al., 2020; Zhang et al., 2020), we then integrated all the depth maps based on the fusion method proposed in (Galliani et al., 2015; Yao et al., 2018).\nA.4 ABLATION STUDY\nEffectiveness of learnable curvature. We demonstrate the advantage of our proposed learnable curvature in comparison to the original curvature (Xu et al., 2020). We replace the curvature estimation in Eq.5 with Eq.1 and then re-train the MVS network on the DTU dataset with identical setups. Table 4 presents four model variants denoted as A, B, C, and D. Each variant implements a specific version of curvature (original or learnable) and then uses the visibility aggregation with or without the curvature prior. We consider a comparison of the two groups, models A and B versus models C\nand D. To evaluate the depth maps, we measure the percentage depth precision with the thresholds {2, 4}mm and Mean Absolute Error (MAE). To evaluate the reconstructed models, we use the accuracy, completeness, and overall metrics. We also provide the runtime and memory consumption to evaluate the computational efficiency.\nTable 4 indicates that the models with learnable curvature (C and D) achieve a better performance than the original curvature (A and B) for all evaluation metrics. The learnable curvature has a low computation cost and boosts the quality of depth and reconstruction significantly. The original curvature degrades the performance because it cannot handle the high-dimensional features. The original method treats each feature channel equally and averages all feature channels when computing the derivatives by Gaussian filters. Therefore, it may produce a high curvature estimation even though the neighboring feature vectors are visually similar to each other, as shown in Fig. 8.\nFig. 8 shows the normal curvatures estimated by the original method (Xu et al., 2020) and our learnable method. The curvature maps are extracted from the first four CDSConv layers of CDSFNet. As shown in Fig. 8, the original method provides a ground truth estimation only in the first layer when the input is a color image (i.e., the estimated curvatures are small in untextured regions while large in near-edge or rich-textured regions). However, it produces noisy estimation when the inputs are the feature maps in the subsequent layers, especially in the third and fourth layers where the curvatures do not reflect the edge or texture information. On the other hand, although the learnable curvature approximates the ground truth (the original curvature in the first layer), it consistently preserves the properties of normal curvature concerning the untextured and rich-textured regions in every layer. We further notice that our learning-based estimation takes advantage of the attention mechanism, as shown in red circles. It focuses on the rich texture region to improve the completeness of reconstruction, which is illustrated in Fig. 9 in Appendix A.5. Fig. 8 also implies that the estimated curvature tends to be higher at the deeper layers because it encodes a larger patch scale.\nCurvature-guided visibility aggregation. We proposed a pixel-wise visibility prediction method for cost aggregation in Section 4.1. Previous works generally predicted the visibility weights only from the two-view cost volume (Zhang et al., 2020; Xu & Tao, 2020c). Compared to these works,\nTable 5: Impact of the number of candidate scales in CDSConv layer. The models are trained on DTU training set at the resolution 320× 256, without 3D cost regularization. The statistics below are collected on DTU validation set.\n#scales/layer (Nc) Prec. 2mm Prec. 4mm Prec. 8mm MAE (mm) Time (s) 1 (CDSFNet → FPN) 40.87 55.95 66.72 21.41 0.114 2 44.46 58.10 67.89 18.89 0.134 3 45.27 59.14 69.17 17.46 0.155 4 46.77 60.63 70.61 16.10 0.195\nTable 6: The accuracy of estimated depth over different stages in our CDS-MVSNet. The entire MVS network is trained on DTU training set. The trained model is used to evaluate on the DTU test set at the resolution 1536× 1152\nStages Prec.1mm Prec. 2mm Prec. 4mm MAE (mm)\n0 39.99 61.89 76.35 11.43 1 58.01 72.92 80.21 10.80 2 63.97 75.43 80.92 10.67 3 64.26 75.52 80.94 10.62\nour method additionally considers the curvature prior estimated by CDSFNet. To evaluate the effectiveness of curvature prior to visibility prediction, we compared the performance of our method with the baseline method Zhang et al. (2020). To implement the baseline method, we removed the curvature input from our visibility prediction network and only used the entropy information of two view cost volumes. We compared the models using curvature prior (Models B and D) with those without using it (Models A and C). Table 4 shows the experimental results. As shown in Table 4, Model B had the worst performance in terms of overall. Because Model B produced the noisy curvature, this noisy estimation degraded the performance of Model B compared to Model A. Model D remarkably improves the depth estimation performances remarkably and achieves the similar performance of reconstruction compared to Model C without increasing runtime and memory consumption. These results demonstrate the effectiveness of the proposed learnable curvature and curvature-guided visibility prediction in the MVS process.\nAnalysis of CDSFNet and the cascade structure. This section first analyzes the effectiveness of proposed CDSFNet when increasing the number of candidate scales. To measure explicitly the matchability of features extracted by CDSFNet, we remove the cost-volume regularization step in the MVS architecture and then regress the depth directly from the aggregated 3D cost volume. Table 5 presents the results when increasing the number candidate scales Nc in each CDSConv layer. When Nc is equal to 1, CDSFNet is considered as Feature Pyramid Network (FPN), which is applied to most of the state-of-the-art learning-based methods (Gu et al., 2020; Zhang et al., 2020). As shown in Table 5, CDSFNet achieved better performance when using more candidate scales. However, it suffered from heavy computation. Therefore, we chose the design with two or three scales for each CDSConv (CDSFNet architecture as shown in Fig. 5), to guarantee both the performance of reconstruction and computational efficiency.\nNext, we investigate the improvement of depth estimation over the cascade stages. Table 6 provides the accuracy of depth estimation over all stages of our CDS-MVSNet. The first three stages mainly contribute to the final quality of estimated depth. The last stage l = 3 is used for depth upsampling; it outputs the full-resolution depth while maintaining the same depth accuracy compared to the previous stage. Suppose this stage is implemented by the three-step MVS depth estimation pipeline mentioned in Section 4.1, the entire MVS network suffers from a considerable computation and cannot fit into a limited GPU memory. Therefore, we only apply the depth refinement with a 2D CNN to the last stage for efficiency in time and memory.\nA.5 QUALITATIVE RESULTS ON DTU AND TANKS & TEMPLES"
    } ],
    "references" : [ {
      "title" : "Large-scale data for multiple-view stereopsis",
      "author" : [ "Henrik Aanæs", "Rasmus Ramsbøl Jensen", "George Vogiatzis", "Engin Tola", "Anders Bjorholm Dahl" ],
      "venue" : "International Journal of Computer Vision,",
      "citeRegEx" : "Aanæs et al\\.,? \\Q2016\\E",
      "shortCiteRegEx" : "Aanæs et al\\.",
      "year" : 2016
    }, {
      "title" : "Patchmatch: A randomized correspondence algorithm for structural image editing",
      "author" : [ "Connelly Barnes", "Eli Shechtman", "Adam Finkelstein", "Dan B Goldman" ],
      "venue" : "ACM Trans. Graph.,",
      "citeRegEx" : "Barnes et al\\.,? \\Q2009\\E",
      "shortCiteRegEx" : "Barnes et al\\.",
      "year" : 2009
    }, {
      "title" : "Deeplab: Semantic image segmentation with deep convolutional nets, atrous convolution, and fully connected crfs",
      "author" : [ "Liang-Chieh Chen", "George Papandreou", "Iasonas Kokkinos", "Kevin Murphy", "Alan L Yuille" ],
      "venue" : "IEEE transactions on pattern analysis and machine intelligence,",
      "citeRegEx" : "Chen et al\\.,? \\Q2017\\E",
      "shortCiteRegEx" : "Chen et al\\.",
      "year" : 2017
    }, {
      "title" : "Point-based multi-view stereo network",
      "author" : [ "Rui Chen", "Songfang Han", "Jing Xu", "Hao Su" ],
      "venue" : "In Proceedings of the IEEE/CVF International Conference on Computer Vision,",
      "citeRegEx" : "Chen et al\\.,? \\Q2019\\E",
      "shortCiteRegEx" : "Chen et al\\.",
      "year" : 2019
    }, {
      "title" : "Visibility-aware point-based multi-view stereo network",
      "author" : [ "Rui Chen", "Songfang Han", "Jing Xu", "Hao Su" ],
      "venue" : "IEEE transactions on pattern analysis and machine intelligence,",
      "citeRegEx" : "Chen et al\\.,? \\Q2020\\E",
      "shortCiteRegEx" : "Chen et al\\.",
      "year" : 2020
    }, {
      "title" : "Dynamic convolution: Attention over convolution kernels",
      "author" : [ "Yinpeng Chen", "Xiyang Dai", "Mengchen Liu", "Dongdong Chen", "Lu Yuan", "Zicheng Liu" ],
      "venue" : "In Proceedings of the IEEE/CVF Conference on Computer Vision and Pattern Recognition,",
      "citeRegEx" : "Chen et al\\.,? \\Q2020\\E",
      "shortCiteRegEx" : "Chen et al\\.",
      "year" : 2020
    }, {
      "title" : "Deep stereo using adaptive thin volume representation with uncertainty awareness",
      "author" : [ "Shuo Cheng", "Zexiang Xu", "Shilin Zhu", "Zhuwen Li", "Li Erran Li", "Ravi Ramamoorthi", "Hao Su" ],
      "venue" : "In Proceedings of the IEEE/CVF Conference on Computer Vision and Pattern Recognition,",
      "citeRegEx" : "Cheng et al\\.,? \\Q2020\\E",
      "shortCiteRegEx" : "Cheng et al\\.",
      "year" : 2020
    }, {
      "title" : "Deformable convolutional networks",
      "author" : [ "Jifeng Dai", "Haozhi Qi", "Yuwen Xiong", "Yi Li", "Guodong Zhang", "Han Hu", "Yichen Wei" ],
      "venue" : "In Proceedings of the IEEE international conference on computer vision,",
      "citeRegEx" : "Dai et al\\.,? \\Q2017\\E",
      "shortCiteRegEx" : "Dai et al\\.",
      "year" : 2017
    }, {
      "title" : "Differential geometry of curves and surfaces: revised and updated second edition",
      "author" : [ "Manfredo P Do Carmo" ],
      "venue" : null,
      "citeRegEx" : "Carmo.,? \\Q2016\\E",
      "shortCiteRegEx" : "Carmo.",
      "year" : 2016
    }, {
      "title" : "Multi-view stereo: A tutorial",
      "author" : [ "Yasutaka Furukawa", "Carlos Hernández" ],
      "venue" : "Foundations and Trends® in Computer Graphics and Vision,",
      "citeRegEx" : "Furukawa and Hernández.,? \\Q2015\\E",
      "shortCiteRegEx" : "Furukawa and Hernández.",
      "year" : 2015
    }, {
      "title" : "Massively parallel multiview stereopsis by surface normal diffusion",
      "author" : [ "Silvano Galliani", "Katrin Lasinger", "Konrad Schindler" ],
      "venue" : "In Proceedings of the IEEE International Conference on Computer Vision, pp",
      "citeRegEx" : "Galliani et al\\.,? \\Q2015\\E",
      "shortCiteRegEx" : "Galliani et al\\.",
      "year" : 2015
    }, {
      "title" : "Cascade cost volume for high-resolution multi-view stereo and stereo matching",
      "author" : [ "Xiaodong Gu", "Zhiwen Fan", "Siyu Zhu", "Zuozhuo Dai", "Feitong Tan", "Ping Tan" ],
      "venue" : "In Proceedings of the IEEE/CVF Conference on Computer Vision and Pattern Recognition,",
      "citeRegEx" : "Gu et al\\.,? \\Q2020\\E",
      "shortCiteRegEx" : "Gu et al\\.",
      "year" : 2020
    }, {
      "title" : "Face recognition with contrastive convolution",
      "author" : [ "Chunrui Han", "Shiguang Shan", "Meina Kan", "Shuzhe Wu", "Xilin Chen" ],
      "venue" : "In Proceedings of the European Conference on Computer Vision (ECCV),",
      "citeRegEx" : "Han et al\\.,? \\Q2018\\E",
      "shortCiteRegEx" : "Han et al\\.",
      "year" : 2018
    }, {
      "title" : "Dynamic multi-scale filters for semantic segmentation",
      "author" : [ "Junjun He", "Zhongying Deng", "Yu Qiao" ],
      "venue" : "In Proceedings of the IEEE/CVF International Conference on Computer Vision,",
      "citeRegEx" : "He et al\\.,? \\Q2019\\E",
      "shortCiteRegEx" : "He et al\\.",
      "year" : 2019
    }, {
      "title" : "Depth map super-resolution by deep multi-scale guidance",
      "author" : [ "Tak-Wai Hui", "Chen Change Loy", "Xiaoou Tang" ],
      "venue" : "In European conference on computer vision,",
      "citeRegEx" : "Hui et al\\.,? \\Q2016\\E",
      "shortCiteRegEx" : "Hui et al\\.",
      "year" : 2016
    }, {
      "title" : "Categorical reparameterization with gumbel-softmax",
      "author" : [ "Eric Jang", "Shixiang Gu", "Ben Poole" ],
      "venue" : "In 5th International Conference on Learning Representations,",
      "citeRegEx" : "Jang et al\\.,? \\Q2017\\E",
      "shortCiteRegEx" : "Jang et al\\.",
      "year" : 2017
    }, {
      "title" : "Surfacenet: An end-to-end 3d neural network for multiview stereopsis",
      "author" : [ "Mengqi Ji", "Juergen Gall", "Haitian Zheng", "Yebin Liu", "Lu Fang" ],
      "venue" : "In Proceedings of the IEEE International Conference on Computer Vision,",
      "citeRegEx" : "Ji et al\\.,? \\Q2017\\E",
      "shortCiteRegEx" : "Ji et al\\.",
      "year" : 2017
    }, {
      "title" : "Dynamic filter networks",
      "author" : [ "Xu Jia", "Bert De Brabandere", "Tinne Tuytelaars", "Luc V Gool" ],
      "venue" : "Advances in neural information processing systems,",
      "citeRegEx" : "Jia et al\\.,? \\Q2016\\E",
      "shortCiteRegEx" : "Jia et al\\.",
      "year" : 2016
    }, {
      "title" : "Learning a multi-view stereo machine",
      "author" : [ "Abhishek Kar", "Christian Häne", "Jitendra Malik" ],
      "venue" : "arXiv preprint arXiv:1708.05375,",
      "citeRegEx" : "Kar et al\\.,? \\Q2017\\E",
      "shortCiteRegEx" : "Kar et al\\.",
      "year" : 2017
    }, {
      "title" : "Tanks and temples: Benchmarking large-scale scene reconstruction",
      "author" : [ "Arno Knapitsch", "Jaesik Park", "Qian-Yi Zhou", "Vladlen Koltun" ],
      "venue" : "ACM Transactions on Graphics (ToG),",
      "citeRegEx" : "Knapitsch et al\\.,? \\Q2017\\E",
      "shortCiteRegEx" : "Knapitsch et al\\.",
      "year" : 2017
    }, {
      "title" : "Feature pyramid networks for object detection",
      "author" : [ "Tsung-Yi Lin", "Piotr Dollár", "Ross Girshick", "Kaiming He", "Bharath Hariharan", "Serge Belongie" ],
      "venue" : "In Proceedings of the IEEE conference on computer vision and pattern recognition,",
      "citeRegEx" : "Lin et al\\.,? \\Q2017\\E",
      "shortCiteRegEx" : "Lin et al\\.",
      "year" : 2017
    }, {
      "title" : "Scale-space theory: A basic tool for analyzing structures at different scales",
      "author" : [ "Tony Lindeberg" ],
      "venue" : "Journal of applied statistics,",
      "citeRegEx" : "Lindeberg.,? \\Q1994\\E",
      "shortCiteRegEx" : "Lindeberg.",
      "year" : 1994
    }, {
      "title" : "Ssd: Single shot multibox detector",
      "author" : [ "Wei Liu", "Dragomir Anguelov", "Dumitru Erhan", "Christian Szegedy", "Scott Reed", "Cheng-Yang Fu", "Alexander C Berg" ],
      "venue" : "In European conference on computer vision,",
      "citeRegEx" : "Liu et al\\.,? \\Q2016\\E",
      "shortCiteRegEx" : "Liu et al\\.",
      "year" : 2016
    }, {
      "title" : "P-mvsnet: Learning patch-wise matching confidence aggregation for multi-view stereo",
      "author" : [ "Keyang Luo", "Tao Guan", "Lili Ju", "Haipeng Huang", "Yawei Luo" ],
      "venue" : "In Proceedings of the IEEE/CVF International Conference on Computer Vision,",
      "citeRegEx" : "Luo et al\\.,? \\Q2019\\E",
      "shortCiteRegEx" : "Luo et al\\.",
      "year" : 2019
    }, {
      "title" : "Attention-aware multi-view stereo",
      "author" : [ "Keyang Luo", "Tao Guan", "Lili Ju", "Yuesong Wang", "Zhuo Chen", "Yawei Luo" ],
      "venue" : "In Proceedings of the IEEE/CVF Conference on Computer Vision and Pattern Recognition,",
      "citeRegEx" : "Luo et al\\.,? \\Q2020\\E",
      "shortCiteRegEx" : "Luo et al\\.",
      "year" : 2020
    }, {
      "title" : "U-net: Convolutional networks for biomedical image segmentation",
      "author" : [ "Olaf Ronneberger", "Philipp Fischer", "Thomas Brox" ],
      "venue" : "In International Conference on Medical image computing and computerassisted intervention,",
      "citeRegEx" : "Ronneberger et al\\.,? \\Q2015\\E",
      "shortCiteRegEx" : "Ronneberger et al\\.",
      "year" : 2015
    }, {
      "title" : "Structure-from-motion revisited",
      "author" : [ "Johannes L Schonberger", "Jan-Michael Frahm" ],
      "venue" : "In Proceedings of the IEEE conference on computer vision and pattern recognition,",
      "citeRegEx" : "Schonberger and Frahm.,? \\Q2016\\E",
      "shortCiteRegEx" : "Schonberger and Frahm.",
      "year" : 2016
    }, {
      "title" : "Pixelwise view selection for unstructured multi-view stereo",
      "author" : [ "Johannes L Schönberger", "Enliang Zheng", "Jan-Michael Frahm", "Marc Pollefeys" ],
      "venue" : "In European Conference on Computer Vision,",
      "citeRegEx" : "Schönberger et al\\.,? \\Q2016\\E",
      "shortCiteRegEx" : "Schönberger et al\\.",
      "year" : 2016
    }, {
      "title" : "Bp-mvsnet: Belief-propagation-layers for multi-view-stereo",
      "author" : [ "Christian Sormann", "Patrick Knöbelreiter", "Andreas Kuhn", "Mattia Rossi", "Thomas Pock", "Friedrich Fraundorfer" ],
      "venue" : "In 2020 International Conference on 3D Vision (3DV),",
      "citeRegEx" : "Sormann et al\\.,? \\Q2020\\E",
      "shortCiteRegEx" : "Sormann et al\\.",
      "year" : 2020
    }, {
      "title" : "Patchmatchnet: Learned multi-view patchmatch stereo",
      "author" : [ "Fangjinhua Wang", "Silvano Galliani", "Christoph Vogel", "Pablo Speciale", "Marc Pollefeys" ],
      "venue" : "In Proceedings of the IEEE/CVF Conference on Computer Vision and Pattern Recognition,",
      "citeRegEx" : "Wang et al\\.,? \\Q2021\\E",
      "shortCiteRegEx" : "Wang et al\\.",
      "year" : 2021
    }, {
      "title" : "Dynamic filtering with large sampling field for convnets",
      "author" : [ "Jialin Wu", "Dai Li", "Yu Yang", "Chandrajit Bajaj", "Xiangyang Ji" ],
      "venue" : "In Proceedings of the European Conference on Computer Vision (ECCV),",
      "citeRegEx" : "Wu et al\\.,? \\Q2018\\E",
      "shortCiteRegEx" : "Wu et al\\.",
      "year" : 2018
    }, {
      "title" : "Multi-scale geometric consistency guided multi-view stereo",
      "author" : [ "Qingshan Xu", "Wenbing Tao" ],
      "venue" : "In Proceedings of the IEEE/CVF Conference on Computer Vision and Pattern Recognition,",
      "citeRegEx" : "Xu and Tao.,? \\Q2019\\E",
      "shortCiteRegEx" : "Xu and Tao.",
      "year" : 2019
    }, {
      "title" : "Learning inverse depth regression for multi-view stereo with correlation cost volume",
      "author" : [ "Qingshan Xu", "Wenbing Tao" ],
      "venue" : "In Proceedings of the AAAI Conference on Artificial Intelligence,",
      "citeRegEx" : "Xu and Tao.,? \\Q2020\\E",
      "shortCiteRegEx" : "Xu and Tao.",
      "year" : 2020
    }, {
      "title" : "Planar prior assisted patchmatch multi-view stereo",
      "author" : [ "Qingshan Xu", "Wenbing Tao" ],
      "venue" : "In Proceedings of the AAAI Conference on Artificial Intelligence,",
      "citeRegEx" : "Xu and Tao.,? \\Q2020\\E",
      "shortCiteRegEx" : "Xu and Tao.",
      "year" : 2020
    }, {
      "title" : "Pvsnet: Pixelwise visibility-aware multi-view stereo network",
      "author" : [ "Qingshan Xu", "Wenbing Tao" ],
      "venue" : "arXiv preprint arXiv:2007.07714,",
      "citeRegEx" : "Xu and Tao.,? \\Q2020\\E",
      "shortCiteRegEx" : "Xu and Tao.",
      "year" : 2020
    }, {
      "title" : "Marmvs: Matching ambiguity reduced multiple view stereo for efficient large scale scene reconstruction",
      "author" : [ "Zhenyu Xu", "Yiguang Liu", "Xuelei Shi", "Ying Wang", "Yunan Zheng" ],
      "venue" : "In Proceedings of the IEEE/CVF Conference on Computer Vision and Pattern Recognition,",
      "citeRegEx" : "Xu et al\\.,? \\Q2020\\E",
      "shortCiteRegEx" : "Xu et al\\.",
      "year" : 2020
    }, {
      "title" : "Mvscrf: Learning multi-view stereo with conditional random fields",
      "author" : [ "Youze Xue", "Jiansheng Chen", "Weitao Wan", "Yiqing Huang", "Cheng Yu", "Tianpeng Li", "Jiayu Bao" ],
      "venue" : "In Proceedings of the IEEE/CVF International Conference on Computer Vision,",
      "citeRegEx" : "Xue et al\\.,? \\Q2019\\E",
      "shortCiteRegEx" : "Xue et al\\.",
      "year" : 2019
    }, {
      "title" : "Cost volume pyramid based depth inference for multi-view stereo",
      "author" : [ "Jiayu Yang", "Wei Mao", "Jose M Alvarez", "Miaomiao Liu" ],
      "venue" : "In Proceedings of the IEEE/CVF Conference on Computer Vision and Pattern Recognition,",
      "citeRegEx" : "Yang et al\\.,? \\Q2020\\E",
      "shortCiteRegEx" : "Yang et al\\.",
      "year" : 2020
    }, {
      "title" : "Mvsnet: Depth inference for unstructured multi-view stereo",
      "author" : [ "Yao Yao", "Zixin Luo", "Shiwei Li", "Tian Fang", "Long Quan" ],
      "venue" : "In Proceedings of the European Conference on Computer Vision (ECCV),",
      "citeRegEx" : "Yao et al\\.,? \\Q2018\\E",
      "shortCiteRegEx" : "Yao et al\\.",
      "year" : 2018
    }, {
      "title" : "Blendedmvs: A large-scale dataset for generalized multi-view stereo networks",
      "author" : [ "Yao Yao", "Zixin Luo", "Shiwei Li", "Jingyang Zhang", "Yufan Ren", "Lei Zhou", "Tian Fang", "Long Quan" ],
      "venue" : "In Proceedings of the IEEE/CVF Conference on Computer Vision and Pattern Recognition,",
      "citeRegEx" : "Yao et al\\.,? \\Q2020\\E",
      "shortCiteRegEx" : "Yao et al\\.",
      "year" : 2020
    }, {
      "title" : "Pyramid multi-view stereo net with self-adaptive view aggregation",
      "author" : [ "Hongwei Yi", "Zizhuang Wei", "Mingyu Ding", "Runze Zhang", "Yisong Chen", "Guoping Wang", "YuWing Tai" ],
      "venue" : "In European Conference on Computer Vision,",
      "citeRegEx" : "Yi et al\\.,? \\Q2020\\E",
      "shortCiteRegEx" : "Yi et al\\.",
      "year" : 2020
    }, {
      "title" : "Fast-mvsnet: Sparse-to-dense multi-view stereo with learned propagation and gauss-newton refinement",
      "author" : [ "Zehao Yu", "Shenghua Gao" ],
      "venue" : "In Proceedings of the IEEE/CVF Conference on Computer Vision and Pattern Recognition,",
      "citeRegEx" : "Yu and Gao.,? \\Q2020\\E",
      "shortCiteRegEx" : "Yu and Gao.",
      "year" : 2020
    }, {
      "title" : "Visibility-aware multi-view stereo network",
      "author" : [ "Jingyang Zhang", "Yao Yao", "Shiwei Li", "Zixin Luo", "Tian Fang" ],
      "venue" : "British Machine Vision Conference (BMVC),",
      "citeRegEx" : "Zhang et al\\.,? \\Q2020\\E",
      "shortCiteRegEx" : "Zhang et al\\.",
      "year" : 2020
    }, {
      "title" : "Scale-adaptive convolutions for scene parsing",
      "author" : [ "Rui Zhang", "Sheng Tang", "Yongdong Zhang", "Jintao Li", "Shuicheng Yan" ],
      "venue" : "In Proceedings of the IEEE International Conference on Computer Vision,",
      "citeRegEx" : "Zhang et al\\.,? \\Q2017\\E",
      "shortCiteRegEx" : "Zhang et al\\.",
      "year" : 2017
    }, {
      "title" : "Pyramid scene parsing network",
      "author" : [ "Hengshuang Zhao", "Jianping Shi", "Xiaojuan Qi", "Xiaogang Wang", "Jiaya Jia" ],
      "venue" : "In Proceedings of the IEEE conference on computer vision and pattern recognition,",
      "citeRegEx" : "Zhao et al\\.,? \\Q2017\\E",
      "shortCiteRegEx" : "Zhao et al\\.",
      "year" : 2017
    }, {
      "title" : "Deformable convnets v2: More deformable, better results",
      "author" : [ "Xizhou Zhu", "Han Hu", "Stephen Lin", "Jifeng Dai" ],
      "venue" : "In Proceedings of the IEEE/CVF Conference on Computer Vision and Pattern Recognition,",
      "citeRegEx" : "Zhu et al\\.,? \\Q2019\\E",
      "shortCiteRegEx" : "Zhu et al\\.",
      "year" : 2019
    } ],
    "referenceMentions" : [ {
      "referenceID" : 3,
      "context" : "In such problems, learning-based MVS methods (Chen et al., 2019; Luo et al., 2019; Chen et al., 2020a; Xu & Tao, 2020a; Xue et al., 2019) usually outperform traditional methods (Galliani et al.",
      "startOffset" : 45,
      "endOffset" : 137
    }, {
      "referenceID" : 23,
      "context" : "In such problems, learning-based MVS methods (Chen et al., 2019; Luo et al., 2019; Chen et al., 2020a; Xu & Tao, 2020a; Xue et al., 2019) usually outperform traditional methods (Galliani et al.",
      "startOffset" : 45,
      "endOffset" : 137
    }, {
      "referenceID" : 36,
      "context" : "In such problems, learning-based MVS methods (Chen et al., 2019; Luo et al., 2019; Chen et al., 2020a; Xu & Tao, 2020a; Xue et al., 2019) usually outperform traditional methods (Galliani et al.",
      "startOffset" : 45,
      "endOffset" : 137
    }, {
      "referenceID" : 10,
      "context" : ", 2019) usually outperform traditional methods (Galliani et al., 2015; Schonberger & Frahm, 2016).",
      "startOffset" : 47,
      "endOffset" : 97
    }, {
      "referenceID" : 23,
      "context" : "Most studies made an effort to improve the performance of cost formulation (Luo et al., 2019; Zhang et al., 2020; Xu & Tao, 2020c; Yi et al., 2020) or cost regularization (Luo et al.",
      "startOffset" : 75,
      "endOffset" : 147
    }, {
      "referenceID" : 42,
      "context" : "Most studies made an effort to improve the performance of cost formulation (Luo et al., 2019; Zhang et al., 2020; Xu & Tao, 2020c; Yi et al., 2020) or cost regularization (Luo et al.",
      "startOffset" : 75,
      "endOffset" : 147
    }, {
      "referenceID" : 40,
      "context" : "Most studies made an effort to improve the performance of cost formulation (Luo et al., 2019; Zhang et al., 2020; Xu & Tao, 2020c; Yi et al., 2020) or cost regularization (Luo et al.",
      "startOffset" : 75,
      "endOffset" : 147
    }, {
      "referenceID" : 42,
      "context" : "The visibility information (Zhang et al., 2020; Xu & Tao, 2020c) or attention techniques (Yi et al.",
      "startOffset" : 27,
      "endOffset" : 64
    }, {
      "referenceID" : 40,
      "context" : ", 2020; Xu & Tao, 2020c) or attention techniques (Yi et al., 2020; Luo et al., 2020) are considered for cost aggregation and feature matching, respectively.",
      "startOffset" : 49,
      "endOffset" : 84
    }, {
      "referenceID" : 24,
      "context" : ", 2020; Xu & Tao, 2020c) or attention techniques (Yi et al., 2020; Luo et al., 2020) are considered for cost aggregation and feature matching, respectively.",
      "startOffset" : 49,
      "endOffset" : 84
    }, {
      "referenceID" : 23,
      "context" : "Furthermore, some studies employed a hybrid 3D UNet structure (Luo et al., 2019; Sormann et al., 2020) for cost volume regularization.",
      "startOffset" : 62,
      "endOffset" : 102
    }, {
      "referenceID" : 28,
      "context" : "Furthermore, some studies employed a hybrid 3D UNet structure (Luo et al., 2019; Sormann et al., 2020) for cost volume regularization.",
      "startOffset" : 62,
      "endOffset" : 102
    }, {
      "referenceID" : 11,
      "context" : "Therefore, it trains more discriminative features than existing networks (Gu et al., 2020; Cheng et al., 2020; Yang et al., 2020; Zhang et al., 2020; Luo et al., 2020) for accurate matching cost computation.",
      "startOffset" : 73,
      "endOffset" : 167
    }, {
      "referenceID" : 6,
      "context" : "Therefore, it trains more discriminative features than existing networks (Gu et al., 2020; Cheng et al., 2020; Yang et al., 2020; Zhang et al., 2020; Luo et al., 2020) for accurate matching cost computation.",
      "startOffset" : 73,
      "endOffset" : 167
    }, {
      "referenceID" : 37,
      "context" : "Therefore, it trains more discriminative features than existing networks (Gu et al., 2020; Cheng et al., 2020; Yang et al., 2020; Zhang et al., 2020; Luo et al., 2020) for accurate matching cost computation.",
      "startOffset" : 73,
      "endOffset" : 167
    }, {
      "referenceID" : 42,
      "context" : "Therefore, it trains more discriminative features than existing networks (Gu et al., 2020; Cheng et al., 2020; Yang et al., 2020; Zhang et al., 2020; Luo et al., 2020) for accurate matching cost computation.",
      "startOffset" : 73,
      "endOffset" : 167
    }, {
      "referenceID" : 24,
      "context" : "Therefore, it trains more discriminative features than existing networks (Gu et al., 2020; Cheng et al., 2020; Yang et al., 2020; Zhang et al., 2020; Luo et al., 2020) for accurate matching cost computation.",
      "startOffset" : 73,
      "endOffset" : 167
    }, {
      "referenceID" : 11,
      "context" : "Similar to previous works (Gu et al., 2020; Cheng et al., 2020; Yang et al., 2020; Wang et al., 2021), CDS-MVSNet is composed of a cascade network structure to estimate high-resolution depth maps in a coarse-tofine manner.",
      "startOffset" : 26,
      "endOffset" : 101
    }, {
      "referenceID" : 6,
      "context" : "Similar to previous works (Gu et al., 2020; Cheng et al., 2020; Yang et al., 2020; Wang et al., 2021), CDS-MVSNet is composed of a cascade network structure to estimate high-resolution depth maps in a coarse-tofine manner.",
      "startOffset" : 26,
      "endOffset" : 101
    }, {
      "referenceID" : 37,
      "context" : "Similar to previous works (Gu et al., 2020; Cheng et al., 2020; Yang et al., 2020; Wang et al., 2021), CDS-MVSNet is composed of a cascade network structure to estimate high-resolution depth maps in a coarse-tofine manner.",
      "startOffset" : 26,
      "endOffset" : 101
    }, {
      "referenceID" : 29,
      "context" : "Similar to previous works (Gu et al., 2020; Cheng et al., 2020; Yang et al., 2020; Wang et al., 2021), CDS-MVSNet is composed of a cascade network structure to estimate high-resolution depth maps in a coarse-tofine manner.",
      "startOffset" : 26,
      "endOffset" : 101
    }, {
      "referenceID" : 0,
      "context" : "• We verify the effectiveness of our method on two benchmark datasets; DTU (Aanæs et al., 2016) and Tanks & Temples (Knapitsch et al.",
      "startOffset" : 75,
      "endOffset" : 95
    }, {
      "referenceID" : 10,
      "context" : "Comparatively, depth map-based methods are more concise and flexible, they estimate depth maps for all reference images and then perform depth fusion to achieving a 3D model (Galliani et al., 2015; Schönberger et al., 2016; Xu & Tao, 2019).",
      "startOffset" : 174,
      "endOffset" : 239
    }, {
      "referenceID" : 27,
      "context" : "Comparatively, depth map-based methods are more concise and flexible, they estimate depth maps for all reference images and then perform depth fusion to achieving a 3D model (Galliani et al., 2015; Schönberger et al., 2016; Xu & Tao, 2019).",
      "startOffset" : 174,
      "endOffset" : 239
    }, {
      "referenceID" : 1,
      "context" : "The popular MVS methods in this category are usually based on PatchMatch Stereo algorithm (Barnes et al., 2009).",
      "startOffset" : 90,
      "endOffset" : 111
    }, {
      "referenceID" : 18,
      "context" : "Several volumetric methods (Kar et al., 2017; Ji et al., 2017) employed 3D CNNs to explicitly predict global 3D surfaces.",
      "startOffset" : 27,
      "endOffset" : 62
    }, {
      "referenceID" : 16,
      "context" : "Several volumetric methods (Kar et al., 2017; Ji et al., 2017) employed 3D CNNs to explicitly predict global 3D surfaces.",
      "startOffset" : 27,
      "endOffset" : 62
    }, {
      "referenceID" : 11,
      "context" : "Several studies (Gu et al., 2020; Cheng et al., 2020; Yang et al., 2020; Wang et al., 2021; Zhang et al., 2020) applied a coarse-to-fine framework which estimates the depths through multiple stages to reduce the computational complexity.",
      "startOffset" : 16,
      "endOffset" : 111
    }, {
      "referenceID" : 6,
      "context" : "Several studies (Gu et al., 2020; Cheng et al., 2020; Yang et al., 2020; Wang et al., 2021; Zhang et al., 2020) applied a coarse-to-fine framework which estimates the depths through multiple stages to reduce the computational complexity.",
      "startOffset" : 16,
      "endOffset" : 111
    }, {
      "referenceID" : 37,
      "context" : "Several studies (Gu et al., 2020; Cheng et al., 2020; Yang et al., 2020; Wang et al., 2021; Zhang et al., 2020) applied a coarse-to-fine framework which estimates the depths through multiple stages to reduce the computational complexity.",
      "startOffset" : 16,
      "endOffset" : 111
    }, {
      "referenceID" : 29,
      "context" : "Several studies (Gu et al., 2020; Cheng et al., 2020; Yang et al., 2020; Wang et al., 2021; Zhang et al., 2020) applied a coarse-to-fine framework which estimates the depths through multiple stages to reduce the computational complexity.",
      "startOffset" : 16,
      "endOffset" : 111
    }, {
      "referenceID" : 42,
      "context" : "Several studies (Gu et al., 2020; Cheng et al., 2020; Yang et al., 2020; Wang et al., 2021; Zhang et al., 2020) applied a coarse-to-fine framework which estimates the depths through multiple stages to reduce the computational complexity.",
      "startOffset" : 16,
      "endOffset" : 111
    }, {
      "referenceID" : 11,
      "context" : "All these methods (Gu et al., 2020; Cheng et al., 2020; Yang et al., 2020; Wang et al., 2021; Zhang et al., 2020; Luo et al., 2020; Yu & Gao, 2020) had a trade-off between computation and performance; the methods with high performance usually require expensive computations.",
      "startOffset" : 18,
      "endOffset" : 147
    }, {
      "referenceID" : 6,
      "context" : "All these methods (Gu et al., 2020; Cheng et al., 2020; Yang et al., 2020; Wang et al., 2021; Zhang et al., 2020; Luo et al., 2020; Yu & Gao, 2020) had a trade-off between computation and performance; the methods with high performance usually require expensive computations.",
      "startOffset" : 18,
      "endOffset" : 147
    }, {
      "referenceID" : 37,
      "context" : "All these methods (Gu et al., 2020; Cheng et al., 2020; Yang et al., 2020; Wang et al., 2021; Zhang et al., 2020; Luo et al., 2020; Yu & Gao, 2020) had a trade-off between computation and performance; the methods with high performance usually require expensive computations.",
      "startOffset" : 18,
      "endOffset" : 147
    }, {
      "referenceID" : 29,
      "context" : "All these methods (Gu et al., 2020; Cheng et al., 2020; Yang et al., 2020; Wang et al., 2021; Zhang et al., 2020; Luo et al., 2020; Yu & Gao, 2020) had a trade-off between computation and performance; the methods with high performance usually require expensive computations.",
      "startOffset" : 18,
      "endOffset" : 147
    }, {
      "referenceID" : 42,
      "context" : "All these methods (Gu et al., 2020; Cheng et al., 2020; Yang et al., 2020; Wang et al., 2021; Zhang et al., 2020; Luo et al., 2020; Yu & Gao, 2020) had a trade-off between computation and performance; the methods with high performance usually require expensive computations.",
      "startOffset" : 18,
      "endOffset" : 147
    }, {
      "referenceID" : 24,
      "context" : "All these methods (Gu et al., 2020; Cheng et al., 2020; Yang et al., 2020; Wang et al., 2021; Zhang et al., 2020; Luo et al., 2020; Yu & Gao, 2020) had a trade-off between computation and performance; the methods with high performance usually require expensive computations.",
      "startOffset" : 18,
      "endOffset" : 147
    }, {
      "referenceID" : 1,
      "context" : "This method handles ambiguity in the patch-match stereo method (Barnes et al., 2009).",
      "startOffset" : 63,
      "endOffset" : 84
    }, {
      "referenceID" : 20,
      "context" : "For the MVS task, Feature Pyramid Network (FPN) (Lin et al., 2017; Gu et al., 2020; Cheng et al., 2020; Zhang et al., 2020; Luo et al., 2020) is a common approach for multi-scale feature extraction.",
      "startOffset" : 48,
      "endOffset" : 141
    }, {
      "referenceID" : 11,
      "context" : "For the MVS task, Feature Pyramid Network (FPN) (Lin et al., 2017; Gu et al., 2020; Cheng et al., 2020; Zhang et al., 2020; Luo et al., 2020) is a common approach for multi-scale feature extraction.",
      "startOffset" : 48,
      "endOffset" : 141
    }, {
      "referenceID" : 6,
      "context" : "For the MVS task, Feature Pyramid Network (FPN) (Lin et al., 2017; Gu et al., 2020; Cheng et al., 2020; Zhang et al., 2020; Luo et al., 2020) is a common approach for multi-scale feature extraction.",
      "startOffset" : 48,
      "endOffset" : 141
    }, {
      "referenceID" : 42,
      "context" : "For the MVS task, Feature Pyramid Network (FPN) (Lin et al., 2017; Gu et al., 2020; Cheng et al., 2020; Zhang et al., 2020; Luo et al., 2020) is a common approach for multi-scale feature extraction.",
      "startOffset" : 48,
      "endOffset" : 141
    }, {
      "referenceID" : 24,
      "context" : "For the MVS task, Feature Pyramid Network (FPN) (Lin et al., 2017; Gu et al., 2020; Cheng et al., 2020; Zhang et al., 2020; Luo et al., 2020) is a common approach for multi-scale feature extraction.",
      "startOffset" : 48,
      "endOffset" : 141
    }, {
      "referenceID" : 25,
      "context" : "It is designed as the UNet-liked architecture (Ronneberger et al., 2015) to fuse features from different scales into a single one.",
      "startOffset" : 46,
      "endOffset" : 72
    }, {
      "referenceID" : 13,
      "context" : "Several studies in image segmentation can learn pixel-level multi-scale features by using multiple kernels with different sizes (He et al., 2019; Liu et al., 2016; Chen et al., 2017; Zhao et al., 2017).",
      "startOffset" : 128,
      "endOffset" : 201
    }, {
      "referenceID" : 22,
      "context" : "Several studies in image segmentation can learn pixel-level multi-scale features by using multiple kernels with different sizes (He et al., 2019; Liu et al., 2016; Chen et al., 2017; Zhao et al., 2017).",
      "startOffset" : 128,
      "endOffset" : 201
    }, {
      "referenceID" : 2,
      "context" : "Several studies in image segmentation can learn pixel-level multi-scale features by using multiple kernels with different sizes (He et al., 2019; Liu et al., 2016; Chen et al., 2017; Zhao et al., 2017).",
      "startOffset" : 128,
      "endOffset" : 201
    }, {
      "referenceID" : 44,
      "context" : "Several studies in image segmentation can learn pixel-level multi-scale features by using multiple kernels with different sizes (He et al., 2019; Liu et al., 2016; Chen et al., 2017; Zhao et al., 2017).",
      "startOffset" : 128,
      "endOffset" : 201
    }, {
      "referenceID" : 11,
      "context" : "In contrast to the aforementioned methods (Gu et al., 2020; Cheng et al., 2020; Zhang et al., 2020; Luo et al., 2020; He et al., 2019), our proposed CDSConv can select an optimal scale for each pixel to produce a robust representation and enhance the matching uncertainty.",
      "startOffset" : 42,
      "endOffset" : 134
    }, {
      "referenceID" : 6,
      "context" : "In contrast to the aforementioned methods (Gu et al., 2020; Cheng et al., 2020; Zhang et al., 2020; Luo et al., 2020; He et al., 2019), our proposed CDSConv can select an optimal scale for each pixel to produce a robust representation and enhance the matching uncertainty.",
      "startOffset" : 42,
      "endOffset" : 134
    }, {
      "referenceID" : 42,
      "context" : "In contrast to the aforementioned methods (Gu et al., 2020; Cheng et al., 2020; Zhang et al., 2020; Luo et al., 2020; He et al., 2019), our proposed CDSConv can select an optimal scale for each pixel to produce a robust representation and enhance the matching uncertainty.",
      "startOffset" : 42,
      "endOffset" : 134
    }, {
      "referenceID" : 24,
      "context" : "In contrast to the aforementioned methods (Gu et al., 2020; Cheng et al., 2020; Zhang et al., 2020; Luo et al., 2020; He et al., 2019), our proposed CDSConv can select an optimal scale for each pixel to produce a robust representation and enhance the matching uncertainty.",
      "startOffset" : 42,
      "endOffset" : 134
    }, {
      "referenceID" : 13,
      "context" : "In contrast to the aforementioned methods (Gu et al., 2020; Cheng et al., 2020; Zhang et al., 2020; Luo et al., 2020; He et al., 2019), our proposed CDSConv can select an optimal scale for each pixel to produce a robust representation and enhance the matching uncertainty.",
      "startOffset" : 42,
      "endOffset" : 134
    }, {
      "referenceID" : 30,
      "context" : "Instead of observing static receptive fields, several studies modified standard convolution to choose the adaptive receptive field for each pixel (Wu et al., 2018; Jia et al., 2016; Han et al., 2018).",
      "startOffset" : 146,
      "endOffset" : 199
    }, {
      "referenceID" : 17,
      "context" : "Instead of observing static receptive fields, several studies modified standard convolution to choose the adaptive receptive field for each pixel (Wu et al., 2018; Jia et al., 2016; Han et al., 2018).",
      "startOffset" : 146,
      "endOffset" : 199
    }, {
      "referenceID" : 12,
      "context" : "Instead of observing static receptive fields, several studies modified standard convolution to choose the adaptive receptive field for each pixel (Wu et al., 2018; Jia et al., 2016; Han et al., 2018).",
      "startOffset" : 146,
      "endOffset" : 199
    }, {
      "referenceID" : 43,
      "context" : "SAC (Zhang et al., 2017) was proposed to modify the fixed-size receptive field",
      "startOffset" : 4,
      "endOffset" : 24
    }, {
      "referenceID" : 7,
      "context" : "Deformable ConvNets (Dai et al., 2017; Zhu et al., 2019) learned offsets for each pixel in a regular sampling grid of standard convolution to enlarge the sampling field with an arbitrary form that can discover geometric-invariant features.",
      "startOffset" : 20,
      "endOffset" : 56
    }, {
      "referenceID" : 45,
      "context" : "Deformable ConvNets (Dai et al., 2017; Zhu et al., 2019) learned offsets for each pixel in a regular sampling grid of standard convolution to enlarge the sampling field with an arbitrary form that can discover geometric-invariant features.",
      "startOffset" : 20,
      "endOffset" : 56
    }, {
      "referenceID" : 21,
      "context" : "From the scale space theory (Lindeberg, 1994), the patch p(X,σ) can be considered as a point on the image surface represented at the scale σ.",
      "startOffset" : 28,
      "endOffset" : 45
    }, {
      "referenceID" : 35,
      "context" : "Therefore, the scale σ is optimal for stereo matching if the image surface represented in that scale is curved significantly at the point X along the epipolar line direction (Xu et al., 2020).",
      "startOffset" : 174,
      "endOffset" : 191
    }, {
      "referenceID" : 21,
      "context" : "where I(X,σ) = I(X) ∗ G(X,σ) is the image intensity of pixel X in the image scale σ; it is determined by convolving I with a Gaussian kernel G(X,σ) with the window size/scale σ (Lindeberg, 1994).",
      "startOffset" : 177,
      "endOffset" : 194
    }, {
      "referenceID" : 35,
      "context" : "MARMVS (Xu et al., 2020) chose the proper scale by searching the normal curvature with a threshold T = 0.",
      "startOffset" : 7,
      "endOffset" : 24
    }, {
      "referenceID" : 15,
      "context" : ", wK ] for scale selection by applying a Softmax with small temperature parameter, which is a differentiable approximation to argmax operator (Jang et al., 2017).",
      "startOffset" : 142,
      "endOffset" : 161
    }, {
      "referenceID" : 25,
      "context" : "CDSFNet is an Unet-liked architecture (Ronneberger et al., 2015).",
      "startOffset" : 38,
      "endOffset" : 64
    }, {
      "referenceID" : 13,
      "context" : "Therefore, our method is more appropriate for MVS than the other dynamic scale networks (He et al., 2019; Wu et al., 2018; Jia et al., 2016) proposed in image segmentation task.",
      "startOffset" : 88,
      "endOffset" : 140
    }, {
      "referenceID" : 30,
      "context" : "Therefore, our method is more appropriate for MVS than the other dynamic scale networks (He et al., 2019; Wu et al., 2018; Jia et al., 2016) proposed in image segmentation task.",
      "startOffset" : 88,
      "endOffset" : 140
    }, {
      "referenceID" : 17,
      "context" : "Therefore, our method is more appropriate for MVS than the other dynamic scale networks (He et al., 2019; Wu et al., 2018; Jia et al., 2016) proposed in image segmentation task.",
      "startOffset" : 88,
      "endOffset" : 140
    }, {
      "referenceID" : 11,
      "context" : "We adopted the cascade structure of CasMVSNet (Gu et al., 2020) as the baseline structure of CDS-MVSNet.",
      "startOffset" : 46,
      "endOffset" : 63
    }, {
      "referenceID" : 11,
      "context" : "Due to the robustness of our feature extraction and cost formulation, CDS-MVSNet can produce more accurate depths in coarser stages compared to other cascade MVS methods (Gu et al., 2020; Cheng et al., 2020; Yang et al., 2020; Wang et al., 2021).",
      "startOffset" : 170,
      "endOffset" : 245
    }, {
      "referenceID" : 6,
      "context" : "Due to the robustness of our feature extraction and cost formulation, CDS-MVSNet can produce more accurate depths in coarser stages compared to other cascade MVS methods (Gu et al., 2020; Cheng et al., 2020; Yang et al., 2020; Wang et al., 2021).",
      "startOffset" : 170,
      "endOffset" : 245
    }, {
      "referenceID" : 37,
      "context" : "Due to the robustness of our feature extraction and cost formulation, CDS-MVSNet can produce more accurate depths in coarser stages compared to other cascade MVS methods (Gu et al., 2020; Cheng et al., 2020; Yang et al., 2020; Wang et al., 2021).",
      "startOffset" : 170,
      "endOffset" : 245
    }, {
      "referenceID" : 29,
      "context" : "Due to the robustness of our feature extraction and cost formulation, CDS-MVSNet can produce more accurate depths in coarser stages compared to other cascade MVS methods (Gu et al., 2020; Cheng et al., 2020; Yang et al., 2020; Wang et al., 2021).",
      "startOffset" : 170,
      "endOffset" : 245
    }, {
      "referenceID" : 38,
      "context" : "The two-view matching cost is computed per sampled depth hypothesis to form cost volume (Yao et al., 2018; Gu et al., 2020; Wang et al., 2021).",
      "startOffset" : 88,
      "endOffset" : 142
    }, {
      "referenceID" : 11,
      "context" : "The two-view matching cost is computed per sampled depth hypothesis to form cost volume (Yao et al., 2018; Gu et al., 2020; Wang et al., 2021).",
      "startOffset" : 88,
      "endOffset" : 142
    }, {
      "referenceID" : 29,
      "context" : "The two-view matching cost is computed per sampled depth hypothesis to form cost volume (Yao et al., 2018; Gu et al., 2020; Wang et al., 2021).",
      "startOffset" : 88,
      "endOffset" : 142
    }, {
      "referenceID" : 42,
      "context" : "Inspired from visibility-awareness for cost aggregation (Zhang et al., 2020; Xu & Tao, 2020c), we employ pixelwise view weight prediction.",
      "startOffset" : 56,
      "endOffset" : 93
    }, {
      "referenceID" : 42,
      "context" : "However, instead of predicting directly from two-view cost volume (Zhang et al., 2020; Xu & Tao, 2020c; Yi et al., 2020), we additionally utilize the normal curvature maps, NC, estimated by CDSFNet in Eq.",
      "startOffset" : 66,
      "endOffset" : 120
    }, {
      "referenceID" : 40,
      "context" : "However, instead of predicting directly from two-view cost volume (Zhang et al., 2020; Xu & Tao, 2020c; Yi et al., 2020), we additionally utilize the normal curvature maps, NC, estimated by CDSFNet in Eq.",
      "startOffset" : 66,
      "endOffset" : 120
    }, {
      "referenceID" : 38,
      "context" : "Similar to most learning-based MVS methods (Yao et al., 2018; Gu et al., 2020), the depth loss Ldepth is defined by L1 loss between the predicted depth and the ground truth depth.",
      "startOffset" : 43,
      "endOffset" : 78
    }, {
      "referenceID" : 11,
      "context" : "Similar to most learning-based MVS methods (Yao et al., 2018; Gu et al., 2020), the depth loss Ldepth is defined by L1 loss between the predicted depth and the ground truth depth.",
      "startOffset" : 43,
      "endOffset" : 78
    }, {
      "referenceID" : 0,
      "context" : "The datasets used in our evaluation are DTU (Aanæs et al., 2016), BlendedMVS (Yao et al.",
      "startOffset" : 44,
      "endOffset" : 64
    }, {
      "referenceID" : 39,
      "context" : ", 2016), BlendedMVS (Yao et al., 2020), and Tanks & Temples (Knapitsch et al.",
      "startOffset" : 20,
      "endOffset" : 38
    }, {
      "referenceID" : 0,
      "context" : "We calculated the three standard error metrics (Aanæs et al., 2016) given on the official site of DTU: accuracy, completeness, and overall error.",
      "startOffset" : 47,
      "endOffset" : 67
    }, {
      "referenceID" : 11,
      "context" : "Depth precision is the average percentage of depths with errors lower than a defined threshold (Gu et al., 2020).",
      "startOffset" : 95,
      "endOffset" : 112
    }, {
      "referenceID" : 19,
      "context" : "The reconstructed point clouds were submitted to the benchmark website of Tanks & Temples (Knapitsch et al., 2017) to receive the F-score, which is a combination of precision and recall of the reconstructed 3D model.",
      "startOffset" : 90,
      "endOffset" : 114
    } ],
    "year" : 2022,
    "abstractText" : "Multi-view stereo (MVS) is a crucial task for precise 3D reconstruction. Most recent studies tried to improve the performance of matching cost volume in MVS by designing aggregated 3D cost volumes and their regularization. This paper focuses on learning a robust feature extraction network to enhance the performance of matching costs without heavy computation in the other steps. In particular, we present a dynamic scale feature extraction network, namely, CDSFNet. It is composed of multiple novel convolution layers, each of which can select a proper patch scale for each pixel guided by the normal curvature of the image surface. As a result, CDFSNet can estimate the optimal patch scales to learn discriminative features for accurate matching computation between reference and source images. By combining the robust extracted features with an appropriate cost formulation strategy, our resulting MVS architecture can estimate depth maps more precisely. Extensive experiments showed that the proposed method outperforms other methods on complex outdoor scenes. It significantly improves the completeness of reconstructed models. As a result, the method can process higher resolution inputs within faster run-time and lower memory than other MVS methods.",
    "creator" : "LaTeX with hyperref"
  }
}