{
  "name" : "ICLR2022-lyLVzukXi08.pdf",
  "metadata" : {
    "source" : "CRF",
    "title" : null,
    "authors" : [ "DROPOUT PROCESSES", "Insu Jeon", "Youngjin Park", "Gunhee Kim" ],
    "emails" : [ "insuj3on@gmail.com,", "youngjin@everdoubling.ai,", "gunhee@snu.ac.kr" ],
    "sections" : [ {
      "heading" : "1 INTRODUCTION",
      "text" : "In traditional machine learning, a large amount of labeled data is required to train deep models (LeCun et al., 2015). In practice, however, there are many cases where it is impossible to collect sufficient data for a given task. On the other hand, humans can quickly understand and solve a new task even from a few examples (Schmidhuber, 1987; Andrychowicz et al., 2016). This distinguishing characteristic of humans is referred to as the meta-learning ability, which enables them to accumulate past learning experiences into general knowledge and to utilize it for efficient learning in the future. Incorporating the meta-learning capability into artificial machines has long been an active research topic of machine learning (Naik & Mammone, 1992; Vinyals et al., 2016; Snell et al., 2017; Ravi & Larochelle, 2017; Finn et al., 2017; Lee et al., 2019c; Hospedales et al., 2021).\nRecently, Bayesian meta-learning methods have been attracting considerable interest due to incorporating uncertainty quantification of the Bayesian framework into the efficient model adaptation of meta-learning approaches. An earlier study (Grant et al., 2018) extended the optimization-based deterministic approach, model-agnostic meta-learning (MAML) (Finn et al., 2017), to a hierarchical Bayesian framework (Daumé III, 2009). Later, optimization-based variational inference (Yoon et al., 2018; Finn et al., 2018; Ravi & Beatson, 2019; Lee et al., 2019a; Nguyen et al., 2020) and model-based Bayesian meta-learning methods (Gordon et al., 2018; Garnelo et al., 2018a;b; Iakovleva et al., 2020) were presented. These methods achieved outstanding results in various few-shot1 regression and classification tasks. In fact, the adaptation of deep models that can estimate uncertainties is a core building block for reliable machine learning systems in real-world applications with high judgmental risks, such as medical AI or autonomous driving systems.\nInspired by recent studies, we propose a new model-based Bayesian meta-learning approach, neural variational dropout processes (NVDPs). The main contribution of this work is to design a new type of Neural Network (NN) based conditional posterior model that can bypass the under-fitting and posterior collapsing of existing approaches (Gordon et al., 2018; Garnelo et al., 2018a;b; Iakovleva et al., 2020). NVDPs extend the simple yet effective posterior modeling of Variational Dropout (VD) (Kingma et al., 2015; Gal & Ghahramani, 2016; Molchanov et al., 2017; Hron et al., 2018;\n1The few-shot learning assumes only a few examples are available for each task, with the number of tasks being large (Lake et al., 2015).\nLiu et al., 2019) in the context of meta-learning. A novel low-rank product of Bernoulli experts meta-model is utilized in the dropout posterior to learn task-specific dropout rates conditioned on a few learning examples. In this way, a full conditional posterior model over the NN’s parameters can be efficiently obtained. In addition, we also propose a new type of prior to optimize the conditional dropout posterior in variational inference, which supports the robust training of conditional posteriors. Although it is developed in conjunction with NVDPs, the formulation allows its adoption to other recent methods, and we show the effectiveness. We have evaluated NVDPs compared with other methods on various few-shot learning tasks and datasets. The experiments show that NVDPs can circumvent the under-fitting and posterior collapsing and achieve outstanding performances in terms of log-likelihood, active learning efficiency, prediction accuracy, and generalization."
    }, {
      "heading" : "2 BAYESIAN META-LEARNING",
      "text" : ""
    }, {
      "heading" : "2.1 AMORTIZED VARIATIONAL INFERENCE FRAMEWORK IN THE MULTI-TASK DATA",
      "text" : "A goal in meta-learning is to construct a model that can quickly solve new tasks from small amounts of observed data. To achieve this, it is important to learn a general (or task-invariant) structure from multiple tasks that can be utilized for the efficient model adaptation when necessary. Bayesian metalearning methods (Gordon et al., 2018; Garnelo et al., 2018b; Ravi & Beatson, 2019) formulate this objective of meta-learning as an amortized variational inference (VI) of the posterior distribution in multi-task environments. Suppose a collection of T related tasks is given, and each t-th task has the training data Dt containing N i.i.d. observed tuples (xt,yt) = (xti, yti)Ni=1. Then, the evidence lower-bound (ELBO) over the log-likelihood of the multi-task dataset can be derived as:\nT∑ t=1 log p(Dt; θ) ≥ T∑ t=1 {Eq(φt|Dt)[log p(yt|xt, φt)]− KL(q(φt|Dt; θ)||p(φt))}. (1)\nHere, p(yt|xt, φt) is a likelihood (or NN model) on the t-th training data and φt is a t-th task-specific variable (i.e. a latent representation or weights of NN) and q(φt|Dt; θ) is a tractable amortized variational posterior model utilized to approximate the true unknown posterior distribution over φt for each given t-th task data (i.e., p(φt|Dt)) (Kingma & Welling, 2013; Gordon et al., 2018; Garnelo et al., 2018b; Ravi & Beatson, 2019; Iakovleva et al., 2020). The parameter θ represents the common structure that can be efficiently learned across multiple different tasks. The prespecified prior distribution p(φt) in the Kullback–Leibler (KL) divergence term provides a stochastic regularization that can help to capture the task-conditional uncertainty and prevent the collapsing of q(φt|Dt; θ). In fact, the maximization of the ELBO, right side of equation 1, with respect to the conditional variational posterior model is equivalent to the minimization of ∑T t=1 KL(q(φ\nt|Dt; θ)||p(φt|Dt)). Essentially, the goal in the amortized VI of Bayesian meta-learning is to learn the inference process of the true conditional posterior distribution via the variational model q(φt|Dt; θ) and the shared general structure θ across multiple tasks since this task-invariant knowledge can later be utilized for the efficient adaptation of the NN function on new unseen tasks. The approximation of the conditional posterior also enables ensemble modeling and uncertainty quantification."
    }, {
      "heading" : "2.2 THE EXISTING CONDITIONAL POSTERIOR AND PRIOR MODELINGS",
      "text" : "Many of the recent Bayesian meta-learning approaches can be roughly categorized into the optimization-based (Grant et al., 2018; Yoon et al., 2018; Finn et al., 2018; Ravi & Beatson, 2019; Lee et al., 2019a; Nguyen et al., 2020) or the model-based posterior approximation approaches (Gordon et al., 2018; Garnelo et al., 2018a;b; Kim et al., 2019; Iakovleva et al., 2020). In the optimizationbased approaches, the task-specific variable φt can be seen as the adapted NN weights. For example, the deterministic model-agnostic meta-learning (MAML) (Finn et al., 2017) can be considered as learning a Dirac delta variational posterior modeling (i.e., q(φt|DtC ; θ) ≈ δ(φt − SGDj(DtC , θ))) where the goal is to learn the shared global initialization NN’s parameters θ such that a few j steps of SGD updates on the small subset2 DtC of the t-th dataset Dt provides a good approximation of the task-specific weights φt. Many optimization-based Bayesian meta-learning approaches such\n2The subset DtC(⊆ Dt) is known as a context (or support) set for each task. A small S size of context set (e.g., 1-shot, 5-shot, or random) is often used in the few-shot learning tasks (Lake et al., 2015).\nas LLAMA (Grant et al., 2018), PLATIPIS (Finn et al., 2018), BMAML (Yoon et al., 2018), and ABML (Ravi & Beatson, 2019) have incorporated the Gaussian type of posterior and prior models into the deterministic adaptation framework of MAML in order to improve the robustness of models. Optimization-based approaches can be applied to various types of few-shot learning tasks, but the adaptation cost at test time is computationally expensive due to the inversion of the Hessian or kernel matrix; they may not be suitable for environments with limited computing resources at test.\nOn the other hand, the model-based Bayesian meta-learning approaches such as VERSA (Gordon et al., 2018) or Neural Processes (Garnelo et al., 2018a;b) allow an instant estimation of the Bayesian predictive distribution at test time via NN-based conditional posterior modeling. VERSA employs an additional NN-based meta-model gθ(·) to directly predict the Gaussian posterior of agent NN’s task-specific weight φt from the small context set (i.e., q(φt|DtC ; θ) = N (φt|(µ, σ) = gθ(DtC))). In this case, the shared structure θ represents the meta-model’s parameters. However, the direct approximation of agent NN weights in VERSA could limit their scalability due to the large dimensionality of the NN’s weights; they only consider the task-specific weights for the single softmax output layer. In addition, VERSA did not utilize any task-specific prior p(φt), so the conditional posterior could collapse into a deterministic one while training with the Monte Carlo approximation (Iakovleva et al., 2020). Instead of the NN’s weights, the Neural Processes (NPs) model the conditional posterior with a latent representation (i.e., q(zt|Dt; θ) = N (zt|(µ, σ) = gθ(Dt))) (Garnelo et al., 2018b). Regarding the task-specific latent representation as a second input to the likelihood p(yt|xt, zt) (similar to Kingma & Welling (2013) or Edwards & Storkey (2017)) provides another efficient way to transfer the conditional information (Garnelo et al., 2018b). However, the following studies indicate that NPs often suffer from under-fitting (Kim et al., 2019) and posterior-collapsing behavior (Grover et al., 2019; Le et al., 2018). We conjecture that these behaviors are partially inherent to its original variational formulation. Since the variational posterior in NPs rely on the whole task data while training, the posterior do not exhibit good generalization performance at test. In addition, it is well known that the highly flexible NN-based likelihood can neglect the latent representation in variational inference (Hoffman & Johnson, 2016; Sønderby et al., 2016; Kingma et al., 2016; Chen et al., 2017; Yeung et al., 2017; Alemi et al., 2018; Lucas et al., 2019; Dieng et al., 2018); we could also observe the posterior collapsing behavior of the NPs in our experiments."
    }, {
      "heading" : "3 NEURAL VARIATIONAL DROPOUT PROCESSES",
      "text" : "This section introduces a new model-based Bayesian meta-learning approach called Neural Variational Dropout Processes (NVDPs). Unlike the existing methods such as NPs or VERSA employing conditional latent representation or direct modeling of NN’s weights, NVDPs extend the posterior modeling of the Variational Dropout (VD) in the context of meta-learning. We also introduce a new type of task-specific prior to optimize the conditional dropout posterior in variational inference."
    }, {
      "heading" : "3.1 A CONDITIONAL DROPOUT POSTERIOR",
      "text" : "Variational dropout (VD) (Kingma et al., 2015; Gal & Ghahramani, 2016; Molchanov et al., 2017; Hron et al., 2018; Liu et al., 2019) is a set of approaches that models the variational posterior distribution based on the dropout regularization technique. The dropout regularization randomly turns off some of the Neural Network (NN) parameters during training by multiplying discrete Bernoulli random noises to the parameters (Srivastava et al., 2014; Hinton et al., 2012). This technique was originally popularized as an efficient way to prevent NN model’s over-fitting. Later, the fast dropout (Wang & Manning, 2013; Wan et al., 2013) reported that multiplying the continuous noises sampled from Gaussian distributions works similarly to the conventional Bernoulli dropout (Srivastava et al., 2014) due to the central limit theorem. The Gaussian approximation of the Bernoulli dropout is convenient since it provides a fully factorized (tractable) posterior model over the NN’s parameters (Wang & Manning, 2013; Wan et al., 2013). In addition, VD approaches often utilize sparse priors for regularization (Kingma et al., 2015; Molchanov et al., 2017; Hron et al., 2018; 2017; Liu et al., 2019). This posterior and prior distribution modeling in VD enables the learning of each independent dropout rate over the NN parameters as variational parameters. This distinguishes the VD approaches from the conventional dropouts that use a single fixed rate over all parameters. However, the dropout posterior in the conventional VD becomes fixed once trained and it is unable to express the conditional posterior according to multiple tasks.\nConditional dropout posterior. We propose a new amortized variational posterior model that can be efficiently adapted for each given task. Suppose we train a fully connected NN of L layers, then a conditional dropout posterior3 based on the task-specific dropout rates Pt over the K × D dimensional deterministic parameters θ of each l-th layer of the NN can be given as follows:\nq(φt|DtC ; θ) = K∏ k=1 D∏ d=1 q(φtk,d|DtC) = K∏ k=1 D∏ d=1 N (φtk,d|(1−Ptk,d)θk,d,Ptk,d(1−Ptk,d)θ2k,d). (2)\nThe parameter4 θk,d is shared across different tasks, representing the common task-invariant structure. In the equation 2, the task-specific NN parameter φt are fully described by the mean and variance of each independent Gaussian distribution via θk,d and Ptk,d. Note that the variational posterior model is explicitly conditioned on the subset of the t-th training dataset DtC = {xti,yti}Si=1 (⊆ Dt) known as the t-th context set. The key idea of conditional posterior modeling in NVDPs is to employ an NN-based meta-model to predict the task-specific dropout rate Ptk,d from the small context set DtC . The meta-model to approximate Ptk,d for each given task is simply defined as:\nPtk,d = s(ak) · s(bd) · s(c), where (a,b, c) = gψ(rt). (3)\nHere, the set representation rt is defined as the mean of features obtained from each data in t-th context setDtC (i.e., rt = ∑S i=1hω(x t i,y t i)/S, where hω is a feature extracting NN parameterized by ω), summarizing order invariant set information (Edwards & Storkey, 2017; Lee et al., 2019b). The gψ(·) is meta NN model parameterized by ψ to predict a set of logit vectors (i.e., a ∈ RK ,b ∈ RD and c ∈ R). Then, the sigmoid function with a learnable temperature parameter τ (i.e., sτ (·) = 1/(1 + exp(−(·)/τ) ) is applied to them to get the low-rank components of task-specific dropout rates Ptk,d: the row-wise s(ak), column-wise s(bd), and layer-wise dropout rate s(c). In other words, the task-specific dropout rate Ptk,d is obtained by multiplying low-rank components of the conditionally approximated dropout rates from the NN-based meta-model gψ(DtC) (see Figure1 (a)). The product of n Bernoulli random variables is also a Bernoulli variable (Leemis, 2020). By exploiting this property, we interpret the approximation of the task-specific dropout rates in terms of the low-rank product of Bernoulli experts. Unlike VERSA whose meta-model’s complexity is O(LKD) to model the full NN weight posterior directly, the complexity of meta-model in NVDPs is O(L(K+D+1)). In addition, the meta-model’s role is only to predict the low-rank components of the task-specific dropout rates. With the shared parameter θ, this can greatly reduce the complexity of the posterior distribution approximation of the high-dimensional task-specific NN’s weights using only a few observed context examples. The product model tends to give sharp probability boundaries, which is often used for modeling the high dimensional data space (Hinton, 2002)."
    }, {
      "heading" : "3.2 THE TASK-SPECIFIC VARIATIONAL PRIOR",
      "text" : "To optimize the conditional dropout posterior in equation 2, a specification of the prior distribution p(φt) is necessary to get a tractable derivation of the KL regularization term of the ELBO in equa-\n3The original Gaussian approximation in the VD is q(φk,d) = N (φk,d|θk,d, αθ2k,d) with α = Pk,d/(1 − Pk,d). But, NVDPs extend the Bernoulli dropout model (Wang & Manning, 2013; Wan et al., 2013).\n4We omit the layer index l of the parameter θl,k,d for brevity.\ntion 1. The question is how we can define the effective task-specific prior. In fact, an important requirement in the choice of the prior distribution in the conventional VD framework (Kingma et al., 2015) is that the analytical derivation of the KL term (i.e., KL(q(φt|DtC ; θ)||p(φt)) in equation 1) should not depend on the deterministic NN parameter θ. This allows the constant optimization of the ELBO w.r.t all the independent variational parameters (i.e., θl,k,d and Pl,k,d for all l = 1 . . . L, k = 1 . . .K and d = 1 . . . D). One way of modeling the prior is to employ the log-uniform prior p(log(|φ|) ∝ c as in the conventional VD (Kingma et al., 2015). However, a recently known limitation is that the log-uniform prior is an improper prior (e.g., the KL divergence between the posterior and the log-uniform prior is infinite). This could yield a degeneration of the dropout posterior model to a deterministic one (Molchanov et al., 2017; Hron et al., 2018; 2017; Liu et al., 2019). Besides, the conventional prior used in VD approaches does not support a task-dependent regularization.\nVariational prior. We introduce a new task-specific prior modeling approach to optimize the proposed conditional posterior; it is approximated with the variational prior defined by the same dropout posterior model in equation 2 except that the prior is conditioned on the whole task data (i.e., p(φt) ≈ q(φt|Dt)). The KL divergence between the conditional dropout posterior (with the only context set) and the variational prior (with the whole task data) can be derived as: KL(q(φt|DtC)||q(φt|Dt)) = K∑ k=1 D∑ d=1 { Ptk,d(1−Ptk,d) + (P̂tk,d −Ptk,d)2 2P̂tk,d(1− P̂tk,d) + 1 2 log P̂tk,d(1− P̂tk,d) Ptk,d(1−Ptk,d) }\n(4)\nwhere both Pk,d and P̂k,d are the dropout rates predicted from the meta-model but with different conditional set information: Pk,d is obtained from the small context set DtC , while P̂k,d is from the whole task set Dt. Interestingly, the analytical derivation of the KL is independent of the shared parameter θ, thus this satisfies the necessary condition to be used as a prior in the VI optimization of the dropout posterior. Figure 1(b) depicts the variational prior is conditioned on the whole dataset.\nThe shared posterior model for the task-specific prior introduced here was inspired by recent Bayesian meta-learning approaches (Garnelo et al., 2018b; Kim et al., 2019; Iakovleva et al., 2020), but some critical differences are that: 1) we have developed the variational prior to regularize the task-specific dropout rates in the optimization of the conditional dropout posterior, 2) the denominator and the numerator of the KL divergence term in equation 4 are reversed compared with the existing approaches. In fact, some other recent studies of amortized VI inference (Tomczak & Welling, 2018; Takahashi et al., 2019) analytically derived that the optimal prior maximizing VI objective is the variational posterior aggregated on the whole dataset: p∗(φ) = ∫ D q(φ|D)p(D). Thus, we hypothesized the conditional posterior model that depends on the whole dataset should be used to approximate the optimal prior p∗(φt) ≈ q(φt|Dt) since the variational model conditioned on the aggregated set representation with much larger context (e.g.,Dt ⊇ DtC) is likely to be much closer to the optimal task-specific prior than the model conditioned only on a subset. The experiments in Section 5 demonstrate that the proposed variational prior approach provides a reliable regularization for the conditional dropout posterior and the similar formulation is also applicable to the latent variable based conditional posterior models (Garnelo et al., 2018b; Kim et al., 2019)."
    }, {
      "heading" : "3.3 STOCHASTIC VARIATIONAL INFERENCE",
      "text" : "With the conditional dropout posterior defined in equation 2 and the KL regularization term in equation 4, we can now fully describe the ELBO objective of NVDPs for the multi-task dataset as:\nT∑ t=1 log p(Dt) ≥ T∑ t=1 {Eq(φt|DtC ;θ)[log p(y t|xt, φt)]− KL(q(φt|DtC ; θ)||q(φt|Dt; θ))}. (5)\nThe goal is to maximize the ELBO equation 5 w.r.t. the variational parameters (i.e. θ, ψ, ω, and τ ) of the posterior q(φt|DtC ; θ) defined in equation 2. The optimization of these parameters is done by using the stochastic gradient variational Bayes (SGVB) (Kingma & Welling, 2013; Kingma et al., 2014). The basic trick in the SGVB is to parameterize the random weights φt ∼ q(φt|Dt) using a deterministic differentiable transformation φt = f( ,DtC) with a non-parametric i.i.d. noise ∼ p( ). Then, an unbiased differentiable minibatch-based Monte Carlo estimator, L̂(θ, ψ, ω, τ),\nof the ELBO of NVDPs can be defined as:\n1\nT ′ T ′∑ t=1 { 1 M M∑ i=1 log p(yti |xti, f( ,DtC)) − ( Pt(1−Pt) + (P̂t −Pt)2 2P̂t(1− P̂t) + 1 2 log P̂t(1− P̂t) Pt(1−Pt) )} (6)\nT ′ and M are the size of randomly sampled mini-batch of tasks and data points, respectively, per each epoch (i.e.,{xti,yti}Mi=1 = Dt ∼ {Dt}T ′\nt=1 ∼ D). DtC is the subset set of Dt discussed in section 3.1 and 3.2. The transformation of the task-specific weights is given as φtk,d = f( k,d,DtC) = (1 − Ptk,d)θk,d + √ Ptk,d(1−Ptk,d)θk,d k,d with k,d ∼ N(0, 1) from the equation 2. The inter-\nmediate weight φtk,d is now differentiable with respect to θk,d and P t k,d. Also, P t k,d (and P̂ t k,d) is deterministically computed by the meta-model parameterized by ψ, ω, and τ as in equation 3. Thus, the estimator L̂(θ, ψ, ω, τ) in equation 6 is differentiable with respect to all the variational parameters and can be optimized via the SGD algorithm. In practice, a local reparameterization trick5 is further utilized to reduce the variance of gradient estimators on training (Kingma et al., 2015)."
    }, {
      "heading" : "4 RELATED WORKS",
      "text" : "Gaussian Processes(GPs) (Rasmussen & Williams, 2005) are classical Bayesian learning approaches closely related to NVDPs; GPs allow an analytical derivation of the posterior predictive distribution given observed context points based on Gaussian priors and kernels. However, classical GPs require an additional optimization procedure to identify the suitable kernel for each task, and the time complexity is quadratic to the number of contexts. Recently introduced model-based Bayesian metalearning methods (Garnelo et al., 2018b;a; Kim et al., 2019; Gordon et al., 2018; Iakovleva et al., 2020) offer NN-based conditional posterior models that can be efficiently learned from data and later provide an instant posterior predictive estimation at test time. One important aspect of these modelbased methods have in common is the utilization of permutation invariant set representation as an input to the meta-model (Edwards & Storkey, 2017; Lee et al., 2019b; Bloem-Reddy & Teh, 2020; Teh & Lecture, 2019), which makes a conditional posterior invariant to the order of the observed context data. This property, known as exchangeability, is a necessary condition to define a stochastic process according to Kolmogorov’s Extension Theorem (Garnelo et al., 2018b; Kim et al., 2019; Øksendal, 2003). NVDPs also utilize the set representation to approximate the task-specific dropout rates in the conditional dropout posterior. Another related work to NVDPs is Meta Dropout (Lee et al., 2019a). They also proposed a unique input-dependent dropout approach; Gaussian-based stochastic perturbation is applied to each preactivation feature of NN functions. Their approach, however, is constructed using optimization-based meta-learning methods (Finn et al., 2017; Li et al., 2017) without directly considering the set representation. NVDPs, employing set representation, extend the dropout posterior of Variational Dropout (VD) (Kingma et al., 2015; Wang & Manning, 2013; Wan et al., 2013; Liu et al., 2019; Molchanov et al., 2017) in the context of model-based meta-learning and introduce a new idea of variational prior that can be universally applied to other Bayesian learning approaches (Garnelo et al., 2018b; Kim et al., 2019). Gal & Ghahramani (2016) also discussed the theoretical connection between VD and GPs."
    }, {
      "heading" : "5 EXPERIMENTS",
      "text" : "Metrics in regression. In the evaluation of the conditional NN models’ adaptation, the newly observed task data D∗ is split into the input-output pairs of the context set D∗C = {xi, yi}Si=1 and the target set D∗T = {xi, yi}Ni=1 (D∗C 6⊆ D∗T in evaluation (Garnelo et al., 2018b; Gordon et al., 2018)). (1) The log-likelihood (LL), 1N+S ∑ i∈D∗C∪D∗T Eq(φ∗|D∗C)[log p(yi|xi, φ ∗)], measures the performance of the NN model over the whole dataset D∗ conditioned on the context set. (2) The reconstructive log-likelihood (RLL), 1S ∑ i∈D∗C Eq(φ∗|D∗C)[log p(yi|xi, φ ∗)], measures how well the model reconstructs the data points in the context set. A low RLL is a sign of under-fitting. (3) The predictive log-likelihood (PLL), 1N ∑ i∈D∗T Eq(φ∗|D∗C)[log p(yi|xi, φ ∗)], measures the prediction on the data points in the target set (not in the context set). A low PLL is a sign of over-fitting. 5We can sample pre-activations Bm,d for a mini-batch of size M directly using inputs Am,k (Bm,d ∼\nN (Bm,d| ∑K k=1Am,k(1−P t k,d)θk,d, ∑K k=1A 2 m,kP t k,d(1−Ptk,d)θ2k,d)).\nGP Samples. The 1D regression task is to predict unknown functions given some observed context points; each function (or data point) is generated from a Gaussian Process (GP) with random kernel, then the standard data split procedure is performed (i.e. S ∼ U(3, 97) and N ∼ U [S + 1, 100)) at train time. For the baseline models, Neural Process model (NP) and NP with additional deterministic representation (NP+CNP) described in (Garnelo et al., 2018b;a; Kim et al., 2019) is compared. We also adopted the variational prior (VP) into the representation based posterior of NP and its variants (NP+VP and NP+CNP+VP). For all models (including our NVDP), we used the same fixed variance and learned variance likelihood architecture depicted in (Kim et al., 2019): the agent NN with 4 hidden layers of 128 units with LeLU activation (Nair & Hinton, 2010) and an output layer of 1 unit for mean (or an additional 1 unit for variance). The dimensions of the set representation rt were fixed to 128. The meta NNs in the conditional dropout posterior in NVDP has 4 hidden layers of 128 units with LeakyReLU and an output layer of 257 units (i.e. K+D+1) for each layer of the agent model. All models were trained with Adam optimizer (Kingma & Ba, 2015) with learning rate 5e-4 and 16 task-batches for 0.5 million iterations. On validation, 50000 random tasks (or functions) were sampled from the GP function generator, and the split data of S ∼ U(3, 97) and N = 400−S were used to compute the log-likelihood (LL) and other evaluation metrics.\nTable 1 summarizes the validation results of 1D regression with the GP dataset. NVDP achieves the best LL scores compared with all other baselines in both the fixed and learned variance likelihood model settings. The NVDPs record high RLL on the observed data points and excellent PLL scores on the unseen function space in the new task; this indicates that the proposed conditional dropout posterior approach can simultaneously mitigate the under-fitting and over-fitting of the agent model compared with the other baselines. When VP is applied to NP or NP+CNP, the PLL scores tend to increase by meaningful margins in all cases. This demonstrates that the proposed variational prior (VP) approach can also reduce the over-fitting of latent representation-based conditional posterior. Figure 2 visualizes the few-shot 1D function regression results in both model settings. In the fixed variance setting, the functions sampled from NPs show high variability but cannot fit the context data well. NP+CNP can fit the context data well but loses epistemic uncertainty due to the collapsing of conditional posterior. On the other hand, the functions from NVDPs show a different behavior; they capture the function’s variability well while also fitting the observed context points better. NVDPs also approximate the mean and variance of unknown function well in learned variance setting.\nActive learning with regression. To further compare the uncertainty modeling accuracy, we performed an additional active learning experiment on the GP dataset described above. The goal in active learning is to improve the log-likelihood of models with a minimal number of context points. To this end, each model chooses additional data points sequentially; the points with maximal variance across the sampled regressors were selected at each step in our experiment. The initial data point is randomly sampled within the input domain, followed by 19 additional points that are selected according to the variance estimates. As seen in Figure 3, NVDPs outperform the others due to their accurate variance estimation, especially with a small number of additional points, and show steady improvement with less over-fitting.\nImage completion tasks. The image completion tasks are performed to validate the performance of the models in the more complex function spaces (Garnelo et al., 2018b;a; Kim et al., 2019). Here, we treat the image samples from MNIST (LeCun et al., 1998) and CelebA (Liu et al., 2015) as unknown functions. The task is to predict a mapping from normalized 2D pixel coordinates xi (∈ [0, 1]2) to pixel intensities yi (∈ R1 for greyscale, ∈ R3 for RGB) given some context points. We used the same learned variance baselines implemented in the GP data regression task (except the 2D input and 3D output for the agent NN and rt = 1024 were used for CelebA). At each iteration, the images in the training set are split into S context and N target points (e.g., S ∼ U(3, 197), n ∼ U [N + 1, 200) at train and S ∼ U(3, 197), N = 784− S at validation). Adam optimizer with a learning rate 4e-4 and 16 task batches with 300 epochs were used for training. The validation is performed on the separated validation set. To see the generalization performance on a completely new dataset, we also tested the models trained on MNIST to the Omniglot validation set.\nTable 2 summarizes the validation results of image completion tasks. NVDPs achieve the outperforming LLs compared with all other baselines. Interestingly, NVDPs (trained on the MNIST\ndataset) also achieve the best results on the Omniglot dataset. Figure 4 shows the image reconstruction results with a varying number of random context pixels. NP generated various image samples when the number of contexts was small (e.g., m ≤ 30 or half), but those samples could not approximate the true unknown images well compared with the other models. The NP+CNP achieves crisp reconstruction results compared with NP and also shows a good generalization performance on the Omniglot dataset, but the sampled images (or functions) from NP+CNP had almost no variability due to its posterior collapsing behavior. On the other hand, the samples from NVDPs exhibit comparable reconstruction results while also showing a reasonable amount of variability. In addition, NVDPs also present an outstanding generalization performance on the unseen Omniglot dataset. This implies that NVDPs not only fit better in the complex function regression but can also capture more general knowledge that can be applied to new unseen tasks.\nFew-shot classification tasks. NVDPs can also be successfully applied for few-shot classification tasks; we have tested NVDPs on standard benchmark datasets such as Omniglot (Lake et al., 2015) and MiniImagenet (Ravi & Larochelle, 2017) with other baselines: VERSA (Gordon et al., 2018), CNP (Garnelo et al., 2018a), Matching Nets (Vinyals et al., 2016), Prototypical Nets (Snell et al., 2017), MAML (Finn et al., 2017), Meta-SGD (Li et al., 2017) and Meta-dropout (Lee et al., 2019a). For the classifier, we used one-layer NNs with hidden units of 512. For the meta-model, we used two-layer NNs with hidden units of 256 similar to VERSA’s conditional posterior model. For an image input, the NN classifier outputs one logit value per each class; class-specific dropout rates for the NN classifier are computed with the image features rt ∈ R256 aggregated by the same class in the few-shot context examples. The same deep (CONV5) feature extractor architecture is used as in VERSA (Gordon et al., 2018). For each class, 1 or 5 few-shot context samples (i.e., labeled images) are given. Among 5 or 20 classes, only the logit value related to the true label is maximized. We use the same batch sizes, learning rate, and epoch settings depicted in VERSA (Gordon et al., 2018). Table 3 summarizes the results. NVDPs achieve higher predictive accuracy than the model-based meta-learning approaches CNP and VERSA and is comparable with the stateof-the-art optimization-based meta-learning approaches such as MAML or Meta-Dropout on the Omniglot dataset. NVDPs also record a good classification accuracy in the MiniImageNet dataset."
    }, {
      "heading" : "6 CONCLUSION",
      "text" : "This study presents a new model-based Bayesian meta-learning approach, Neural Variational Dropout Processes (NVDPs). A novel conditional dropout posterior is induced from a meta-model that predicts the task-specific dropout rates of each NN parameter conditioned on the observed context. This paper also introduces a new type of variational prior for optimizing the conditional posterior in the amortized variational inference. We have evaluated the proposed method compared with the existing approaches in various few-shot learning tasks, including 1D regression, image inpainting, and classification tasks. The experimental results demonstrate that NVDPs simultaneously improved the model’s adaptation to the context data, functional variability, and generalization to new tasks. The proposed variational prior could also improve the variability of the representation-based posterior model (Garnelo et al., 2018b). Adapting the advanced set representations of (Lee et al., 2019b; Kim et al., 2019; Volpp et al., 2020) or investigating more complex architectures (Chen et al., 2019; Gordon et al., 2020; Foong et al., 2020) for NVDPs would be interesting future work."
    }, {
      "heading" : "ACKNOWLEDGMENT",
      "text" : "This work was supported by Center for Applied Research in Artificial Intelligence(CARAI) grant funded by Defense Acquisition Program Administration(DAPA) and Agency for Defense Development(ADD) (UD190031RD) and Basic Science Research Program through National Research Foundation of Korea (NRF) funded by the Korea government (MSIT) (NRF-2020R1A2B5B03095585). Gunhee Kim is the corresponding author. Insu Jeon thanks Jaesik Yoon, Minui Hong, and Kangmo Kim for helpful comments."
    }, {
      "heading" : "A DERIVATION OF THE ELBO OF NVDPS",
      "text" : "This section describes a detailed derivation of the evidence lower-bound (ELBO) of NVDPs in equation 5. Given the context dataDtC = (xtC ,ytC) and target dataDt = (xt,yt), the KL divergence between the true unknown posterior distribution over parameter p(φt|xt,yt) and the (conditional) variational posterior q(φt|DtC) is given by:\nT∑ t=1 DKL(q(φ t|DtC)||p(φt|Dt)) = T∑ t=1 ∫ q(φt|DtC) log q(φt|DtC) p(φt|xt,yt) dφt\n= T∑ t=1 ∫ q(φt|DtC) log q(φt|DtC)p(yt|xt) p(yt|xt, φt)p(φt) dφt (7)\n= T∑ t=1 ∫ q(φt|DtC) { log q(φt|DtC) p(φt) + log p(yt|xt)− log p(yt|φt,xt) } dφt\n= T∑ t=1 DKL(q(φ t|DtC)||p(φt)) + log p(yt|xt)− Eq(φt|DtC)[log p(y t|φt,xt)]. (8)\nThe step (7) is due to Bayes rule of p(φt|xt,yt) = p(y t|φt,xt)p(φt) p(yt|xt) where φ\nt is often assumed to be independent of xt. By reordering (8), we get\nT∑ t=1 log p(yt|xt) ≥ T∑ t=1 Eq(φt|DtC)[log p(y t|xt, φt)]−DKL(q(φt|DtC)||p(φt)) (9)\n≈ T∑ t=1 Eq(φt|DtC)[log p(y t|φt,xt,DtC)]−DKL(q(φt|DtC)||q(φt|Dt)) (10)\nThe lower-bound in (9) is due to the non-negativity of the omitted term∑T t=1DKL(q(φ\nt|DtC)||p(φt|Dt)) In the lower-bound of (9), the choice of p(φt) is often difficult since the biased prior can lead to over-fitting or under-fitting of the model. However, some recent studies of the amortized VI inference (Tomczak & Welling, 2018; Takahashi et al., 2019) analytically discussed that the optimal prior in the amortized variational inference is the aggregated conditional posterior model on whole dataset: p∗(φ) = ∫ D q(φ|D)p(D). Usually, the aggregated posterior cannot be calculated in a closed form due to the expensive computation cost of the integral. However, the aggregation on the whole dataset in the model-based conditional posterior is constructed based on the set representation. This motivates us to define the conditional posterior given the whole task dataset as an empirical approximation of the optimal prior (i.e., p∗(φt) ≈ q(φt|Dt)). We call this a variational prior. Thus, the approximation of pt(φ) in (9) with the variational prior yields the approximated lower bound of (10)."
    }, {
      "heading" : "B DERIVATION OF THE KL DIVERGENCE IN THE ELBO OF NVDPS",
      "text" : "An essential requirement in the choice of the prior is that the analytical derivation of the KL divergence term in equation (10) should not depend on the deterministic NN parameter θ (Kingma et al., 2015; Molchanov et al., 2017; Hron et al., 2018; 2017; Liu et al., 2019). This allows the constant optimization of the ELBO w.r.t all the independent variational parameters (i.e. θl,k,d and Pl,k,d for\nall l = 1 . . . L, k = 1 . . .K, and d = 1 . . . D). In fact, the conditional posterior defined in (2) is a Gaussian distribution, thus KL(q(φt|DtC ; θ)||q(φt|Dt; θ)) is analytically defined as:\nDKL(q(φ t|DtC ; θ)||q(φt|Dt; θ)))\n= Pt(1−Pt)θ2 + ((1−Pt)θ − (1− P̂t)θ)2\n2P̂t(1− P̂t)θ2 + log √ P̂t(1− P̂t)θ2√ Pt(1−Pt)θ2 − 1 2\n(11)\n= Pt(1−Pt)@θ2 + (P̂t −Pt)2@θ2\n2P̂t(1− P̂t)@θ2 +\n1 2 log\nP̂t(1− P̂t)@θ2\nPt(1−Pt)@θ2 − 1 2 (12)\n= Pt(1−Pt) + (P̂t −Pt)2\n2P̂t(1− P̂t) +\n1 2 log P̂t(1− P̂t) Pt(1−Pt) − 1 2\n(13)\nwhere both P and P̂ are the dropout rates predicted from the meta-model via the equation (3) but with different conditional set information: P is obtained from the small context set DtC , while P̂ is from the whole task set Dt. (11) is derived using the analytical formulation of KL divergence between two Gaussian distributions. (13) is equivalent to the KL term defined in (4) of the manuscript (except that the constant term 1/2 is omitted for brevity). Interestingly, the analytical derivation of the KL is independent of the shared parameter θ, thus this satisfies the necessary condition to be used as a prior in the VI optimization of the dropout posterior.\nThe KL divergence in (13) intuitively means that the dropout rates predicted from a small context set should be close to the dropout rates predicted from a much larger context set while training. The experiments validated that this surprisingly works well to induce a robust conditional functional uncertainty. However, one practical issue while training the dropout rate with the KL term (13) is that the dropout rate could converge to zeros during the early training period due to the larger gradients from the KL than from the likelihood 6. In practice, we adopt the dropout rate clipping technique often used in other Variational Dropout approaches (Kingma et al., 2015; Hron et al., 2018; Liu et al., 2019; Molchanov et al., 2017; Gal & Ghahramani, 2016; Liu et al., 2019). We use the dropout rate range of (0.01, 0.99) for all experiments."
    }, {
      "heading" : "C ADDITIONAL EXPERIMENTAL DETAILS ON THE 1D REGRESSION.",
      "text" : "Setup. We explored the 1D function regression on the data generated from the synthetic GPs with varying kernels7 in the previous work (Garnelo et al., 2018b;a; Kim et al., 2019) that is suitable for measuring the uncertainty adaptation. For the baseline models, Neural Process model (NP) and NP with additional deterministic representation (NP+CNP) described in (Garnelo et al., 2018b;a; Kim et al., 2019) is compared. We also adopted the variational prior (VP) into the representation-based posterior of NP and its variants (NP+VP and NP+CNP+VP). For all models (including our NVDP), we used the same fixed variance and learned variance likelihood architecture depicted in (Kim et al., 2019): the agent NN with 4 hidden layers of 128 units with LeLU activation (Nair & Hinton, 2010) and an output layer of 1 unit for mean (or an additional 1 unit for variance). The dimensions of the set representation rt were fixed to 128. The meta NNs in the conditional dropout posterior in NVDPs have 4 hidden layers of 128 units with LeakyReLU and an output layer of 257 units (i.e. K+D+1) for each layer of the agent model. All models were trained with Adam optimizer (Kingma & Ba, 2015) with learning rate 5e-4 for 0.5 million iterations. We draw 16 functions (a batch) from GPs at each iteration. Specifically, at every training step, we draw 16 functions f(·) from GP prior with the squared-exponential kernels, k(x, x′) = σ2f exp(−(x − x′)2/2l2), generated with lengthscale l ∼ U(0.1, 0.6) and function noise level σf ∼ U(0.1, 1.0). Then, x values was uniformly sampled from [−2, 2], and corresponding y value was determined by the randomly drawn function (i.e. y = f(x), f ∼ GP). And the task data points are split into a disjoint sample of m contexts and n targets as m ∼ U(3, 97) and n ∼ U [m + 1, 100), respectively. In the test or validation, the numbers of contexts and targets were chosen as m ∼ U(3, 97) and n = 400 − m, respectively. 50000 functions were sampled from GPs to compute the log-likelihood (LL) and other scores for validation.\n6It also turns out to be a floating-point exception problem. We later set the minimum noise (i.e., eps) to 1e 9 10 in the calculation of log, sqrt, and division function, and the collapsing problem did not occur again.\n7https://github.com/deepmind/neural-processes\nThe architecture of NVDP model is as follows:\n(Deterministic) Feature Encoder. r(xts,yts) : 2× |C| lin+relu−→ 128× |C|︸ ︷︷ ︸\n6 times\nmean−→ 128.\nDecoder (Agent). f(xi) : 1 lin+relu−→ 128︸ ︷︷ ︸\n4 times\nlin+relu−→ 2 split−→ (µ, σ) (where σ = 0.1 + 0.9· softplus(logstd)).\nMeta Model. g(l)(r) : dr lin+leakyReLu−→ 128︸ ︷︷ ︸\n4 times\nlin+leakyReLu−→ (K(l), D(l), 1) split−→ (a,b, c)\nwhere g(l)(r) is the meta NN for the l-th layer of the decoder, and K(l) × D(l) is the number of parameters in the l-th layer."
    }, {
      "heading" : "D ADDITIONAL EXPERIMENTAL DETAILS ON THE IMAGE COMPLETION TASK.",
      "text" : "Setup. The image completion tasks are performed to validate the performance of the models in more complex function spaces (Garnelo et al., 2018b;a; Kim et al., 2019) Here, we treat the image samples from MNIST (LeCun et al., 1998) and CelebA (Liu et al., 2015) as unknown functions. The task is to predict a mapping from normalized 2D pixel coordinates xi (∈ [0, 1]2) to pixel intensities yi (∈ R1 for greyscale, ∈ R3 for RGB) given some context points. For 2D regression experiments, we used the same learned variance baselines implemented in the GP data regression task, except the input and output of the decoder are changed according to dataset, e.g., xi ∈ [0, 1]2, and yi ∈ R1 for MNIST (or ∈ R3 and rt = 1024 for CelebA). At each iteration, the images in the training set are split into S context and N target points (e.g., S ∼ U(3, 197), n ∼ U [N + 1, 200) at train and S ∼ U(3, 197), N = 784 − S at validation). Adam optimizer with a learning rate 4e-4 and 16 batches with 300 epochs were used for training. The validation is performed on the separated validation images set. To see the generalization performance on a completely new dataset, we also tested the models trained on MNIST to the Omniglot validation set."
    }, {
      "heading" : "E ADDITIONAL EXPERIMENTS ON 1D FUNCTION REGRESSION ON A TOY TRIGONOMETRY DATASET",
      "text" : "Setup. To further investigate how the proposed meta-model utilizes the common structures of the NN parameters, we trained a small NVDP model (of the size of 13-12-12-2) on a mixture of scaled trigonometric functions: x is sampled in a range of [−π, π], and y is determined by y = a ∗ f(2 ∗ x − b ∗ π) where f is one of three functions sine, cosine, and tanh with the probability of one third, and a ∼ U(1.5, 2) and b ∼ U(−0.1, 0.1). We used the training procedures in the next section except the the simple model architecture and learning rate 5e− 4. For the small NVDP model on 1D function regression with Trigonometry dataset, the following architecture was employed:\n(Deterministic) Feature Encoder. r(xts,yts) : 2× |C| lin+relu−→ 12× |C|︸ ︷︷ ︸\n6 times\nmean−→ 12.\nDecoder (Agent). f(xi, r) : (1 + dr) lin+relu−→ 12︸ ︷︷ ︸\n2 times\nlin+relu−→ 2 split−→ (µ, σ) (where σ = 0.1 + 0.9· soft-\nplus(logstd)).\nMeta Model. g(l)(r) : dr lin+Mish−→ 12︸ ︷︷ ︸\n4 times\nlin+Mish−→ (K(l), D(l), 1) split−→ (a,b, c)\nwhere g(l(r) is the meta NN for the l-th layer of the decoder, and K(l) × D(l) is the number of parameters in the l-th layer.\nResults. Figure 11 displays the trained NVDP on the trigonometry function dataset. The NVDP could capture the probability of dropout for each parameter θ of the agent, successfully predicting the task-specific trigonometric functions conditioned on the small (S = 4) context set. This shows that the task-specific dropout rates can transform a single conventional NN agent to express multiple functions. It is interesting to see that the contexts from sine and cosine functions yield similar dropout rates for the second layer. On the other hand, the contexts from tanh function results in different dropout structures for all layers."
    } ],
    "references" : [ {
      "title" : "Fixing a broken elbo",
      "author" : [ "Alexander A Alemi", "Ben Poole", "Ian Fischer", "Joshua V Dillon", "Rif A Saurous", "Kevin Murphy" ],
      "venue" : "PMLR,",
      "citeRegEx" : "Alemi et al\\.,? \\Q2018\\E",
      "shortCiteRegEx" : "Alemi et al\\.",
      "year" : 2018
    }, {
      "title" : "Learning to learn by gradient descent by gradient descent",
      "author" : [ "Marcin Andrychowicz", "Misha Denil", "Sergio Gomez", "Matthew W Hoffman", "David Pfau", "Tom Schaul", "Brendan Shillingford", "Nando De Freitas" ],
      "venue" : "NeurIPS,",
      "citeRegEx" : "Andrychowicz et al\\.,? \\Q2016\\E",
      "shortCiteRegEx" : "Andrychowicz et al\\.",
      "year" : 2016
    }, {
      "title" : "Probabilistic symmetry and invariant neural networks",
      "author" : [ "Benjamin Bloem-Reddy", "Yee Whye Teh" ],
      "venue" : null,
      "citeRegEx" : "Bloem.Reddy and Teh.,? \\Q2020\\E",
      "shortCiteRegEx" : "Bloem.Reddy and Teh.",
      "year" : 2020
    }, {
      "title" : "A closer look at few-shot classification",
      "author" : [ "Wei-Yu Chen", "Yen-Cheng Liu", "Zsolt Kira", "Yu-Chiang Frank Wang", "Jia-Bin Huang" ],
      "venue" : "In ICLR,",
      "citeRegEx" : "Chen et al\\.,? \\Q2019\\E",
      "shortCiteRegEx" : "Chen et al\\.",
      "year" : 2019
    }, {
      "title" : "Variational lossy autoencoder",
      "author" : [ "Xi Chen", "Diederik P Kingma", "Tim Salimans", "Yan Duan", "Prafulla Dhariwal", "John Schulman", "Ilya Sutskever", "Pieter Abbeel" ],
      "venue" : "In ICLR,",
      "citeRegEx" : "Chen et al\\.,? \\Q2017\\E",
      "shortCiteRegEx" : "Chen et al\\.",
      "year" : 2017
    }, {
      "title" : "Bayesian multitask learning with latent hierarchies",
      "author" : [ "Hal Daumé III" ],
      "venue" : "In UAI,",
      "citeRegEx" : "III.,? \\Q2009\\E",
      "shortCiteRegEx" : "III.",
      "year" : 2009
    }, {
      "title" : "Avoiding latent variable collapse with generative skip models",
      "author" : [ "Adji B Dieng", "Yoon Kim", "Alexander M Rush", "David M Blei" ],
      "venue" : null,
      "citeRegEx" : "Dieng et al\\.,? \\Q2018\\E",
      "shortCiteRegEx" : "Dieng et al\\.",
      "year" : 2018
    }, {
      "title" : "Towards A Neural Statistician",
      "author" : [ "Harrison Edwards", "Amos Storkey" ],
      "venue" : "In ICLR,",
      "citeRegEx" : "Edwards and Storkey.,? \\Q2017\\E",
      "shortCiteRegEx" : "Edwards and Storkey.",
      "year" : 2017
    }, {
      "title" : "Model-agnostic meta-learning for fast adaptation of deep networks",
      "author" : [ "Chelsea Finn", "Pieter Abbeel", "Sergey Levine" ],
      "venue" : "In PMLR,",
      "citeRegEx" : "Finn et al\\.,? \\Q2017\\E",
      "shortCiteRegEx" : "Finn et al\\.",
      "year" : 2017
    }, {
      "title" : "Probabilistic model-agnostic meta-learning",
      "author" : [ "Chelsea Finn", "Kelvin Xu", "Sergey Levine" ],
      "venue" : "In NeurIPS,",
      "citeRegEx" : "Finn et al\\.,? \\Q2018\\E",
      "shortCiteRegEx" : "Finn et al\\.",
      "year" : 2018
    }, {
      "title" : "Meta-learning stationary stochastic process prediction with convolutional neural processes",
      "author" : [ "Andrew YK Foong", "Wessel P Bruinsma", "Jonathan Gordon", "Yann Dubois", "James Requeima", "Richard E Turner" ],
      "venue" : "NeurIPS,",
      "citeRegEx" : "Foong et al\\.,? \\Q2020\\E",
      "shortCiteRegEx" : "Foong et al\\.",
      "year" : 2020
    }, {
      "title" : "Dropout as a bayesian approximation: Representing model uncertainty in deep learning",
      "author" : [ "Yarin Gal", "Zoubin Ghahramani" ],
      "venue" : "In ICML,",
      "citeRegEx" : "Gal and Ghahramani.,? \\Q2016\\E",
      "shortCiteRegEx" : "Gal and Ghahramani.",
      "year" : 2016
    }, {
      "title" : "Conditional neural processes",
      "author" : [ "Marta Garnelo", "Dan Rosenbaum", "Chris J. Maddison", "Tiago Ramalho", "David Saxton", "Murray Shanahan", "Yee Whye Teh", "Danilo J. Rezende", "SM Eslami" ],
      "venue" : "In ICML,",
      "citeRegEx" : "Garnelo et al\\.,? \\Q2018\\E",
      "shortCiteRegEx" : "Garnelo et al\\.",
      "year" : 2018
    }, {
      "title" : "Metalearning probabilistic inference for prediction",
      "author" : [ "Jonathan Gordon", "John Bronskill", "Matthias Bauer", "Sebastian Nowozin", "Richard E Turner" ],
      "venue" : "In ICLR,",
      "citeRegEx" : "Gordon et al\\.,? \\Q2018\\E",
      "shortCiteRegEx" : "Gordon et al\\.",
      "year" : 2018
    }, {
      "title" : "Convolutional conditional neural processes",
      "author" : [ "Jonathan Gordon", "Wessel P Bruinsma", "Andrew YK Foong", "James Requeima", "Yann Dubois", "Richard E Turner" ],
      "venue" : "In ICLR,",
      "citeRegEx" : "Gordon et al\\.,? \\Q2020\\E",
      "shortCiteRegEx" : "Gordon et al\\.",
      "year" : 2020
    }, {
      "title" : "Recasting gradientbased meta-learning as hierarchical bayes",
      "author" : [ "Erin Grant", "Chelsea Finn", "Sergey Levine", "Trevor Darrell", "Thomas Griffiths" ],
      "venue" : "In ICLR,",
      "citeRegEx" : "Grant et al\\.,? \\Q2018\\E",
      "shortCiteRegEx" : "Grant et al\\.",
      "year" : 2018
    }, {
      "title" : "Probing uncertainty estimates of neural processes",
      "author" : [ "Aditya Grover", "Dustin Tran", "Rui Shu", "Ben Poole", "Kevin Murphy" ],
      "venue" : "In NeurIPS Workshop on Bayesian Deep Learning,",
      "citeRegEx" : "Grover et al\\.,? \\Q2019\\E",
      "shortCiteRegEx" : "Grover et al\\.",
      "year" : 2019
    }, {
      "title" : "Training products of experts by minimizing contrastive divergence",
      "author" : [ "Geoffrey E Hinton" ],
      "venue" : "Neural computation,",
      "citeRegEx" : "Hinton.,? \\Q2002\\E",
      "shortCiteRegEx" : "Hinton.",
      "year" : 2002
    }, {
      "title" : "Improving neural networks by preventing co-adaptation of feature detectors",
      "author" : [ "Geoffrey E. Hinton", "Nitish Srivastava", "Alex Krizhevsky", "Ilya Sutskever", "Ruslan R. Salakhutdinov" ],
      "venue" : "arXiv preprint arXiv:1207.0580,",
      "citeRegEx" : "Hinton et al\\.,? \\Q2012\\E",
      "shortCiteRegEx" : "Hinton et al\\.",
      "year" : 2012
    }, {
      "title" : "Elbo surgery: yet another way to carve up the variational evidence lower bound",
      "author" : [ "Matthew D Hoffman", "Matthew J Johnson" ],
      "venue" : "In NeurIPS Workshop in Advances in Approximate Bayesian Inference,",
      "citeRegEx" : "Hoffman and Johnson.,? \\Q2016\\E",
      "shortCiteRegEx" : "Hoffman and Johnson.",
      "year" : 2016
    }, {
      "title" : "Meta-learning in neural networks: A survey",
      "author" : [ "Timothy Hospedales", "Antreas Antoniou", "Paul Micaelli", "Amos Storkey" ],
      "venue" : null,
      "citeRegEx" : "Hospedales et al\\.,? \\Q2021\\E",
      "shortCiteRegEx" : "Hospedales et al\\.",
      "year" : 2021
    }, {
      "title" : "Variational gaussian dropout is not bayesian",
      "author" : [ "Jiri Hron", "Alexander G. de G. Matthews", "Zoubin Ghahramani" ],
      "venue" : "In NeurIPS,",
      "citeRegEx" : "Hron et al\\.,? \\Q2017\\E",
      "shortCiteRegEx" : "Hron et al\\.",
      "year" : 2017
    }, {
      "title" : "Variational bayesian dropout: pitfalls and fixes",
      "author" : [ "Jiri Hron", "Alexander G. de G. Matthews", "Zoubin Ghahramani" ],
      "venue" : "In ICML,",
      "citeRegEx" : "Hron et al\\.,? \\Q2018\\E",
      "shortCiteRegEx" : "Hron et al\\.",
      "year" : 2018
    }, {
      "title" : "Meta-learning with shared amortized variational inference",
      "author" : [ "Ekaterina Iakovleva", "Jakob Verbeek", "Karteek Alahari" ],
      "venue" : "In ICML,",
      "citeRegEx" : "Iakovleva et al\\.,? \\Q2020\\E",
      "shortCiteRegEx" : "Iakovleva et al\\.",
      "year" : 2020
    }, {
      "title" : "Attentive neural processes",
      "author" : [ "Hyunjik Kim", "Andriy Mnih", "Jonathan Schwarz", "Marta Garnelo", "Ali Eslami", "Dan Rosenbaum", "Oriol Vinyals", "Yee Whye Teh" ],
      "venue" : null,
      "citeRegEx" : "Kim et al\\.,? \\Q2019\\E",
      "shortCiteRegEx" : "Kim et al\\.",
      "year" : 2019
    }, {
      "title" : "Adam: A method for stochastic optimization",
      "author" : [ "Diederik P. Kingma", "Jimmy Ba" ],
      "venue" : "In ICLR,",
      "citeRegEx" : "Kingma and Ba.,? \\Q2015\\E",
      "shortCiteRegEx" : "Kingma and Ba.",
      "year" : 2015
    }, {
      "title" : "Auto-encoding variational bayes",
      "author" : [ "Diederik P. Kingma", "Max Welling" ],
      "venue" : "In ICLR,",
      "citeRegEx" : "Kingma and Welling.,? \\Q2013\\E",
      "shortCiteRegEx" : "Kingma and Welling.",
      "year" : 2013
    }, {
      "title" : "Semi-supervised learning with deep generative models",
      "author" : [ "Diederik P Kingma", "Danilo J Rezende", "Shakir Mohamed", "Max Welling" ],
      "venue" : "In NeurIPS,",
      "citeRegEx" : "Kingma et al\\.,? \\Q2014\\E",
      "shortCiteRegEx" : "Kingma et al\\.",
      "year" : 2014
    }, {
      "title" : "Variational dropout and the local reparameterization trick",
      "author" : [ "Durk P. Kingma", "Tim Salimans", "Max Welling" ],
      "venue" : "In NeurIPS, pp",
      "citeRegEx" : "Kingma et al\\.,? \\Q2015\\E",
      "shortCiteRegEx" : "Kingma et al\\.",
      "year" : 2015
    }, {
      "title" : "Improved variational inference with inverse autoregressive flow",
      "author" : [ "Durk P Kingma", "Tim Salimans", "Rafal Jozefowicz", "Xi Chen", "Ilya Sutskever", "Max Welling" ],
      "venue" : "In NeurIPS,",
      "citeRegEx" : "Kingma et al\\.,? \\Q2016\\E",
      "shortCiteRegEx" : "Kingma et al\\.",
      "year" : 2016
    }, {
      "title" : "Human-level concept learning through probabilistic program induction",
      "author" : [ "Brenden M Lake", "Ruslan Salakhutdinov", "Joshua B Tenenbaum" ],
      "venue" : null,
      "citeRegEx" : "Lake et al\\.,? \\Q2015\\E",
      "shortCiteRegEx" : "Lake et al\\.",
      "year" : 2015
    }, {
      "title" : "Empirical evaluation of neural process objectives",
      "author" : [ "Tuan Anh Le", "Hyunjik Kim", "Marta Garnelo", "Dan Rosenbaum", "Jonathan Schwarz", "Yee Whye Teh" ],
      "venue" : "In NeurIPS Workshop on Bayesian Deep Learning,",
      "citeRegEx" : "Le et al\\.,? \\Q2018\\E",
      "shortCiteRegEx" : "Le et al\\.",
      "year" : 2018
    }, {
      "title" : "Gradient-based learning applied to document recognition",
      "author" : [ "Yann LeCun", "Léon Bottou", "Yoshua Bengio", "Patrick Haffner" ],
      "venue" : "In Proceedings of the IEEE,",
      "citeRegEx" : "LeCun et al\\.,? \\Q1998\\E",
      "shortCiteRegEx" : "LeCun et al\\.",
      "year" : 1998
    }, {
      "title" : "Meta dropout: Learning to perturb latent features for generalization",
      "author" : [ "Hae Beom Lee", "Taewook Nam", "Eunho Yang", "Sung Ju Hwang" ],
      "venue" : "In ICLR,",
      "citeRegEx" : "Lee et al\\.,? \\Q2019\\E",
      "shortCiteRegEx" : "Lee et al\\.",
      "year" : 2019
    }, {
      "title" : "Set transformer: A framework for attention-based permutation-invariant neural networks",
      "author" : [ "Juho Lee", "Yoonho Lee", "Jungtaek Kim", "Adam R. Kosiorek", "Seungjin Choi", "Yee Whye Teh" ],
      "venue" : "In ICML,",
      "citeRegEx" : "Lee et al\\.,? \\Q2019\\E",
      "shortCiteRegEx" : "Lee et al\\.",
      "year" : 2019
    }, {
      "title" : "Meta-learning with differentiable convex optimization",
      "author" : [ "Kwonjoon Lee", "Subhransu Maji", "Avinash Ravichandran", "Stefano Soatto" ],
      "venue" : "In CVPR, pp",
      "citeRegEx" : "Lee et al\\.,? \\Q2019\\E",
      "shortCiteRegEx" : "Lee et al\\.",
      "year" : 2019
    }, {
      "title" : "The product of n mutually independent bernoulli random variables is bernoulli",
      "author" : [ "Larry Leemis" ],
      "venue" : "http://www.math.wm.edu/ ̃leemis/chart/UDR/PDFs/BernoulliP.pdf,",
      "citeRegEx" : "Leemis.,? \\Q2020\\E",
      "shortCiteRegEx" : "Leemis.",
      "year" : 2020
    }, {
      "title" : "Variational bayesian dropout with a hierarchical prior",
      "author" : [ "Yuhang Liu", "Wenyong Dong", "Lei Zhang", "Dong Gong", "Qinfeng Shi" ],
      "venue" : "In CVPR,",
      "citeRegEx" : "Liu et al\\.,? \\Q2019\\E",
      "shortCiteRegEx" : "Liu et al\\.",
      "year" : 2019
    }, {
      "title" : "Deep learning face attributes in the wild",
      "author" : [ "Ziwei Liu", "Ping Luo", "Xiaogang Wang", "Xiaoou Tang" ],
      "venue" : "In ICCV,",
      "citeRegEx" : "Liu et al\\.,? \\Q2015\\E",
      "shortCiteRegEx" : "Liu et al\\.",
      "year" : 2015
    }, {
      "title" : "Don’t blame the elbo! a linear vae perspective on posterior collapse",
      "author" : [ "James Lucas", "George Tucker", "Roger B Grosse", "Mohammad Norouzi" ],
      "venue" : "In NeurIPS,",
      "citeRegEx" : "Lucas et al\\.,? \\Q2019\\E",
      "shortCiteRegEx" : "Lucas et al\\.",
      "year" : 2019
    }, {
      "title" : "Variational dropout sparsifies deep neural networks",
      "author" : [ "Dmitry Molchanov", "Arsenii Ashukha", "Dmitry Vetrov" ],
      "venue" : "In ICML,",
      "citeRegEx" : "Molchanov et al\\.,? \\Q2017\\E",
      "shortCiteRegEx" : "Molchanov et al\\.",
      "year" : 2017
    }, {
      "title" : "Meta-neural networks that learn by learning",
      "author" : [ "Devang K Naik", "Richard J Mammone" ],
      "venue" : "In IJCNN,",
      "citeRegEx" : "Naik and Mammone.,? \\Q1992\\E",
      "shortCiteRegEx" : "Naik and Mammone.",
      "year" : 1992
    }, {
      "title" : "Rectified linear units improve restricted boltzmann machines",
      "author" : [ "Vinod Nair", "Geoffrey E. Hinton" ],
      "venue" : "In ICML, pp",
      "citeRegEx" : "Nair and Hinton.,? \\Q2010\\E",
      "shortCiteRegEx" : "Nair and Hinton.",
      "year" : 2010
    }, {
      "title" : "Uncertainty in model-agnostic metalearning using variational inference",
      "author" : [ "Cuong Nguyen", "Thanh-Toan Do", "Gustavo Carneiro" ],
      "venue" : "In WACV,",
      "citeRegEx" : "Nguyen et al\\.,? \\Q2020\\E",
      "shortCiteRegEx" : "Nguyen et al\\.",
      "year" : 2020
    }, {
      "title" : "Stochastic differential equations",
      "author" : [ "Bernt Øksendal" ],
      "venue" : null,
      "citeRegEx" : "Øksendal.,? \\Q2003\\E",
      "shortCiteRegEx" : "Øksendal.",
      "year" : 2003
    }, {
      "title" : "Gaussian Processes for Machine Learning (Adaptive Computation and Machine Learning)",
      "author" : [ "Carl Edward Rasmussen", "Christopher K.I. Williams" ],
      "venue" : null,
      "citeRegEx" : "Rasmussen and Williams.,? \\Q2005\\E",
      "shortCiteRegEx" : "Rasmussen and Williams.",
      "year" : 2005
    }, {
      "title" : "Amortized bayesian meta-learning",
      "author" : [ "Sachin Ravi", "Alex Beatson" ],
      "venue" : "In ICLR,",
      "citeRegEx" : "Ravi and Beatson.,? \\Q2019\\E",
      "shortCiteRegEx" : "Ravi and Beatson.",
      "year" : 2019
    }, {
      "title" : "Optimization as a model for few-shot learning",
      "author" : [ "Sachin Ravi", "Hugo Larochelle" ],
      "venue" : "In ICLR,",
      "citeRegEx" : "Ravi and Larochelle.,? \\Q2017\\E",
      "shortCiteRegEx" : "Ravi and Larochelle.",
      "year" : 2017
    }, {
      "title" : "Evolutionary principles in self-referential learning, or on learning how to learn: the meta-meta-.",
      "author" : [ "Jürgen Schmidhuber" ],
      "venue" : "hook. PhD thesis, Technische Universität München,",
      "citeRegEx" : "Schmidhuber.,? \\Q1987\\E",
      "shortCiteRegEx" : "Schmidhuber.",
      "year" : 1987
    }, {
      "title" : "Prototypical networks for few-shot learning",
      "author" : [ "Jake Snell", "Kevin Swersky", "Richard S Zemel" ],
      "venue" : "In NeurIPS,",
      "citeRegEx" : "Snell et al\\.,? \\Q2017\\E",
      "shortCiteRegEx" : "Snell et al\\.",
      "year" : 2017
    }, {
      "title" : "How to train deep variational autoencoders and probabilistic ladder networks",
      "author" : [ "Casper Kaae Sønderby", "Tapani Raiko", "Lars Maaløe", "Søren Kaae Sønderby", "Ole Winther" ],
      "venue" : null,
      "citeRegEx" : "Sønderby et al\\.,? \\Q2016\\E",
      "shortCiteRegEx" : "Sønderby et al\\.",
      "year" : 2016
    }, {
      "title" : "Dropout: a simple way to prevent neural networks from overfitting",
      "author" : [ "Nitish Srivastava", "Geoffrey Hinton", "Alex Krizhevsky", "Ilya Sutskever", "Ruslan Salakhutdinov" ],
      "venue" : null,
      "citeRegEx" : "Srivastava et al\\.,? \\Q1929\\E",
      "shortCiteRegEx" : "Srivastava et al\\.",
      "year" : 1929
    }, {
      "title" : "Variational autoencoder with implicit optimal priors",
      "author" : [ "Hiroshi Takahashi", "Tomoharu Iwata", "Yuki Yamanaka", "Masanori Yamada", "Satoshi Yagi" ],
      "venue" : "In AAAI,",
      "citeRegEx" : "Takahashi et al\\.,? \\Q2019\\E",
      "shortCiteRegEx" : "Takahashi et al\\.",
      "year" : 2019
    }, {
      "title" : "Vae with a vampprior",
      "author" : [ "Jakub Tomczak", "Max Welling" ],
      "venue" : "In AISTATS,",
      "citeRegEx" : "Tomczak and Welling.,? \\Q2018\\E",
      "shortCiteRegEx" : "Tomczak and Welling.",
      "year" : 2018
    }, {
      "title" : "Matching networks for one shot learning",
      "author" : [ "Oriol Vinyals", "Charles Blundell", "Timothy Lillicrap", "Koray Kavukcuoglu", "Daan Wierstra" ],
      "venue" : "In NeurIPS,",
      "citeRegEx" : "Vinyals et al\\.,? \\Q2016\\E",
      "shortCiteRegEx" : "Vinyals et al\\.",
      "year" : 2016
    }, {
      "title" : "Bayesian context aggregation for neural processes",
      "author" : [ "Michael Volpp", "Fabian Flürenbrock", "Lukas Grossberger", "Christian Daniel", "Gerhard Neumann" ],
      "venue" : "In ICLR,",
      "citeRegEx" : "Volpp et al\\.,? \\Q2020\\E",
      "shortCiteRegEx" : "Volpp et al\\.",
      "year" : 2020
    }, {
      "title" : "Regularization of neural networks using dropconnect",
      "author" : [ "Li Wan", "Matthew Zeiler", "Sixin Zhang", "Yann Le Cun", "Rob Fergus" ],
      "venue" : "In ICML,",
      "citeRegEx" : "Wan et al\\.,? \\Q2013\\E",
      "shortCiteRegEx" : "Wan et al\\.",
      "year" : 2013
    }, {
      "title" : "Fast dropout training",
      "author" : [ "Sida Wang", "Christopher Manning" ],
      "venue" : "In ICML, pp",
      "citeRegEx" : "Wang and Manning.,? \\Q2013\\E",
      "shortCiteRegEx" : "Wang and Manning.",
      "year" : 2013
    }, {
      "title" : "Tackling over-pruning in variational autoencoders",
      "author" : [ "Serena Yeung", "Anitha Kannan", "Yann Dauphin", "Li Fei-Fei" ],
      "venue" : "In ICML,",
      "citeRegEx" : "Yeung et al\\.,? \\Q2017\\E",
      "shortCiteRegEx" : "Yeung et al\\.",
      "year" : 2017
    }, {
      "title" : "Bayesian model-agnostic meta-learning",
      "author" : [ "Jaesik Yoon", "Taesup Kim", "Ousmane Dia", "Sungwoong Kim", "Yoshua Bengio", "Sungjin Ahn" ],
      "venue" : "In NeurIPS,",
      "citeRegEx" : "Yoon et al\\.,? \\Q2018\\E",
      "shortCiteRegEx" : "Yoon et al\\.",
      "year" : 2018
    } ],
    "referenceMentions" : [ {
      "referenceID" : 48,
      "context" : "On the other hand, humans can quickly understand and solve a new task even from a few examples (Schmidhuber, 1987; Andrychowicz et al., 2016).",
      "startOffset" : 95,
      "endOffset" : 141
    }, {
      "referenceID" : 1,
      "context" : "On the other hand, humans can quickly understand and solve a new task even from a few examples (Schmidhuber, 1987; Andrychowicz et al., 2016).",
      "startOffset" : 95,
      "endOffset" : 141
    }, {
      "referenceID" : 54,
      "context" : "Incorporating the meta-learning capability into artificial machines has long been an active research topic of machine learning (Naik & Mammone, 1992; Vinyals et al., 2016; Snell et al., 2017; Ravi & Larochelle, 2017; Finn et al., 2017; Lee et al., 2019c; Hospedales et al., 2021).",
      "startOffset" : 127,
      "endOffset" : 279
    }, {
      "referenceID" : 49,
      "context" : "Incorporating the meta-learning capability into artificial machines has long been an active research topic of machine learning (Naik & Mammone, 1992; Vinyals et al., 2016; Snell et al., 2017; Ravi & Larochelle, 2017; Finn et al., 2017; Lee et al., 2019c; Hospedales et al., 2021).",
      "startOffset" : 127,
      "endOffset" : 279
    }, {
      "referenceID" : 8,
      "context" : "Incorporating the meta-learning capability into artificial machines has long been an active research topic of machine learning (Naik & Mammone, 1992; Vinyals et al., 2016; Snell et al., 2017; Ravi & Larochelle, 2017; Finn et al., 2017; Lee et al., 2019c; Hospedales et al., 2021).",
      "startOffset" : 127,
      "endOffset" : 279
    }, {
      "referenceID" : 20,
      "context" : "Incorporating the meta-learning capability into artificial machines has long been an active research topic of machine learning (Naik & Mammone, 1992; Vinyals et al., 2016; Snell et al., 2017; Ravi & Larochelle, 2017; Finn et al., 2017; Lee et al., 2019c; Hospedales et al., 2021).",
      "startOffset" : 127,
      "endOffset" : 279
    }, {
      "referenceID" : 15,
      "context" : "An earlier study (Grant et al., 2018) extended the optimization-based deterministic approach, model-agnostic meta-learning (MAML) (Finn et al.",
      "startOffset" : 17,
      "endOffset" : 37
    }, {
      "referenceID" : 8,
      "context" : ", 2018) extended the optimization-based deterministic approach, model-agnostic meta-learning (MAML) (Finn et al., 2017), to a hierarchical Bayesian framework (Daumé III, 2009).",
      "startOffset" : 100,
      "endOffset" : 119
    }, {
      "referenceID" : 59,
      "context" : "Later, optimization-based variational inference (Yoon et al., 2018; Finn et al., 2018; Ravi & Beatson, 2019; Lee et al., 2019a; Nguyen et al., 2020) and model-based Bayesian meta-learning methods (Gordon et al.",
      "startOffset" : 48,
      "endOffset" : 148
    }, {
      "referenceID" : 9,
      "context" : "Later, optimization-based variational inference (Yoon et al., 2018; Finn et al., 2018; Ravi & Beatson, 2019; Lee et al., 2019a; Nguyen et al., 2020) and model-based Bayesian meta-learning methods (Gordon et al.",
      "startOffset" : 48,
      "endOffset" : 148
    }, {
      "referenceID" : 43,
      "context" : "Later, optimization-based variational inference (Yoon et al., 2018; Finn et al., 2018; Ravi & Beatson, 2019; Lee et al., 2019a; Nguyen et al., 2020) and model-based Bayesian meta-learning methods (Gordon et al.",
      "startOffset" : 48,
      "endOffset" : 148
    }, {
      "referenceID" : 13,
      "context" : ", 2020) and model-based Bayesian meta-learning methods (Gordon et al., 2018; Garnelo et al., 2018a;b; Iakovleva et al., 2020) were presented.",
      "startOffset" : 55,
      "endOffset" : 125
    }, {
      "referenceID" : 23,
      "context" : ", 2020) and model-based Bayesian meta-learning methods (Gordon et al., 2018; Garnelo et al., 2018a;b; Iakovleva et al., 2020) were presented.",
      "startOffset" : 55,
      "endOffset" : 125
    }, {
      "referenceID" : 13,
      "context" : "The main contribution of this work is to design a new type of Neural Network (NN) based conditional posterior model that can bypass the under-fitting and posterior collapsing of existing approaches (Gordon et al., 2018; Garnelo et al., 2018a;b; Iakovleva et al., 2020).",
      "startOffset" : 198,
      "endOffset" : 268
    }, {
      "referenceID" : 23,
      "context" : "The main contribution of this work is to design a new type of Neural Network (NN) based conditional posterior model that can bypass the under-fitting and posterior collapsing of existing approaches (Gordon et al., 2018; Garnelo et al., 2018a;b; Iakovleva et al., 2020).",
      "startOffset" : 198,
      "endOffset" : 268
    }, {
      "referenceID" : 30,
      "context" : ", 2018; (1)The few-shot learning assumes only a few examples are available for each task, with the number of tasks being large (Lake et al., 2015).",
      "startOffset" : 127,
      "endOffset" : 146
    }, {
      "referenceID" : 13,
      "context" : "Bayesian metalearning methods (Gordon et al., 2018; Garnelo et al., 2018b; Ravi & Beatson, 2019) formulate this objective of meta-learning as an amortized variational inference (VI) of the posterior distribution in multi-task environments.",
      "startOffset" : 30,
      "endOffset" : 96
    }, {
      "referenceID" : 15,
      "context" : "2 THE EXISTING CONDITIONAL POSTERIOR AND PRIOR MODELINGS Many of the recent Bayesian meta-learning approaches can be roughly categorized into the optimization-based (Grant et al., 2018; Yoon et al., 2018; Finn et al., 2018; Ravi & Beatson, 2019; Lee et al., 2019a; Nguyen et al., 2020) or the model-based posterior approximation approaches (Gordon et al.",
      "startOffset" : 165,
      "endOffset" : 285
    }, {
      "referenceID" : 59,
      "context" : "2 THE EXISTING CONDITIONAL POSTERIOR AND PRIOR MODELINGS Many of the recent Bayesian meta-learning approaches can be roughly categorized into the optimization-based (Grant et al., 2018; Yoon et al., 2018; Finn et al., 2018; Ravi & Beatson, 2019; Lee et al., 2019a; Nguyen et al., 2020) or the model-based posterior approximation approaches (Gordon et al.",
      "startOffset" : 165,
      "endOffset" : 285
    }, {
      "referenceID" : 9,
      "context" : "2 THE EXISTING CONDITIONAL POSTERIOR AND PRIOR MODELINGS Many of the recent Bayesian meta-learning approaches can be roughly categorized into the optimization-based (Grant et al., 2018; Yoon et al., 2018; Finn et al., 2018; Ravi & Beatson, 2019; Lee et al., 2019a; Nguyen et al., 2020) or the model-based posterior approximation approaches (Gordon et al.",
      "startOffset" : 165,
      "endOffset" : 285
    }, {
      "referenceID" : 43,
      "context" : "2 THE EXISTING CONDITIONAL POSTERIOR AND PRIOR MODELINGS Many of the recent Bayesian meta-learning approaches can be roughly categorized into the optimization-based (Grant et al., 2018; Yoon et al., 2018; Finn et al., 2018; Ravi & Beatson, 2019; Lee et al., 2019a; Nguyen et al., 2020) or the model-based posterior approximation approaches (Gordon et al.",
      "startOffset" : 165,
      "endOffset" : 285
    }, {
      "referenceID" : 13,
      "context" : ", 2020) or the model-based posterior approximation approaches (Gordon et al., 2018; Garnelo et al., 2018a;b; Kim et al., 2019; Iakovleva et al., 2020).",
      "startOffset" : 62,
      "endOffset" : 150
    }, {
      "referenceID" : 24,
      "context" : ", 2020) or the model-based posterior approximation approaches (Gordon et al., 2018; Garnelo et al., 2018a;b; Kim et al., 2019; Iakovleva et al., 2020).",
      "startOffset" : 62,
      "endOffset" : 150
    }, {
      "referenceID" : 23,
      "context" : ", 2020) or the model-based posterior approximation approaches (Gordon et al., 2018; Garnelo et al., 2018a;b; Kim et al., 2019; Iakovleva et al., 2020).",
      "startOffset" : 62,
      "endOffset" : 150
    }, {
      "referenceID" : 8,
      "context" : "For example, the deterministic model-agnostic meta-learning (MAML) (Finn et al., 2017) can be considered as learning a Dirac delta variational posterior modeling (i.",
      "startOffset" : 67,
      "endOffset" : 86
    }, {
      "referenceID" : 30,
      "context" : ", 1-shot, 5-shot, or random) is often used in the few-shot learning tasks (Lake et al., 2015).",
      "startOffset" : 74,
      "endOffset" : 93
    }, {
      "referenceID" : 9,
      "context" : ", 2018), PLATIPIS (Finn et al., 2018), BMAML (Yoon et al.",
      "startOffset" : 18,
      "endOffset" : 37
    }, {
      "referenceID" : 59,
      "context" : ", 2018), BMAML (Yoon et al., 2018), and ABML (Ravi & Beatson, 2019) have incorporated the Gaussian type of posterior and prior models into the deterministic adaptation framework of MAML in order to improve the robustness of models.",
      "startOffset" : 15,
      "endOffset" : 34
    }, {
      "referenceID" : 13,
      "context" : "On the other hand, the model-based Bayesian meta-learning approaches such as VERSA (Gordon et al., 2018) or Neural Processes (Garnelo et al.",
      "startOffset" : 83,
      "endOffset" : 104
    }, {
      "referenceID" : 23,
      "context" : "In addition, VERSA did not utilize any task-specific prior p(φ), so the conditional posterior could collapse into a deterministic one while training with the Monte Carlo approximation (Iakovleva et al., 2020).",
      "startOffset" : 184,
      "endOffset" : 208
    }, {
      "referenceID" : 24,
      "context" : "However, the following studies indicate that NPs often suffer from under-fitting (Kim et al., 2019) and posterior-collapsing behavior (Grover et al.",
      "startOffset" : 81,
      "endOffset" : 99
    }, {
      "referenceID" : 16,
      "context" : ", 2019) and posterior-collapsing behavior (Grover et al., 2019; Le et al., 2018).",
      "startOffset" : 42,
      "endOffset" : 80
    }, {
      "referenceID" : 31,
      "context" : ", 2019) and posterior-collapsing behavior (Grover et al., 2019; Le et al., 2018).",
      "startOffset" : 42,
      "endOffset" : 80
    }, {
      "referenceID" : 50,
      "context" : "In addition, it is well known that the highly flexible NN-based likelihood can neglect the latent representation in variational inference (Hoffman & Johnson, 2016; Sønderby et al., 2016; Kingma et al., 2016; Chen et al., 2017; Yeung et al., 2017; Alemi et al., 2018; Lucas et al., 2019; Dieng et al., 2018); we could also observe the posterior collapsing behavior of the NPs in our experiments.",
      "startOffset" : 138,
      "endOffset" : 306
    }, {
      "referenceID" : 29,
      "context" : "In addition, it is well known that the highly flexible NN-based likelihood can neglect the latent representation in variational inference (Hoffman & Johnson, 2016; Sønderby et al., 2016; Kingma et al., 2016; Chen et al., 2017; Yeung et al., 2017; Alemi et al., 2018; Lucas et al., 2019; Dieng et al., 2018); we could also observe the posterior collapsing behavior of the NPs in our experiments.",
      "startOffset" : 138,
      "endOffset" : 306
    }, {
      "referenceID" : 4,
      "context" : "In addition, it is well known that the highly flexible NN-based likelihood can neglect the latent representation in variational inference (Hoffman & Johnson, 2016; Sønderby et al., 2016; Kingma et al., 2016; Chen et al., 2017; Yeung et al., 2017; Alemi et al., 2018; Lucas et al., 2019; Dieng et al., 2018); we could also observe the posterior collapsing behavior of the NPs in our experiments.",
      "startOffset" : 138,
      "endOffset" : 306
    }, {
      "referenceID" : 58,
      "context" : "In addition, it is well known that the highly flexible NN-based likelihood can neglect the latent representation in variational inference (Hoffman & Johnson, 2016; Sønderby et al., 2016; Kingma et al., 2016; Chen et al., 2017; Yeung et al., 2017; Alemi et al., 2018; Lucas et al., 2019; Dieng et al., 2018); we could also observe the posterior collapsing behavior of the NPs in our experiments.",
      "startOffset" : 138,
      "endOffset" : 306
    }, {
      "referenceID" : 0,
      "context" : "In addition, it is well known that the highly flexible NN-based likelihood can neglect the latent representation in variational inference (Hoffman & Johnson, 2016; Sønderby et al., 2016; Kingma et al., 2016; Chen et al., 2017; Yeung et al., 2017; Alemi et al., 2018; Lucas et al., 2019; Dieng et al., 2018); we could also observe the posterior collapsing behavior of the NPs in our experiments.",
      "startOffset" : 138,
      "endOffset" : 306
    }, {
      "referenceID" : 39,
      "context" : "In addition, it is well known that the highly flexible NN-based likelihood can neglect the latent representation in variational inference (Hoffman & Johnson, 2016; Sønderby et al., 2016; Kingma et al., 2016; Chen et al., 2017; Yeung et al., 2017; Alemi et al., 2018; Lucas et al., 2019; Dieng et al., 2018); we could also observe the posterior collapsing behavior of the NPs in our experiments.",
      "startOffset" : 138,
      "endOffset" : 306
    }, {
      "referenceID" : 6,
      "context" : "In addition, it is well known that the highly flexible NN-based likelihood can neglect the latent representation in variational inference (Hoffman & Johnson, 2016; Sønderby et al., 2016; Kingma et al., 2016; Chen et al., 2017; Yeung et al., 2017; Alemi et al., 2018; Lucas et al., 2019; Dieng et al., 2018); we could also observe the posterior collapsing behavior of the NPs in our experiments.",
      "startOffset" : 138,
      "endOffset" : 306
    }, {
      "referenceID" : 28,
      "context" : "1 A CONDITIONAL DROPOUT POSTERIOR Variational dropout (VD) (Kingma et al., 2015; Gal & Ghahramani, 2016; Molchanov et al., 2017; Hron et al., 2018; Liu et al., 2019) is a set of approaches that models the variational posterior distribution based on the dropout regularization technique.",
      "startOffset" : 59,
      "endOffset" : 165
    }, {
      "referenceID" : 40,
      "context" : "1 A CONDITIONAL DROPOUT POSTERIOR Variational dropout (VD) (Kingma et al., 2015; Gal & Ghahramani, 2016; Molchanov et al., 2017; Hron et al., 2018; Liu et al., 2019) is a set of approaches that models the variational posterior distribution based on the dropout regularization technique.",
      "startOffset" : 59,
      "endOffset" : 165
    }, {
      "referenceID" : 22,
      "context" : "1 A CONDITIONAL DROPOUT POSTERIOR Variational dropout (VD) (Kingma et al., 2015; Gal & Ghahramani, 2016; Molchanov et al., 2017; Hron et al., 2018; Liu et al., 2019) is a set of approaches that models the variational posterior distribution based on the dropout regularization technique.",
      "startOffset" : 59,
      "endOffset" : 165
    }, {
      "referenceID" : 37,
      "context" : "1 A CONDITIONAL DROPOUT POSTERIOR Variational dropout (VD) (Kingma et al., 2015; Gal & Ghahramani, 2016; Molchanov et al., 2017; Hron et al., 2018; Liu et al., 2019) is a set of approaches that models the variational posterior distribution based on the dropout regularization technique.",
      "startOffset" : 59,
      "endOffset" : 165
    }, {
      "referenceID" : 18,
      "context" : "The dropout regularization randomly turns off some of the Neural Network (NN) parameters during training by multiplying discrete Bernoulli random noises to the parameters (Srivastava et al., 2014; Hinton et al., 2012).",
      "startOffset" : 171,
      "endOffset" : 217
    }, {
      "referenceID" : 56,
      "context" : "Later, the fast dropout (Wang & Manning, 2013; Wan et al., 2013) reported that multiplying the continuous noises sampled from Gaussian distributions works similarly to the conventional Bernoulli dropout (Srivastava et al.",
      "startOffset" : 24,
      "endOffset" : 64
    }, {
      "referenceID" : 56,
      "context" : "The Gaussian approximation of the Bernoulli dropout is convenient since it provides a fully factorized (tractable) posterior model over the NN’s parameters (Wang & Manning, 2013; Wan et al., 2013).",
      "startOffset" : 156,
      "endOffset" : 196
    }, {
      "referenceID" : 28,
      "context" : "In addition, VD approaches often utilize sparse priors for regularization (Kingma et al., 2015; Molchanov et al., 2017; Hron et al., 2018; 2017; Liu et al., 2019).",
      "startOffset" : 74,
      "endOffset" : 162
    }, {
      "referenceID" : 40,
      "context" : "In addition, VD approaches often utilize sparse priors for regularization (Kingma et al., 2015; Molchanov et al., 2017; Hron et al., 2018; 2017; Liu et al., 2019).",
      "startOffset" : 74,
      "endOffset" : 162
    }, {
      "referenceID" : 22,
      "context" : "In addition, VD approaches often utilize sparse priors for regularization (Kingma et al., 2015; Molchanov et al., 2017; Hron et al., 2018; 2017; Liu et al., 2019).",
      "startOffset" : 74,
      "endOffset" : 162
    }, {
      "referenceID" : 37,
      "context" : "In addition, VD approaches often utilize sparse priors for regularization (Kingma et al., 2015; Molchanov et al., 2017; Hron et al., 2018; 2017; Liu et al., 2019).",
      "startOffset" : 74,
      "endOffset" : 162
    }, {
      "referenceID" : 36,
      "context" : "The product of n Bernoulli random variables is also a Bernoulli variable (Leemis, 2020).",
      "startOffset" : 73,
      "endOffset" : 87
    }, {
      "referenceID" : 17,
      "context" : "The product model tends to give sharp probability boundaries, which is often used for modeling the high dimensional data space (Hinton, 2002).",
      "startOffset" : 127,
      "endOffset" : 141
    }, {
      "referenceID" : 56,
      "context" : "But, NVDPs extend the Bernoulli dropout model (Wang & Manning, 2013; Wan et al., 2013).",
      "startOffset" : 46,
      "endOffset" : 86
    }, {
      "referenceID" : 28,
      "context" : "In fact, an important requirement in the choice of the prior distribution in the conventional VD framework (Kingma et al., 2015) is that the analytical derivation of the KL term (i.",
      "startOffset" : 107,
      "endOffset" : 128
    }, {
      "referenceID" : 28,
      "context" : "One way of modeling the prior is to employ the log-uniform prior p(log(|φ|) ∝ c as in the conventional VD (Kingma et al., 2015).",
      "startOffset" : 106,
      "endOffset" : 127
    }, {
      "referenceID" : 40,
      "context" : "This could yield a degeneration of the dropout posterior model to a deterministic one (Molchanov et al., 2017; Hron et al., 2018; 2017; Liu et al., 2019).",
      "startOffset" : 86,
      "endOffset" : 153
    }, {
      "referenceID" : 22,
      "context" : "This could yield a degeneration of the dropout posterior model to a deterministic one (Molchanov et al., 2017; Hron et al., 2018; 2017; Liu et al., 2019).",
      "startOffset" : 86,
      "endOffset" : 153
    }, {
      "referenceID" : 37,
      "context" : "This could yield a degeneration of the dropout posterior model to a deterministic one (Molchanov et al., 2017; Hron et al., 2018; 2017; Liu et al., 2019).",
      "startOffset" : 86,
      "endOffset" : 153
    }, {
      "referenceID" : 24,
      "context" : "The shared posterior model for the task-specific prior introduced here was inspired by recent Bayesian meta-learning approaches (Garnelo et al., 2018b; Kim et al., 2019; Iakovleva et al., 2020), but some critical differences are that: 1) we have developed the variational prior to regularize the task-specific dropout rates in the optimization of the conditional dropout posterior, 2) the denominator and the numerator of the KL divergence term in equation 4 are reversed compared with the existing approaches.",
      "startOffset" : 128,
      "endOffset" : 193
    }, {
      "referenceID" : 23,
      "context" : "The shared posterior model for the task-specific prior introduced here was inspired by recent Bayesian meta-learning approaches (Garnelo et al., 2018b; Kim et al., 2019; Iakovleva et al., 2020), but some critical differences are that: 1) we have developed the variational prior to regularize the task-specific dropout rates in the optimization of the conditional dropout posterior, 2) the denominator and the numerator of the KL divergence term in equation 4 are reversed compared with the existing approaches.",
      "startOffset" : 128,
      "endOffset" : 193
    }, {
      "referenceID" : 52,
      "context" : "In fact, some other recent studies of amortized VI inference (Tomczak & Welling, 2018; Takahashi et al., 2019) analytically derived that the optimal prior maximizing VI objective is the variational posterior aggregated on the whole dataset: p∗(φ) = ∫ D q(φ|D)p(D).",
      "startOffset" : 61,
      "endOffset" : 110
    }, {
      "referenceID" : 24,
      "context" : "The experiments in Section 5 demonstrate that the proposed variational prior approach provides a reliable regularization for the conditional dropout posterior and the similar formulation is also applicable to the latent variable based conditional posterior models (Garnelo et al., 2018b; Kim et al., 2019).",
      "startOffset" : 264,
      "endOffset" : 305
    }, {
      "referenceID" : 27,
      "context" : "The optimization of these parameters is done by using the stochastic gradient variational Bayes (SGVB) (Kingma & Welling, 2013; Kingma et al., 2014).",
      "startOffset" : 103,
      "endOffset" : 148
    }, {
      "referenceID" : 28,
      "context" : "In practice, a local reparameterization trick5 is further utilized to reduce the variance of gradient estimators on training (Kingma et al., 2015).",
      "startOffset" : 125,
      "endOffset" : 146
    }, {
      "referenceID" : 24,
      "context" : "Recently introduced model-based Bayesian metalearning methods (Garnelo et al., 2018b;a; Kim et al., 2019; Gordon et al., 2018; Iakovleva et al., 2020) offer NN-based conditional posterior models that can be efficiently learned from data and later provide an instant posterior predictive estimation at test time.",
      "startOffset" : 62,
      "endOffset" : 150
    }, {
      "referenceID" : 13,
      "context" : "Recently introduced model-based Bayesian metalearning methods (Garnelo et al., 2018b;a; Kim et al., 2019; Gordon et al., 2018; Iakovleva et al., 2020) offer NN-based conditional posterior models that can be efficiently learned from data and later provide an instant posterior predictive estimation at test time.",
      "startOffset" : 62,
      "endOffset" : 150
    }, {
      "referenceID" : 23,
      "context" : "Recently introduced model-based Bayesian metalearning methods (Garnelo et al., 2018b;a; Kim et al., 2019; Gordon et al., 2018; Iakovleva et al., 2020) offer NN-based conditional posterior models that can be efficiently learned from data and later provide an instant posterior predictive estimation at test time.",
      "startOffset" : 62,
      "endOffset" : 150
    }, {
      "referenceID" : 24,
      "context" : "This property, known as exchangeability, is a necessary condition to define a stochastic process according to Kolmogorov’s Extension Theorem (Garnelo et al., 2018b; Kim et al., 2019; Øksendal, 2003).",
      "startOffset" : 141,
      "endOffset" : 198
    }, {
      "referenceID" : 44,
      "context" : "This property, known as exchangeability, is a necessary condition to define a stochastic process according to Kolmogorov’s Extension Theorem (Garnelo et al., 2018b; Kim et al., 2019; Øksendal, 2003).",
      "startOffset" : 141,
      "endOffset" : 198
    }, {
      "referenceID" : 8,
      "context" : "Their approach, however, is constructed using optimization-based meta-learning methods (Finn et al., 2017; Li et al., 2017) without directly considering the set representation.",
      "startOffset" : 87,
      "endOffset" : 123
    }, {
      "referenceID" : 28,
      "context" : "NVDPs, employing set representation, extend the dropout posterior of Variational Dropout (VD) (Kingma et al., 2015; Wang & Manning, 2013; Wan et al., 2013; Liu et al., 2019; Molchanov et al., 2017) in the context of model-based meta-learning and introduce a new idea of variational prior that can be universally applied to other Bayesian learning approaches (Garnelo et al.",
      "startOffset" : 94,
      "endOffset" : 197
    }, {
      "referenceID" : 56,
      "context" : "NVDPs, employing set representation, extend the dropout posterior of Variational Dropout (VD) (Kingma et al., 2015; Wang & Manning, 2013; Wan et al., 2013; Liu et al., 2019; Molchanov et al., 2017) in the context of model-based meta-learning and introduce a new idea of variational prior that can be universally applied to other Bayesian learning approaches (Garnelo et al.",
      "startOffset" : 94,
      "endOffset" : 197
    }, {
      "referenceID" : 37,
      "context" : "NVDPs, employing set representation, extend the dropout posterior of Variational Dropout (VD) (Kingma et al., 2015; Wang & Manning, 2013; Wan et al., 2013; Liu et al., 2019; Molchanov et al., 2017) in the context of model-based meta-learning and introduce a new idea of variational prior that can be universally applied to other Bayesian learning approaches (Garnelo et al.",
      "startOffset" : 94,
      "endOffset" : 197
    }, {
      "referenceID" : 40,
      "context" : "NVDPs, employing set representation, extend the dropout posterior of Variational Dropout (VD) (Kingma et al., 2015; Wang & Manning, 2013; Wan et al., 2013; Liu et al., 2019; Molchanov et al., 2017) in the context of model-based meta-learning and introduce a new idea of variational prior that can be universally applied to other Bayesian learning approaches (Garnelo et al.",
      "startOffset" : 94,
      "endOffset" : 197
    }, {
      "referenceID" : 24,
      "context" : ", 2017) in the context of model-based meta-learning and introduce a new idea of variational prior that can be universally applied to other Bayesian learning approaches (Garnelo et al., 2018b; Kim et al., 2019).",
      "startOffset" : 168,
      "endOffset" : 209
    }, {
      "referenceID" : 13,
      "context" : "In the evaluation of the conditional NN models’ adaptation, the newly observed task data D∗ is split into the input-output pairs of the context set D∗ C = {xi, yi}i=1 and the target set D∗ T = {xi, yi}i=1 (D∗ C 6⊆ D∗ T in evaluation (Garnelo et al., 2018b; Gordon et al., 2018)).",
      "startOffset" : 233,
      "endOffset" : 277
    }, {
      "referenceID" : 24,
      "context" : "For the baseline models, Neural Process model (NP) and NP with additional deterministic representation (NP+CNP) described in (Garnelo et al., 2018b;a; Kim et al., 2019) is compared.",
      "startOffset" : 125,
      "endOffset" : 168
    }, {
      "referenceID" : 24,
      "context" : "For all models (including our NVDP), we used the same fixed variance and learned variance likelihood architecture depicted in (Kim et al., 2019): the agent NN with 4 hidden layers of 128 units with LeLU activation (Nair & Hinton, 2010) and an output layer of 1 unit for mean (or an additional 1 unit for variance).",
      "startOffset" : 126,
      "endOffset" : 144
    }, {
      "referenceID" : 24,
      "context" : "The image completion tasks are performed to validate the performance of the models in the more complex function spaces (Garnelo et al., 2018b;a; Kim et al., 2019).",
      "startOffset" : 119,
      "endOffset" : 162
    }, {
      "referenceID" : 32,
      "context" : "Here, we treat the image samples from MNIST (LeCun et al., 1998) and CelebA (Liu et al.",
      "startOffset" : 44,
      "endOffset" : 64
    }, {
      "referenceID" : 38,
      "context" : ", 1998) and CelebA (Liu et al., 2015) as unknown functions.",
      "startOffset" : 19,
      "endOffset" : 37
    }, {
      "referenceID" : 30,
      "context" : "NVDPs can also be successfully applied for few-shot classification tasks; we have tested NVDPs on standard benchmark datasets such as Omniglot (Lake et al., 2015) and MiniImagenet (Ravi & Larochelle, 2017) with other baselines: VERSA (Gordon et al.",
      "startOffset" : 143,
      "endOffset" : 162
    }, {
      "referenceID" : 13,
      "context" : ", 2015) and MiniImagenet (Ravi & Larochelle, 2017) with other baselines: VERSA (Gordon et al., 2018), CNP (Garnelo et al.",
      "startOffset" : 79,
      "endOffset" : 100
    }, {
      "referenceID" : 54,
      "context" : ", 2018a), Matching Nets (Vinyals et al., 2016), Prototypical Nets (Snell et al.",
      "startOffset" : 24,
      "endOffset" : 46
    }, {
      "referenceID" : 49,
      "context" : ", 2016), Prototypical Nets (Snell et al., 2017), MAML (Finn et al.",
      "startOffset" : 27,
      "endOffset" : 47
    }, {
      "referenceID" : 8,
      "context" : ", 2017), MAML (Finn et al., 2017), Meta-SGD (Li et al.",
      "startOffset" : 14,
      "endOffset" : 33
    }, {
      "referenceID" : 13,
      "context" : "The same deep (CONV5) feature extractor architecture is used as in VERSA (Gordon et al., 2018).",
      "startOffset" : 73,
      "endOffset" : 94
    }, {
      "referenceID" : 13,
      "context" : "We use the same batch sizes, learning rate, and epoch settings depicted in VERSA (Gordon et al., 2018).",
      "startOffset" : 81,
      "endOffset" : 102
    }, {
      "referenceID" : 24,
      "context" : "Adapting the advanced set representations of (Lee et al., 2019b; Kim et al., 2019; Volpp et al., 2020) or investigating more complex architectures (Chen et al.",
      "startOffset" : 45,
      "endOffset" : 102
    }, {
      "referenceID" : 55,
      "context" : "Adapting the advanced set representations of (Lee et al., 2019b; Kim et al., 2019; Volpp et al., 2020) or investigating more complex architectures (Chen et al.",
      "startOffset" : 45,
      "endOffset" : 102
    }, {
      "referenceID" : 3,
      "context" : ", 2020) or investigating more complex architectures (Chen et al., 2019; Gordon et al., 2020; Foong et al., 2020) for NVDPs would be interesting future work.",
      "startOffset" : 52,
      "endOffset" : 112
    }, {
      "referenceID" : 14,
      "context" : ", 2020) or investigating more complex architectures (Chen et al., 2019; Gordon et al., 2020; Foong et al., 2020) for NVDPs would be interesting future work.",
      "startOffset" : 52,
      "endOffset" : 112
    }, {
      "referenceID" : 10,
      "context" : ", 2020) or investigating more complex architectures (Chen et al., 2019; Gordon et al., 2020; Foong et al., 2020) for NVDPs would be interesting future work.",
      "startOffset" : 52,
      "endOffset" : 112
    } ],
    "year" : 2022,
    "abstractText" : "Learning to infer the conditional posterior model is a key step for robust metalearning. This paper presents a new Bayesian meta-learning approach called Neural Variational Dropout Processes (NVDPs). NVDPs model the conditional posterior distribution based on a task-specific dropout; a low-rank product of Bernoulli experts meta-model is utilized for a memory-efficient mapping of dropout rates from a few observed contexts. It allows for a quick reconfiguration of a globally learned and shared neural network for new tasks in multi-task few-shot learning. In addition, NVDPs utilize a novel prior conditioned on the whole task data to optimize the conditional dropout posterior in the amortized variational inference. Surprisingly, this enables the robust approximation of task-specific dropout rates that can deal with a wide range of functional ambiguities and uncertainties. We compared the proposed method with other meta-learning approaches in the few-shot learning tasks such as 1D stochastic regression, image inpainting, and classification. The results show the excellent performance of NVDPs.",
    "creator" : "LaTeX with hyperref"
  }
}