{
  "name" : "ICLR2022-kF9DZQQrU0w.pdf",
  "metadata" : {
    "source" : "CRF",
    "title" : "(QUANTIZED) NEURAL NETWORKS",
    "authors" : [ "Stephan S. Lorenzen", "Christian Igel", "Mads Nielsen" ],
    "emails" : [ "lorenzen@di.ku.dk", "igel@di.ku.dk", "madsn@di.ku.dk" ],
    "sections" : null,
    "references" : [ {
      "title" : "Tensorflow: A system for large-scale machine learning",
      "author" : [ "Martín Abadi", "Paul Barham", "Jianmin Chen", "Zhifeng Chen", "Andy Davis", "Jeffrey Dean", "Matthieu Devin", "Sanjay Ghemawat", "Geoffrey Irving", "Michael Isard" ],
      "venue" : "In 12th USENIX Symposium on Operating Systems Design and Implementation (OSDI)",
      "citeRegEx" : "Abadi et al\\.,? \\Q2016\\E",
      "shortCiteRegEx" : "Abadi et al\\.",
      "year" : 2016
    }, {
      "title" : "Information-bottleneck under mean field initialization",
      "author" : [ "Vinayak Abrol", "Jared Tanner" ],
      "venue" : "In International Conference on Machine Learning (ICML): Workshop on Uncertainty and Robustness in Deep Learning,",
      "citeRegEx" : "Abrol and Tanner.,? \\Q2020\\E",
      "shortCiteRegEx" : "Abrol and Tanner.",
      "year" : 2020
    }, {
      "title" : "Deep variational information",
      "author" : [ "Alexander Amir Alemi", "Ian S. Fischer", "Joshua V. Dillon", "Kevin Murphy" ],
      "venue" : "bottleneck. arXiv,",
      "citeRegEx" : "Alemi et al\\.,? \\Q2017\\E",
      "shortCiteRegEx" : "Alemi et al\\.",
      "year" : 2017
    }, {
      "title" : "Learning representations for neural network-based classification using the information bottleneck principle",
      "author" : [ "Rana Ali Amjad", "Bernhard C. Geiger" ],
      "venue" : "IEEE Transactions on Pattern Analysis and Machine Intelligence,",
      "citeRegEx" : "Amjad and Geiger.,? \\Q2019\\E",
      "shortCiteRegEx" : "Amjad and Geiger.",
      "year" : 2019
    }, {
      "title" : "An information theoretic view on learning of artificial neural networks",
      "author" : [ "Emilio Rafael Balda", "Arash Behboodi", "Rudolf Mathar" ],
      "venue" : "In International Conference on Signal Processing and Communication Systems (ICSPCS),",
      "citeRegEx" : "Balda et al\\.,? \\Q2018\\E",
      "shortCiteRegEx" : "Balda et al\\.",
      "year" : 2018
    }, {
      "title" : "On the trajectory of stochastic gradient descent in the information plane, 2019",
      "author" : [ "Emilio Rafael Balda", "Arash Behboodi", "Rudolf Mathar" ],
      "venue" : "URL https://openreview.net/forum?id= SkMON20ctX",
      "citeRegEx" : "Balda et al\\.,? \\Q2019\\E",
      "shortCiteRegEx" : "Balda et al\\.",
      "year" : 2019
    }, {
      "title" : "Comparison of classifier methods: a case study in handwritten digit recognition",
      "author" : [ "Léon Bottou", "Corinna Cortes", "John S. Denker", "Harris Drucker", "Isabelle Guyon", "L.D. Jackel", "Yann LeCun", "Urs A. Müller", "Eduard Säckinger", "Patrice Simard", "Vladimir Vapnik" ],
      "venue" : "In International Conference on Pattern Recognition (ICPR),",
      "citeRegEx" : "Bottou et al\\.,? \\Q1994\\E",
      "shortCiteRegEx" : "Bottou et al\\.",
      "year" : 1994
    }, {
      "title" : "Adaptive estimators show information compression in deep neural networks",
      "author" : [ "Ivan Chelombiev", "Conor Houghton", "Cian O’Donnell" ],
      "venue" : "In International Conference on Learning Representations (ICLR),",
      "citeRegEx" : "Chelombiev et al\\.,? \\Q2019\\E",
      "shortCiteRegEx" : "Chelombiev et al\\.",
      "year" : 2019
    }, {
      "title" : "Utilizing information bottleneck to evaluate the capability of deep neural networks for image classification",
      "author" : [ "Hao Cheng", "Dongze Lian", "Shenghua Gao", "Yanlin Geng" ],
      "venue" : null,
      "citeRegEx" : "Cheng et al\\.,? \\Q2019\\E",
      "shortCiteRegEx" : "Cheng et al\\.",
      "year" : 2019
    }, {
      "title" : "What information does a resnet",
      "author" : [ "Luke Nicholas Darlow", "Amos Storkey" ],
      "venue" : "compress? arXiv,",
      "citeRegEx" : "Darlow and Storkey.,? \\Q2020\\E",
      "shortCiteRegEx" : "Darlow and Storkey.",
      "year" : 2020
    }, {
      "title" : "The MNIST database of handwritten digit images for machine learning research",
      "author" : [ "Li Deng" ],
      "venue" : "IEEE Signal Processing Magazine,",
      "citeRegEx" : "Deng.,? \\Q2012\\E",
      "shortCiteRegEx" : "Deng.",
      "year" : 2012
    }, {
      "title" : "Direct validation of the information bottleneck principle for deep nets",
      "author" : [ "Adar Elad", "Doron Haviv", "Yochai Blau", "Tomer Michaeli" ],
      "venue" : "In Proceedings of the IEEE/CVF International Conference on Computer Vision (ICCV) Workshops,",
      "citeRegEx" : "Elad et al\\.,? \\Q2019\\E",
      "shortCiteRegEx" : "Elad et al\\.",
      "year" : 2019
    }, {
      "title" : "Dissecting deep learning networks—visualizing mutual information",
      "author" : [ "Hui Fang", "Victoria Wang", "Motonori Yamaguchi" ],
      "venue" : null,
      "citeRegEx" : "Fang et al\\.,? \\Q2018\\E",
      "shortCiteRegEx" : "Fang et al\\.",
      "year" : 2018
    }, {
      "title" : "Entropy and mutual information in models of deep neural networks",
      "author" : [ "Marylou Gabrié", "Andre Manoel", "Clément Luneau", "Jean Barbier", "Nicolas Macris", "Florent Krzakala", "Lenka Zdeborová" ],
      "venue" : "Journal of Statistical Mechanics: Theory and Experiment,",
      "citeRegEx" : "Gabrié et al\\.,? \\Q2019\\E",
      "shortCiteRegEx" : "Gabrié et al\\.",
      "year" : 2019
    }, {
      "title" : "On information plane analyses of neural network classifiers – a review",
      "author" : [ "Bernhard C. Geiger" ],
      "venue" : null,
      "citeRegEx" : "Geiger.,? \\Q2003\\E",
      "shortCiteRegEx" : "Geiger.",
      "year" : 2003
    }, {
      "title" : "Estimating information flow in deep neural networks",
      "author" : [ "Ziv Goldfeld", "Ewout Van Den Berg", "Kristjan Greenewald", "Igor Melnyk", "Nam Nguyen", "Brian Kingsbury", "Yury Polyanskiy" ],
      "venue" : "In International Conference on Machine Learning (ICML),",
      "citeRegEx" : "Goldfeld et al\\.,? \\Q2019\\E",
      "shortCiteRegEx" : "Goldfeld et al\\.",
      "year" : 2019
    }, {
      "title" : "Quantized neural networks: Training neural networks with low precision weights and activations",
      "author" : [ "Itay Hubara", "Matthieu Courbariaux", "Daniel Soudry", "Ran El-Yaniv", "Yoshua Bengio" ],
      "venue" : "Journal of Machine Learning Research,",
      "citeRegEx" : "Hubara et al\\.,? \\Q2017\\E",
      "shortCiteRegEx" : "Hubara et al\\.",
      "year" : 2017
    }, {
      "title" : "Kalenichenko. Quantization and training of neural networks for efficient integer-arithmetic-only inference",
      "author" : [ "Benoit Jacob", "Skirmantas Kligys", "Bo Chen", "Menglong Zhu", "Matthew Tang", "Andrew Howard", "Hartwig Adam", "Dmitry" ],
      "venue" : "IEEE/CVF Conference on Computer Vision and Pattern Recognition,",
      "citeRegEx" : "Jacob et al\\.,? \\Q2018\\E",
      "shortCiteRegEx" : "Jacob et al\\.",
      "year" : 2018
    }, {
      "title" : "Convergence behavior of dnns with mutual-information-based regularization",
      "author" : [ "Hlynur Jónsson", "Giovanni Cherubini", "Evangelos Eleftheriou" ],
      "venue" : null,
      "citeRegEx" : "Jónsson et al\\.,? \\Q2020\\E",
      "shortCiteRegEx" : "Jónsson et al\\.",
      "year" : 2020
    }, {
      "title" : "Scalable training with information bottleneck objectives",
      "author" : [ "Andreas Kirsch", "Clare Lyle", "Yarin Gal" ],
      "venue" : "In International Conference on Machine Learning (ICML): Workshop on Uncertainty and Robustness in Deep Learning,",
      "citeRegEx" : "Kirsch et al\\.,? \\Q2020\\E",
      "shortCiteRegEx" : "Kirsch et al\\.",
      "year" : 2020
    }, {
      "title" : "Estimating mixture entropy with pairwise distances",
      "author" : [ "Artemy Kolchinsky", "Brendan Tracey" ],
      "venue" : "Entropy,",
      "citeRegEx" : "Kolchinsky and Tracey.,? \\Q2017\\E",
      "shortCiteRegEx" : "Kolchinsky and Tracey.",
      "year" : 2017
    }, {
      "title" : "Estimating mutual information",
      "author" : [ "Alexander Kraskov", "Harald Stögbauer", "Peter Grassberger" ],
      "venue" : "Physical Review E,",
      "citeRegEx" : "Kraskov et al\\.,? \\Q2004\\E",
      "shortCiteRegEx" : "Kraskov et al\\.",
      "year" : 2004
    }, {
      "title" : "Scalable mutual information estimation using dependence graphs",
      "author" : [ "Morteza Noshad", "Yu Zeng", "Alfred O Hero" ],
      "venue" : "In IEEE International Conference on Acoustics, Speech and Signal Processing (ICASSP),",
      "citeRegEx" : "Noshad et al\\.,? \\Q2019\\E",
      "shortCiteRegEx" : "Noshad et al\\.",
      "year" : 2019
    }, {
      "title" : "Theoretical issues in deep networks",
      "author" : [ "Tomaso Poggio", "Andrzej Banburski", "Qianli Liao" ],
      "venue" : "Proceedings of the National Academy of Sciences,",
      "citeRegEx" : "Poggio et al\\.,? \\Q2020\\E",
      "shortCiteRegEx" : "Poggio et al\\.",
      "year" : 2020
    }, {
      "title" : "Understanding learning dynamics of binary neural networks via information",
      "author" : [ "Vishnu Raj", "Nancy Nayak", "Sheetal Kalyani" ],
      "venue" : "bottleneck. arXiv,",
      "citeRegEx" : "Raj et al\\.,? \\Q2020\\E",
      "shortCiteRegEx" : "Raj et al\\.",
      "year" : 2020
    }, {
      "title" : "Discussion on openreview.net. https://openreview.net/forum?id= ry_WPG-A-, 2017",
      "author" : [ "Andrew M. Saxe", "Yamini Bansal", "Joel Dapello", "Madhu Advani", "Artemy Kolchinsky", "Brendan D. Tracey" ],
      "venue" : null,
      "citeRegEx" : "Saxe et al\\.,? \\Q2017\\E",
      "shortCiteRegEx" : "Saxe et al\\.",
      "year" : 2017
    }, {
      "title" : "On the information bottleneck theory of deep learning",
      "author" : [ "Andrew M. Saxe", "Yamini Bansal", "Joel Dapello", "Madhu Advani", "Artemy Kolchinsky", "Brendan D. Tracey" ],
      "venue" : "In International Conference on Learning Representations (ICLR),",
      "citeRegEx" : "Saxe et al\\.,? \\Q2018\\E",
      "shortCiteRegEx" : "Saxe et al\\.",
      "year" : 2018
    }, {
      "title" : "Revisiting the information plane, 2020",
      "author" : [ "Martin Schiemer", "Juan Ye" ],
      "venue" : "URL https:// openreview.net/forum?id=Hyljn1SFwr",
      "citeRegEx" : "Schiemer and Ye.,? \\Q2020\\E",
      "shortCiteRegEx" : "Schiemer and Ye.",
      "year" : 2020
    }, {
      "title" : "Learning and generalization with the information bottleneck",
      "author" : [ "Ohad Shamir", "Sivan Sabato", "Naftali Tishby" ],
      "venue" : "Theoretical Computer Science,",
      "citeRegEx" : "Shamir et al\\.,? \\Q2010\\E",
      "shortCiteRegEx" : "Shamir et al\\.",
      "year" : 2010
    }, {
      "title" : "Information in infinite ensembles of infinitely-wide neural networks",
      "author" : [ "Ravid Shwartz-Ziv", "Alexander A Alemi" ],
      "venue" : "In Symposium on Advances in Approximate Bayesian Inference,",
      "citeRegEx" : "Shwartz.Ziv and Alemi.,? \\Q2020\\E",
      "shortCiteRegEx" : "Shwartz.Ziv and Alemi.",
      "year" : 2020
    }, {
      "title" : "Opening the black box of deep neural networks via information",
      "author" : [ "Ravid Shwartz-Ziv", "Naftali Tishby" ],
      "venue" : "arXiv, abs/1703.00810,",
      "citeRegEx" : "Shwartz.Ziv and Tishby.,? \\Q2017\\E",
      "shortCiteRegEx" : "Shwartz.Ziv and Tishby.",
      "year" : 2017
    }, {
      "title" : "Markov information bottleneck to improve information flow in stochastic neural networks. Entropy",
      "author" : [ "Thanh Tang Nguyen", "Jaesik Choi" ],
      "venue" : null,
      "citeRegEx" : "Nguyen and Choi.,? \\Q2019\\E",
      "shortCiteRegEx" : "Nguyen and Choi.",
      "year" : 2019
    }, {
      "title" : "Deep learning and the information bottleneck principle",
      "author" : [ "Naftali Tishby", "Noga Zaslavsky" ],
      "venue" : "In 2015 IEEE Information Theory Workshop (ITW),",
      "citeRegEx" : "Tishby and Zaslavsky.,? \\Q2015\\E",
      "shortCiteRegEx" : "Tishby and Zaslavsky.",
      "year" : 2015
    }, {
      "title" : "The information bottleneck method",
      "author" : [ "Naftali Tishby", "Fernando C. Pereira", "William Bialek" ],
      "venue" : "In The 37’th Allerton Conference on Communication, Control and Computing,",
      "citeRegEx" : "Tishby et al\\.,? \\Q1999\\E",
      "shortCiteRegEx" : "Tishby et al\\.",
      "year" : 1999
    }, {
      "title" : "Information plane analysis of deep neural networks via matrix-based Renyi’s entropy and tensor kernels",
      "author" : [ "Kristoffer Wickstrøm", "Sigurd Løkse", "Michael Kampffmeyer", "Shujian Yu", "Jose Principe", "Robert Jenssen" ],
      "venue" : null,
      "citeRegEx" : "Wickstrøm et al\\.,? \\Q1909\\E",
      "shortCiteRegEx" : "Wickstrøm et al\\.",
      "year" : 1909
    }, {
      "title" : "Understanding convolutional neural networks with information theory: An initial exploration",
      "author" : [ "Shujian Yu", "Kristoffer Wickstrøm", "Robert Jenssen", "José C Príncipe" ],
      "venue" : "IEEE Transactions on Neural Networks and Learning Systems,",
      "citeRegEx" : "Yu et al\\.,? \\Q2020\\E",
      "shortCiteRegEx" : "Yu et al\\.",
      "year" : 2020
    }, {
      "title" : "The network is trained in the standard setting, and the average",
      "author" : [ "Saxe" ],
      "venue" : null,
      "citeRegEx" : "Saxe,? \\Q2018\\E",
      "shortCiteRegEx" : "Saxe",
      "year" : 2018
    } ],
    "referenceMentions" : [ {
      "referenceID" : 23,
      "context" : "1 INTRODUCTION Improving our theoretical understanding of why over-parameterized deep neural networks generalize well is arguably one of main problems in current machine learning research (Poggio et al., 2020).",
      "startOffset" : 188,
      "endOffset" : 209
    }, {
      "referenceID" : 33,
      "context" : "Tishby & Zaslavsky (2015) suggested to analyze deep neural networks based on their Information Bottleneck (IB) concept, which is built on measurements of mutual information (MI) between the activations of hidden layers and the input and target (Tishby et al., 1999), for an overview see Geiger (2020).",
      "startOffset" : 244,
      "endOffset" : 265
    }, {
      "referenceID" : 4,
      "context" : "The latter information-theoretic compression is conjectured to be a reason for good generalization performance and has widely been considered in the literature (Abrol & Tanner, 2020; Balda et al., 2018; 2019; Chelombiev et al., 2019; Cheng et al., 2019; Darlow & Storkey, 2020; Elad et al., 2019; Fang et al., 2018; Gabrié et al., 2019; Goldfeld et al., 2019; Jónsson et al., 2020; Kirsch et al., 2020; Tang Nguyen & Choi, 2019; Noshad et al., 2019; Schiemer & Ye, 2020; Shwartz-Ziv & Alemi, 2020; Wickstrøm et al., 2019; Yu et al., 2020).",
      "startOffset" : 160,
      "endOffset" : 538
    }, {
      "referenceID" : 7,
      "context" : "The latter information-theoretic compression is conjectured to be a reason for good generalization performance and has widely been considered in the literature (Abrol & Tanner, 2020; Balda et al., 2018; 2019; Chelombiev et al., 2019; Cheng et al., 2019; Darlow & Storkey, 2020; Elad et al., 2019; Fang et al., 2018; Gabrié et al., 2019; Goldfeld et al., 2019; Jónsson et al., 2020; Kirsch et al., 2020; Tang Nguyen & Choi, 2019; Noshad et al., 2019; Schiemer & Ye, 2020; Shwartz-Ziv & Alemi, 2020; Wickstrøm et al., 2019; Yu et al., 2020).",
      "startOffset" : 160,
      "endOffset" : 538
    }, {
      "referenceID" : 8,
      "context" : "The latter information-theoretic compression is conjectured to be a reason for good generalization performance and has widely been considered in the literature (Abrol & Tanner, 2020; Balda et al., 2018; 2019; Chelombiev et al., 2019; Cheng et al., 2019; Darlow & Storkey, 2020; Elad et al., 2019; Fang et al., 2018; Gabrié et al., 2019; Goldfeld et al., 2019; Jónsson et al., 2020; Kirsch et al., 2020; Tang Nguyen & Choi, 2019; Noshad et al., 2019; Schiemer & Ye, 2020; Shwartz-Ziv & Alemi, 2020; Wickstrøm et al., 2019; Yu et al., 2020).",
      "startOffset" : 160,
      "endOffset" : 538
    }, {
      "referenceID" : 11,
      "context" : "The latter information-theoretic compression is conjectured to be a reason for good generalization performance and has widely been considered in the literature (Abrol & Tanner, 2020; Balda et al., 2018; 2019; Chelombiev et al., 2019; Cheng et al., 2019; Darlow & Storkey, 2020; Elad et al., 2019; Fang et al., 2018; Gabrié et al., 2019; Goldfeld et al., 2019; Jónsson et al., 2020; Kirsch et al., 2020; Tang Nguyen & Choi, 2019; Noshad et al., 2019; Schiemer & Ye, 2020; Shwartz-Ziv & Alemi, 2020; Wickstrøm et al., 2019; Yu et al., 2020).",
      "startOffset" : 160,
      "endOffset" : 538
    }, {
      "referenceID" : 12,
      "context" : "The latter information-theoretic compression is conjectured to be a reason for good generalization performance and has widely been considered in the literature (Abrol & Tanner, 2020; Balda et al., 2018; 2019; Chelombiev et al., 2019; Cheng et al., 2019; Darlow & Storkey, 2020; Elad et al., 2019; Fang et al., 2018; Gabrié et al., 2019; Goldfeld et al., 2019; Jónsson et al., 2020; Kirsch et al., 2020; Tang Nguyen & Choi, 2019; Noshad et al., 2019; Schiemer & Ye, 2020; Shwartz-Ziv & Alemi, 2020; Wickstrøm et al., 2019; Yu et al., 2020).",
      "startOffset" : 160,
      "endOffset" : 538
    }, {
      "referenceID" : 13,
      "context" : "The latter information-theoretic compression is conjectured to be a reason for good generalization performance and has widely been considered in the literature (Abrol & Tanner, 2020; Balda et al., 2018; 2019; Chelombiev et al., 2019; Cheng et al., 2019; Darlow & Storkey, 2020; Elad et al., 2019; Fang et al., 2018; Gabrié et al., 2019; Goldfeld et al., 2019; Jónsson et al., 2020; Kirsch et al., 2020; Tang Nguyen & Choi, 2019; Noshad et al., 2019; Schiemer & Ye, 2020; Shwartz-Ziv & Alemi, 2020; Wickstrøm et al., 2019; Yu et al., 2020).",
      "startOffset" : 160,
      "endOffset" : 538
    }, {
      "referenceID" : 15,
      "context" : "The latter information-theoretic compression is conjectured to be a reason for good generalization performance and has widely been considered in the literature (Abrol & Tanner, 2020; Balda et al., 2018; 2019; Chelombiev et al., 2019; Cheng et al., 2019; Darlow & Storkey, 2020; Elad et al., 2019; Fang et al., 2018; Gabrié et al., 2019; Goldfeld et al., 2019; Jónsson et al., 2020; Kirsch et al., 2020; Tang Nguyen & Choi, 2019; Noshad et al., 2019; Schiemer & Ye, 2020; Shwartz-Ziv & Alemi, 2020; Wickstrøm et al., 2019; Yu et al., 2020).",
      "startOffset" : 160,
      "endOffset" : 538
    }, {
      "referenceID" : 18,
      "context" : "The latter information-theoretic compression is conjectured to be a reason for good generalization performance and has widely been considered in the literature (Abrol & Tanner, 2020; Balda et al., 2018; 2019; Chelombiev et al., 2019; Cheng et al., 2019; Darlow & Storkey, 2020; Elad et al., 2019; Fang et al., 2018; Gabrié et al., 2019; Goldfeld et al., 2019; Jónsson et al., 2020; Kirsch et al., 2020; Tang Nguyen & Choi, 2019; Noshad et al., 2019; Schiemer & Ye, 2020; Shwartz-Ziv & Alemi, 2020; Wickstrøm et al., 2019; Yu et al., 2020).",
      "startOffset" : 160,
      "endOffset" : 538
    }, {
      "referenceID" : 19,
      "context" : "The latter information-theoretic compression is conjectured to be a reason for good generalization performance and has widely been considered in the literature (Abrol & Tanner, 2020; Balda et al., 2018; 2019; Chelombiev et al., 2019; Cheng et al., 2019; Darlow & Storkey, 2020; Elad et al., 2019; Fang et al., 2018; Gabrié et al., 2019; Goldfeld et al., 2019; Jónsson et al., 2020; Kirsch et al., 2020; Tang Nguyen & Choi, 2019; Noshad et al., 2019; Schiemer & Ye, 2020; Shwartz-Ziv & Alemi, 2020; Wickstrøm et al., 2019; Yu et al., 2020).",
      "startOffset" : 160,
      "endOffset" : 538
    }, {
      "referenceID" : 22,
      "context" : "The latter information-theoretic compression is conjectured to be a reason for good generalization performance and has widely been considered in the literature (Abrol & Tanner, 2020; Balda et al., 2018; 2019; Chelombiev et al., 2019; Cheng et al., 2019; Darlow & Storkey, 2020; Elad et al., 2019; Fang et al., 2018; Gabrié et al., 2019; Goldfeld et al., 2019; Jónsson et al., 2020; Kirsch et al., 2020; Tang Nguyen & Choi, 2019; Noshad et al., 2019; Schiemer & Ye, 2020; Shwartz-Ziv & Alemi, 2020; Wickstrøm et al., 2019; Yu et al., 2020).",
      "startOffset" : 160,
      "endOffset" : 538
    }, {
      "referenceID" : 35,
      "context" : "The latter information-theoretic compression is conjectured to be a reason for good generalization performance and has widely been considered in the literature (Abrol & Tanner, 2020; Balda et al., 2018; 2019; Chelombiev et al., 2019; Cheng et al., 2019; Darlow & Storkey, 2020; Elad et al., 2019; Fang et al., 2018; Gabrié et al., 2019; Goldfeld et al., 2019; Jónsson et al., 2020; Kirsch et al., 2020; Tang Nguyen & Choi, 2019; Noshad et al., 2019; Schiemer & Ye, 2020; Shwartz-Ziv & Alemi, 2020; Wickstrøm et al., 2019; Yu et al., 2020).",
      "startOffset" : 160,
      "endOffset" : 538
    }, {
      "referenceID" : 15,
      "context" : "If an empirical input distribution defined by a data set D is considered (as it is the case in many of the previous studies), then randomly-initialized deterministic neural networks with invertible activation functions will most likely result in trivial measurements of MI in the sense that the MI is finite but always maximal, that is, equal to log |D| (Goldfeld et al., 2019; Amjad & Geiger, 2019).",
      "startOffset" : 354,
      "endOffset" : 399
    }, {
      "referenceID" : 2,
      "context" : "Estimating the MI of continuous variables is difficult (Alemi et al., 2017), as evident from the many different methods proposed (Kraskov et al.",
      "startOffset" : 55,
      "endOffset" : 75
    }, {
      "referenceID" : 21,
      "context" : ", 2017), as evident from the many different methods proposed (Kraskov et al., 2004; Kolchinsky & Tracey, 2017; Noshad et al., 2019).",
      "startOffset" : 61,
      "endOffset" : 131
    }, {
      "referenceID" : 22,
      "context" : ", 2017), as evident from the many different methods proposed (Kraskov et al., 2004; Kolchinsky & Tracey, 2017; Noshad et al., 2019).",
      "startOffset" : 61,
      "endOffset" : 131
    }, {
      "referenceID" : 15,
      "context" : "However, for deterministic neural networks the continuous entropies may not be finite (Goldfeld et al., 2019; Saxe et al., 2018; Amjad & Geiger, 2019).",
      "startOffset" : 86,
      "endOffset" : 150
    }, {
      "referenceID" : 26,
      "context" : "However, for deterministic neural networks the continuous entropies may not be finite (Goldfeld et al., 2019; Saxe et al., 2018; Amjad & Geiger, 2019).",
      "startOffset" : 86,
      "endOffset" : 150
    }, {
      "referenceID" : 25,
      "context" : "net2, posting a response titled “Data falsifying the claims of this ICLR submission all together” (Saxe et al., 2017).",
      "startOffset" : 98,
      "endOffset" : 117
    }, {
      "referenceID" : 21,
      "context" : "performed further experiments using different estimators for MI: a state-of-the-art non-parametric KDE approach (Kolchinsky & Tracey, 2017) and a k-NN based estimator (Kraskov et al., 2004).",
      "startOffset" : 167,
      "endOffset" : 189
    }, {
      "referenceID" : 18,
      "context" : "Table I in the review by Geiger (2020) provides a nice overview over empirical IB studies and if the compression phase was observed (Darlow & Storkey, 2020; Jónsson et al., 2020; Kirsch et al., 2020; Noshad et al., 2019; Raj et al., 2020; Shwartz-Ziv & Tishby, 2017) or not (Abrol & Tanner, 2020; Balda et al.",
      "startOffset" : 132,
      "endOffset" : 266
    }, {
      "referenceID" : 19,
      "context" : "Table I in the review by Geiger (2020) provides a nice overview over empirical IB studies and if the compression phase was observed (Darlow & Storkey, 2020; Jónsson et al., 2020; Kirsch et al., 2020; Noshad et al., 2019; Raj et al., 2020; Shwartz-Ziv & Tishby, 2017) or not (Abrol & Tanner, 2020; Balda et al.",
      "startOffset" : 132,
      "endOffset" : 266
    }, {
      "referenceID" : 22,
      "context" : "Table I in the review by Geiger (2020) provides a nice overview over empirical IB studies and if the compression phase was observed (Darlow & Storkey, 2020; Jónsson et al., 2020; Kirsch et al., 2020; Noshad et al., 2019; Raj et al., 2020; Shwartz-Ziv & Tishby, 2017) or not (Abrol & Tanner, 2020; Balda et al.",
      "startOffset" : 132,
      "endOffset" : 266
    }, {
      "referenceID" : 24,
      "context" : "Table I in the review by Geiger (2020) provides a nice overview over empirical IB studies and if the compression phase was observed (Darlow & Storkey, 2020; Jónsson et al., 2020; Kirsch et al., 2020; Noshad et al., 2019; Raj et al., 2020; Shwartz-Ziv & Tishby, 2017) or not (Abrol & Tanner, 2020; Balda et al.",
      "startOffset" : 132,
      "endOffset" : 266
    }, {
      "referenceID" : 4,
      "context" : ", 2020; Shwartz-Ziv & Tishby, 2017) or not (Abrol & Tanner, 2020; Balda et al., 2018; 2019; Tang Nguyen & Choi, 2019; Shwartz-Ziv & Alemi, 2020; Yu et al., 2020) or the results were mixed (Chelombiev et al.",
      "startOffset" : 43,
      "endOffset" : 161
    }, {
      "referenceID" : 35,
      "context" : ", 2020; Shwartz-Ziv & Tishby, 2017) or not (Abrol & Tanner, 2020; Balda et al., 2018; 2019; Tang Nguyen & Choi, 2019; Shwartz-Ziv & Alemi, 2020; Yu et al., 2020) or the results were mixed (Chelombiev et al.",
      "startOffset" : 43,
      "endOffset" : 161
    }, {
      "referenceID" : 7,
      "context" : ", 2020) or the results were mixed (Chelombiev et al., 2019; Cheng et al., 2019; Elad et al., 2019; Fang et al., 2018; Gabrié et al., 2019; Goldfeld et al., 2019; Saxe et al., 2018; Schiemer & Ye, 2020; Wickstrøm et al., 2019).",
      "startOffset" : 34,
      "endOffset" : 225
    }, {
      "referenceID" : 8,
      "context" : ", 2020) or the results were mixed (Chelombiev et al., 2019; Cheng et al., 2019; Elad et al., 2019; Fang et al., 2018; Gabrié et al., 2019; Goldfeld et al., 2019; Saxe et al., 2018; Schiemer & Ye, 2020; Wickstrøm et al., 2019).",
      "startOffset" : 34,
      "endOffset" : 225
    }, {
      "referenceID" : 11,
      "context" : ", 2020) or the results were mixed (Chelombiev et al., 2019; Cheng et al., 2019; Elad et al., 2019; Fang et al., 2018; Gabrié et al., 2019; Goldfeld et al., 2019; Saxe et al., 2018; Schiemer & Ye, 2020; Wickstrøm et al., 2019).",
      "startOffset" : 34,
      "endOffset" : 225
    }, {
      "referenceID" : 12,
      "context" : ", 2020) or the results were mixed (Chelombiev et al., 2019; Cheng et al., 2019; Elad et al., 2019; Fang et al., 2018; Gabrié et al., 2019; Goldfeld et al., 2019; Saxe et al., 2018; Schiemer & Ye, 2020; Wickstrøm et al., 2019).",
      "startOffset" : 34,
      "endOffset" : 225
    }, {
      "referenceID" : 13,
      "context" : ", 2020) or the results were mixed (Chelombiev et al., 2019; Cheng et al., 2019; Elad et al., 2019; Fang et al., 2018; Gabrié et al., 2019; Goldfeld et al., 2019; Saxe et al., 2018; Schiemer & Ye, 2020; Wickstrøm et al., 2019).",
      "startOffset" : 34,
      "endOffset" : 225
    }, {
      "referenceID" : 15,
      "context" : ", 2020) or the results were mixed (Chelombiev et al., 2019; Cheng et al., 2019; Elad et al., 2019; Fang et al., 2018; Gabrié et al., 2019; Goldfeld et al., 2019; Saxe et al., 2018; Schiemer & Ye, 2020; Wickstrøm et al., 2019).",
      "startOffset" : 34,
      "endOffset" : 225
    }, {
      "referenceID" : 26,
      "context" : ", 2020) or the results were mixed (Chelombiev et al., 2019; Cheng et al., 2019; Elad et al., 2019; Fang et al., 2018; Gabrié et al., 2019; Goldfeld et al., 2019; Saxe et al., 2018; Schiemer & Ye, 2020; Wickstrøm et al., 2019).",
      "startOffset" : 34,
      "endOffset" : 225
    }, {
      "referenceID" : 15,
      "context" : "Given any two different input patterns, two neurons will have different activations with probability one (Goldfeld et al., 2019; Geiger, 2020).",
      "startOffset" : 105,
      "endOffset" : 142
    }, {
      "referenceID" : 17,
      "context" : "2 EXACT MUTUAL INFORMATION IN QUANTIZED NETWORKS Quantization of neural networks was originally proposed as a means to create more efficient networks, space-wise and in terms of inference running time, for instance to make them available on mobile devices (Jacob et al., 2018; Hubara et al., 2017).",
      "startOffset" : 256,
      "endOffset" : 297
    }, {
      "referenceID" : 16,
      "context" : "2 EXACT MUTUAL INFORMATION IN QUANTIZED NETWORKS Quantization of neural networks was originally proposed as a means to create more efficient networks, space-wise and in terms of inference running time, for instance to make them available on mobile devices (Jacob et al., 2018; Hubara et al., 2017).",
      "startOffset" : 256,
      "endOffset" : 297
    }, {
      "referenceID" : 26,
      "context" : "In terms of estimating the entropy/MI, this corresponds to applying a binning with 2 bins to the non-quantized activations as done in the previous studies (Shwartz-Ziv & Tishby, 2017; Saxe et al., 2018), as information available to the network at the time of training is dropped, and thus we expect it to show similar artifacts.",
      "startOffset" : 155,
      "endOffset" : 202
    }, {
      "referenceID" : 17,
      "context" : "Instead, we investigate networks trained using quantization aware training (QAT), in which activations are quantized on the fly during training (Jacob et al., 2018).",
      "startOffset" : 144,
      "endOffset" : 164
    }, {
      "referenceID" : 17,
      "context" : "During training, the algorithm keeps track of the minimum a ) l and maximum a (T ) u activations in each layer T across the epoch, and the activation of each neuron in T is mapped to one of 2 uniformly distributed values between a (T ) l and a (T ) u , before being passed to the next layer (Jacob et al., 2018).",
      "startOffset" : 291,
      "endOffset" : 311
    }, {
      "referenceID" : 26,
      "context" : "As in previous studies (Shwartz-Ziv & Tishby, 2017; Saxe et al., 2018), we used an 80%/20% training/test split to monitor fitting, while computing the MI based on the entire data set (training and test data).",
      "startOffset" : 23,
      "endOffset" : 70
    }, {
      "referenceID" : 0,
      "context" : "Our implementation is based on Tensorflow (Abadi et al., 2016).",
      "startOffset" : 42,
      "endOffset" : 62
    }, {
      "referenceID" : 6,
      "context" : "2 EXACT MUTUAL INFORMATION FOR LEARNING AN MNIST REPRESENTATION We considered the task of leaning a two-dimensional representation of the MNIST handwritten digits (Bottou et al., 1994; Deng, 2012).",
      "startOffset" : 163,
      "endOffset" : 196
    }, {
      "referenceID" : 10,
      "context" : "2 EXACT MUTUAL INFORMATION FOR LEARNING AN MNIST REPRESENTATION We considered the task of leaning a two-dimensional representation of the MNIST handwritten digits (Bottou et al., 1994; Deng, 2012).",
      "startOffset" : 163,
      "endOffset" : 196
    }, {
      "referenceID" : 26,
      "context" : "While the quantized networks do not directly correspond to the networks in the original studies (Shwartz-Ziv & Tishby, 2017; Saxe et al., 2018), they amplify the effect of the networks being executed on a digital computer.",
      "startOffset" : 96,
      "endOffset" : 143
    } ],
    "year" : 2022,
    "abstractText" : "The information bottleneck (IB) principle has been suggested as a way to analyze deep neural networks. The learning dynamics are studied by inspecting the mutual information (MI) between the hidden layers and the input and output. Notably, separate fitting and compression phases during training have been reported. This led to some controversy including claims that the observations are not reproducible and strongly dependent on the type of activation function used as well as on the way the MI is estimated. Our study confirms that different ways of binning when computing the MI lead to qualitatively different results, either supporting or refusing IB conjectures. To resolve the controversy, we study the IB principle in settings where MI is non-trivial and can be computed exactly. We monitor the dynamics of quantized neural networks, that is, we discretize the whole deep learning system so that no approximation is required when computing the MI. This allows us to quantify the information flow without measurement errors. In this setting, we observed a fitting phase for all layers and a compression phase for the output layer in all experiments; the compression in the hidden layers was dependent on the type of activation function. Our study shows that the initial IB results were not artifacts of binning when computing the MI. However, the critical claim that the compression phase may not be observed for some networks also holds true.",
    "creator" : "LaTeX with hyperref"
  }
}