{
  "name" : "ICLR2022-mQxt8l7JL04.pdf",
  "metadata" : {
    "source" : "CRF",
    "title" : null,
    "authors" : [ "Yonghyeon Lee", "Sangwoong Yoon", "Minjun Son", "Frank C. Park" ],
    "emails" : [ "yhlee@robotics.snu.ac.kr,", "swyoon@robotics.snu.ac.kr,", "mjson98@robotics.snu.ac.kr,", "fcp@snu.ac.kr" ],
    "sections" : [ {
      "heading" : "1 INTRODUCTION",
      "text" : "Learning a good representation for high-dimensional data is one of the most fundamental problems in machine learning. A good representation should capture all essential information about the data in a parsimonious manner while filtering out all non-essential variations. Clearly what is “essential” or “non-essential” depends heavily on the end task (Tschannen et al., 2018), and numerous criteria have been proposed for a range of contexts, e.g., disentanglement (Higgins et al., 2017; Zhao et al., 2017), clustering (Makhzani et al., 2015), sparsity (Lewicki & Sejnowski, 2000), hierarchy (Gulrajani et al., 2017), and isometric embedding (McQueen et al., 2016; Peterfreund et al., 2020).\nIn this paper we take the view that the essential information is best captured by the geometry of the data. More specifically, we adopt the manifold hypothesis as our point of departure, and further argue that a good representation should also preserve the geometry of the data manifold. That is, nearby points on the manifold should have representations in the latent representation space that are also nearby, and angles and volumes should be preserved as much as possible when moving between the data manifold and its representation space. To find such a representation, it is important to (i) learn the correct low-dimensional data manifold, and (ii) to find an optimal set of latent space coordinates that preserves the geometry of the learned data manifold.\nA primary reason that autoencoders are widely used for unsupervised representation learning is that they can learn both the manifold and the latent space coordinates simultaneously during the training phase. Vanilla autoencoders trained purely to minimize reconstruction loss tend to overfit, and the learned manifolds are often inaccurate. As demonstrated in (Rifai et al., 2011b; Kingma & Welling, 2014; Makhzani et al., 2015; Tolstikhin et al., 2018; Lee et al., 2021), by augmenting the reconstruction loss with a regularization term, manifold learning performance of autoencoders can be significantly enhanced. However, little if any consideration has been given to the concurrent problem of learning a set of latent space coordinates that preserves the geometry of the data manifold (with the exception of FMVAE (Chen et al., 2020), which we discuss further below).\nThe main contribution of this paper is a regularized autoencoder that simultaneously learns the data manifold and a geometry-preserving set of latent space coordinates. For this purpose, we first formulate a hierarchy of geometry-preserving mappings. At the top of the hierarchy are isometries, which preserve distances and angles, followed by conformal maps, which preserve angles, and then area-preserving maps. Of particular relevance to this paper are the conformal maps, which we further stratify into degree k conformal maps, with k = 0 corresponding to scaled isometries, i.e., maps that preserve angles and distances up to some scale factor.\nBased on this hierarchy of mappings, we then formulate a corresponding hierarchy of regularization criteria for training the autoencoder. One of the important findings of our study is that somewhat counterintuitively, using a regularization term that measures the nearness to an isometry is in fact detrimental; such a regularization term overly constrains the mapping, resulting in a higher reconstruction loss whose effects cannot be mitigated even with adjustments to the regularization term weight. Rather, using a less stringent regularization term is more helpful. In our examples the degree zero conformal maps, or scaled isometries, seem to offer the best balance between reconstruction accuracy and model parsimony.\nWe note that if the exact data manifold were known in advance, then the scale factor could be precomputed, e.g., to make the latent space and the data manifold have the same volume, in which case it would make sense to use a normalized version of the isometry measure as regularization term. When using an autoencoder for representation learning, however, the data manifold is not known a priori but rather learned together with the latent space representation. The more effective alternative, we argue, is to learn this scale together with the manifold and the latent space representation. The FMVAE of (Chen et al., 2020) is in fact the first work to adopt this approach, but the measure does not adequately capture the nearness to a scaled isometry, and is also not coordinate-invariant, limiting its performance as we show later in our experiments.\nOnce the data manifold and an initial set of geometry-preserving latent space coordinates are learned, it is possible to further “flatten” the latent space, by adding a postprocessing step that leads to an even more isometric set of coordinates. Specifically, we use an invertible neural network model to map the pre-trained latent space to a more isometric representation space, without incurring any further losses in reconstruction accuracy.\nExperiments on diverse image and motion capture data confirm that, compared to existing related methods, our geometrically regularized autoencoder produces more isometric representations of the data while incurring only minimal losses in reconstruction accuracy. In particular, information retrieval task experiments conducted with CelebA data show that data similarity measurements performed in our representation space lead to significantly improved levels of retrieval performance.\nOur specific contributions can be summarized as follows:\n• We define a family of coordinate-invariant regularization terms that measure how close the decoder is to being a scaled isometry; • We propose an isometric regularization method for autoencoders that learns both the data manifold and a set of geometry-preserving latent space coordinates, all while incurring minimal losses in reconstruction accuracy; • We propose a postprocessing flattening technique that learns a more isometric representation space without further losses in reconstruction accuracy."
    }, {
      "heading" : "2 A HIERARCHY OF GEOMETRY-PRESERVING MAPPINGS",
      "text" : "This section introduces a hierarchy of geometry-preserving mappings between two Riemannian manifolds. Let M be a Riemannian manifold of dimension m with local coordinates z ∈ Rm and Riemannian metric G(z) ∈ Rm×m, and N be a Riemannian manifold of dimension n with local coordinates x ∈ Rn and Riemannian metric H(x) ∈ Rn×n. Let f : M → N be a smooth mapping, represented in local coordinates by the italic symbol f : Rm → Rn. Its differential is denoted by the Jacobian matrix Jf (z) := ∂f∂z (z) ∈ R n×m.\nIntuitively, an isometry is a mapping between two spaces that preserves distances and angles everywhere. For a linear mapping between two vector spaces equipped with inner products, an isometry preserves the inner product everywhere. In the case of a mapping between Riemannian manifolds,\nf : M → N is an isometry if G(z) = Jf (z)\nTH(f(z))Jf (z) ∀z ∈ Rm. (1) Sometimes, requiring a map f to be an isometry can be overly restrictive; preserving only angles may be sufficient. A conformal map is a mapping that preserves angles but not necessarily distances. Mathematically, f : M → N is conformal (or angle-preserving) if\nG(z) = c(z)Jf (z) TH(f(z))Jf (z) ∀z ∈ Rm, (2)\nfor some positive function c : M → R. The positive function is called the conformal factor. Conformal maps can be further categorized by the polynomial degree of c(z). A conformal map of degree zero, i.e., one in which c(z) is constant, sits one level below the isometric mapping and is defined formally as any mapping f for which a positive scalar constant c satisfying\nG(z) = cJf (z) TH(f(z))Jf (z) ∀z ∈ Rm (3)\ncan be found. Such a map not only preserves angles but also scaled distances; for this reason we shall also refer to a degree zero conformal map as a scaled isometry. Area-preserving maps also can be placed within this hierarchy, but for the purposes of this paper our focus will be exclusively on isometric and conformal mappings."
    }, {
      "heading" : "3 A COORDINATE-INVARIANT RELAXED DISTORTION MEASURE",
      "text" : "The goal of this section is to design a coordinate-invariant functional F that measures the proximity of the mapping f : M → N to a scaled isometry. Section 3.1 shows how to construct coordinateinvariant functionals for a smooth mapping between two Riemannian manifolds, while Section 3.2 introduces a simple technique to define coordinate-invariant distortion measures that measure how close the mapping is to being an isometry. Section 3.3 defines a family of coordinate-invariant relaxed distortion measures that measure how close the mapping is to being a scaled isometry.\nIn order to extend the discussion of traditional distortion measures to more general cases (we will later use a probability measure), we consider a positive measure ν on M absolutely continuous to the Riemannian volume form1, the spaces of interest will then be limited to the support of ν rather than the entire manifold M."
    }, {
      "heading" : "3.1 COORDINATE-INVARIANT FUNCTIONALS ON RIEMANNIAN MANIFOLDS",
      "text" : "We begin this section by reviewing how to construct coordinate-invariant functionals for a smooth mapping f : M → N (Jang et al., 2020). At a point z ∈ M, consider the characteristic values of the pullback metric JTf HJf relative to the metric G of M, i.e., the m eigenvalues λ1(z), ..., λm(z) of Jf (z)TH(f(z))Jf (z)TG−1(z). Apart from their order, these eigenvalues are intrinsically associated with JTf HJf and G, i.e., they are invariant under coordinate transformations 2.\nLet S(λ1, ..., λm) be any symmetric function (i.e., a function whose value is invariant with respect to permutations of its arguments) of the m eigenvalues. Then the integral\nIS(f) := ∫ M S(λ1(z), ..., λm(z)) dν(z) (4)\nis an intrinsic quantity, i.e., coordinate-invariant.\nIn this paper we introduce a new family of coordinate-invariant functionals that can be used to formulate measures for scaled isometries in a more natural way. Consider a symmetric function S such that the above integral IS(f) ̸= 0, and let S′(λ1, ..., λm) be any symmetric function. The following integral ∫\nM S′(\nλ1(z) IS(f) , ..., λm(z) IS(f) ) dν(z) (5)\nis then an intrinsic quantity, since the eigenvalues and IS(f) are both intrinsic quantities. 1Given a measurable space M, a measure ν is absolutely continuous to the Riemannian volume measure\nVol such that dVol(z) = √\ndetG(z) dz, if Vol(A) = 0 implies ν(A) = 0 for any measurable set A ⊂ M. 2Eigenvalues of JTf HJfG −1 remain the same under coordinate transformations z 7→ ϕ(z), x 7→ ψ(x)."
    }, {
      "heading" : "3.2 DISTORTION MEASURES OF ISOMETRY",
      "text" : "Recall that f : M → N is a local isometry at z if λi(z) = 1 for ∀i, and a global isometry if f is a local isometry everywhere (Jang et al., 2020). In this section we introduce a simple technique to define a family of distortion measures that measure the proximity to an isometry. Consider any convex function h : R → [0,∞) such that h(1) = 0, h′(λ) = 0 iff λ = 1, and define a symmetric function S(λ1, ..., λm) =\n∑m i=1 h(λi). Then the coordinate-invariant functional∫\nM m∑ i=1 h(λi(z)) dν(z) (6)\nis a global measure of distortion (restricted to the support of ν). Since the integrand in the above functional locally measures the deviation of the mapping f from an isometry, its integral also serves as a global measure of distortion. Popular choices include h(λ) = (1− λ)2 and h(λ) = (log(λ))2."
    }, {
      "heading" : "3.3 A RELAXED DISTORTION MEASURE AND SCALED ISOMETRY",
      "text" : "The goal of this section is to design a family of coordinate-invariant functionals F that measure how far the mapping f : M → N is from being a scaled isometry (over the support of ν). We refer to these as relaxed distortion measures, in the sense that a larger set of mappings are minimizers of the relaxed distortion measure than the original distortion measure.\nGiven mappings f, f ′ : M → N (denoted f and f ′ in local coordinates) with respective Jacobians Jf , Jf ′ , the desired properties of F are as follows:\n1. F(f) ≥ 0; 2. F(f) = 0 if and only if λi(z) = c for ∀i, ∀z ∈ Supp(ν), and for some c > 0; 3. F(f) = F(f ′) if JTf HJf = cJTf ′HJf ′ for ∀z ∈ Supp(ν), and for some c > 0,\nwhere λi(z) denotes the eigenvalues of JTf (z)H(f(z))Jf (z)G −1(z) and Supp(ν) is the support of ν. The first condition is to ensure a minimum of zero, while the second condition is to make any scaled isometry (restricted to the support of ν) be a minimizer. Although the first and second conditions are sufficient to use F(f) as a measure of the proximity of f to a scaled isometry, we impose an additional third condition to make the measure more natural in the following sense: since the measure should not a priori favor a particular scale for the pullback metric, if the pullback metrics are equivalent up to some scale, then these should be treated equivalently.\nOur core idea for constructing such a measure is to use the newly proposed family of coordinateinvariant functionals (5) with the technique used in (6) as follows:\nF(f) := ∫ M m∑ i=1 h( λi(z)∫ M S(λ1(z), ..., λm(z)) dν(z) ) dν(z) (7)\nwhere h is some convex function and S is some symmetric function. This functional automatically satisfies the first condition. To satisfy the second and third conditions, the symmetric function S must satisfy some further conditions:\nProposition 1 The functional in (7) satisfies the second and third conditions if ν is a finite measure, S(kλ1, ..., kλm) = kS(λ1, ..., λm), and S(1, ..., 1) = 1/ν(M). Proof: See Appendix A."
    }, {
      "heading" : "4 ISOMETRIC REPRESENTATION LEARNING",
      "text" : "We now introduce a regularized autoencoder with a practical form of the relaxed coordinate-invariant distortion measure. We also describe the additional postprocessing step for further flattening the latent space. Finally, we introduce some relevant implementation details."
    }, {
      "heading" : "4.1 ISOMETRIC REGULARIZATION WITH THE RELAXED DISTORTION MEASURE",
      "text" : "Denote a parametric encoder function by gϕ : RD → Rm and decoder function by fθ : Rm → RD. We consider the latent space Rm with coordinates z assigned with the identity metric G(z) = I and\nthe data space RD with coordinates x assigned with the metric H(x). We denote the data distribution in RD by x ∼ PD and the distribution of the encoded data in Rm by z ∼ Pϕ where z = gϕ(x). First, to construct a relaxed distortion measure of fθ, we need to select a positive measure ν. Considering ν as a probability measure Pϕ and replacing the integrals ∫ M dν(z) in (7) by expectations Ez∼Pϕ , we get the following expression:\nF(fθ;Pϕ) := Ez∼Pϕ [ m∑ i=1 h( λi(z) Ez∼Pϕ [S(λ1(z), ..., λm(z))] )], (8)\nwhere λi(z) are the eigenvalues of the pullback metric JTfθ (z)H(fθ(z))Jfθ (z).\nThen, we propose a regularized autoencoder where the loss function consists of the following two terms i) loss function L(θ, ϕ) for manifold learning (e.g., reconstruction error) and ii) regularization term F(fθ;Pϕ) for learning a scaled isometric decoder:\nmin θ,ϕ\nL(θ, ϕ) + αF(fθ;Pϕ). (9)\nTraining an autoencoder to minimize (9) is referred to as Isometric Regularization (IR).\nIn practice, the computation of and back-propagation through F(fθ;Pϕ) that includes the computation of the entire Jacobian of fθ requires sufficient memory and computational cost. Instead, with an appropriate choice of convex function h and symmetric function S, the measure F(fθ;Pϕ) can be efficiently estimated by using the more easily computed Jacobian-vector and vector-Jacobian products and Hutchinson’s stochastic trace estimator (Hutchinson, 1989):\nProposition 2 Let h(λ) = (1− λ)2 and S(λ1, ..., λm) = ∑m i=1 λi/m, then\nF(fθ;Pϕ) = Ez∼Pϕ [ m∑ i=1 ( λi(z) Ez∼Pϕ [ ∑ i λi(z)/m] − 1)2] = m2 Ez∼Pϕ [Tr(H2θ (z))] Ez∼Pϕ [Tr(Hθ(z))]2 −m, (10)\nwhere λi(z) means the eigenvalues of Hθ(z) := JTfθ (z)H(fθ(z)))Jfθ (z). Proof: See Appendix A."
    }, {
      "heading" : "4.2 LATENT SPACE FLATTENING",
      "text" : "In the isometric regularization approaches, autoencoders are trained to minimize both manifold learning loss and geometric regularization term; hence there exists an inherent tradeoff. We introduce a postprocessing step to further flatten the pre-trained latent space to a more isometric representation space without incurring any further losses in reconstruction accuracy.\nGiven a trained encoder gϕ : RD → Rm and trained decoder fθ : Rm → RD, consider an invertible map i : Rm → Rm such that z′ = i(z) and the composition fθ ◦ i−1 : Rm → RD. The map i transforms the pre-trained latent space to a new set of latent coordinates without affecting the reconstruction accuracy. This gives an additional degree of freedom to find a more isometric representation space. Based on this idea, we formulate the latent space flattening problem as follows:\nmin i\nF(fθ ◦ i−1;P ′i ) + β Ez∼Pϕ [∥i(z)∥2], (11)\nwhere z′ ∼ P ′i is the distribution of the encoded data in Rm (z′ = i ◦ gϕ(x)) and the second term is the regularization term with coefficient β added to prevent i(z) from diverging. In this paper, we use the invertible deep neural network RealNVP (Dinh et al., 2017) for i."
    }, {
      "heading" : "4.3 IMPLEMENTATION DETAILS",
      "text" : "We now explain some relevant implementation details of our approach. We use a Gaussian encoder qϕ(z|x) and decoder pθ(x|z), and treat the mean of pθ(x|z) as fθ(z). We use the negative evidence lower bound for L(θ, ϕ) from the VAE with the unit Gaussian prior distribution (Kingma & Welling, 2014). We assume the identity metric for the data space, i.e., H(x) = I . We use the particular combination of h and S described in Proposition 2. In cases when the latent space dimension is sufficiently small, it becomes feasible to compute the full metric and use other combinations. As an example, when the dimension is two, we use another popular choice h(λ) = (log(λ))2.\nAugmented Distribution: The relaxed distortion measure is defined as the expectation over the encoded data distribution P . However, the influence of the measure is then limited to regions where data is available; in practice, data augmentation can resolve this issue. Following the FMVAE (Chen et al., 2020), we use the modified mix-up data-augmentation method with η > 0, where P is augmented by z = δz1 + (1 − δ)z2 such that zi ∼ P, i = 1, 2, where δ is uniformly sampled from [−η, 1 + η]. Sampling from the augmented latent space data distribution is denoted as z ∼ PZ . The pseudocode is available in Appendix B."
    }, {
      "heading" : "5 EXPERIMENTS",
      "text" : "Throughout this section we use isometric regularization on VAE (Kingma & Welling, 2014; Rezende & Mohamed, 2015) which we refer to as the Isometrically Regularized VAE (IRVAE). We then train the Flattening Module (FM) in a post hoc manner, which we denote by IRVAE + FM. In Section 5.1, we show that (i) IRVAE can effectively learn the isometric representation with a minimal loss in reconstruction accuracy compared to vanilla VAE and FMVAE (Chen et al., 2020), and (ii) IRVAE + FM leads to a more isometric representation without any loss in reconstruction accuracy. In Section 5.2, through an unsupervised human face retrieval task, we show that measuring data similarity in our isometric representation spaces significantly improves retrieval performance. A mathematical comparison of IRVAE with FMVAE is provided in Appendix C, with experimental details given in Appendix D."
    }, {
      "heading" : "5.1 ISOMETRIC REPRESENTATION WITH MINIMAL LOSS IN RECONSTRUCTION ACCURACY",
      "text" : "We first introduce some evaluation metrics that measure (i) the accuracy of the learned manifolds, and (ii) how isometric the latent space is (i.e., how close the pullback metric M(z) := JTf (z)Jf (z) is to {cI|c ∈ (0,∞)}). These metrics are computed over the test datasets. The accuracy of the learned manifolds is measured in terms of the mean square reconstruction errors. To evaluate M(z), we introduce two different metrics that are scale-invariant (i.e., M(z) and kM(z) have the same values). First, the Variance of the Riemannian metric (VoR) is defined as the mean square distance from M(z) to M̄ := Ez∼PZ [M(z)], where we use the affine-invariant Riemannian distance d, i.e., d2(A,B) = ∑m i=1(log λi(B\n−1A))2 (Pennec et al., 2006; Lee & Park, 2018). Second, we use the Mean Condition Number (MCN) of the Riemannian metric, where the condition number of M(z) is the ratio between the maximum eigenvalue and minimum eigenvalue. Both metrics are computed by sampling a sufficiently large number of points from PZ .\nVoR measures how the Riemannian metric is spread out from M̄ , which becomes zero when the metric is constant for all z in the support of PZ . While VoR measures the spatial variance of the metric in z, MCN measures how much the metric is isotropic. MCN becomes one when M(z) ∝ I for all z in the support of PZ .\nFor IRVAE and FMVAE, there are natural tradeoffs between MSE versus VoR and MCN. If we use higher weights α for the regularization terms, the representation becomes more isometric with losses in reconstruction accuracy. In order to compare the algorithms in a regularization coefficient α-invariant manner, we compare the tradeoff curves, i.e., MSE as a function of VoR and MCN obtained by using varying regularization coefficients α.\nSections 5.1.1 and 5.1.2 use the MNIST image and CMU motion capture data, respectively, with twodimensional latent spaces. Additional experimental results including experiments on more diverse image data (MNIST, FMNIST, SVHN, CIFAR-10) are provided in Appendix E."
    }, {
      "heading" : "5.1.1 MNIST",
      "text" : "Figure 1 shows tradeoff curves of FMVAE and IRVAE trained on MNIST data with two-dimensional latent spaces, some example reconstructed images, and latent space representations with equidistance plots. We note that the tradeoff curves of IRVAE (orange) are below those of FMVAE (blue), meaning that the IRVAE learns more isometric representations at any level of reconstruction accuracy. Cases A and B produce good reconstruction results, but non-homogeneous and non-isotropic\nequidistance plots since lower regularization coefficients are used. For cases F, I, opposite results are obtained.\nFigure 2 shows tradeoff curves and latent space representations for IRVAE + FM (under the same experimental setting as above). IRVAE + FM results in more isometric representations than IRVAE, with no losses in MSE. In particular, for cases A and B, which have the lowest MSE but the highest VoR and MCN, the flattener significantly lowers both VoR and MCN. These improvements can be qualitatively seen by comparing the equidistance plots of A and B in Figure 1 and Figure 2."
    }, {
      "heading" : "5.1.2 CMU MOTION CAPTURE DATA",
      "text" : "We use a subset of the CMU motion capture data by selecting four classes: walking, jogging, balancing, and punching, with two-dimensional latent spaces. The motion data in each class is a sequence of pose data, where each pose data is represented by a 50-dimensional vector of joint angles. We use a total of 10,000, 2,000 and 2,000 pose data items for training, validation, and test, respectively.\nFigure 3 shows the tradeoff curves for FMVAE, IRVAE, and IRVAE + FM. The results of VAE are omitted from the figure since the MSE, VoR, and MCN are too large to be plotted together with the other models (MSE: 1.72×10−4, VoR: 4.86, MCN: 20.3). The tradeoff curves for IRVAE are far below compared to those for FMVAE, while the IRVAE + FM results in a more isometric representation without any loss in MSE.\nFigure 4 shows the latent space representations with equidistance ellipses. For a fair comparison, we select models with similar reconstruction accuracy (the selected regularization coefficients are marked by the black circles in Figure 3). We observe that the ellipses for IRVAE and IRVAE + FM are much more homogeneous (blue) than those for VAE and FMVAE."
    }, {
      "heading" : "5.2 UNSUPERVISED HUMAN FACE RETRIEVAL",
      "text" : "We also demonstrate the effectiveness of our approach to image-to-image retrieval of human faces. We consider the retrieval of face images that have a queried set of attributes, in which the query is also given as a set of face images that share some visual attributes. For example, if a user provides a set of photos that contain smiling faces but differ in other attributes, a retrieval algorithm is expected to return a set of smiling face images from the database. In this setting, a user communicates with a retrieval system by providing examples, avoiding the dependence on human language.\nWe focus in particular on an unsupervised scenario in which a retrieval algorithm is built without any annotation. Unsupervised representation learning methods are trained on CelebA (Liu et al., 2015), which contains 182,637 training images and 19,962 test images. Each image in CelebA has 64×64×3 pixels and contains an aligned human face with binary annotations on 40 attributes. The attribute annotations are only used to evaluate retrieval performance.\nWe refer to attributes that query images have in common as query attributes. We experiment with different settings in which there is a single query attribute (single attribute retrieval; SAR) and also with two query attributes (double attribute retrieval; DAR). We use all images that have given query attributes in the training set as query images, and retrieve the top K similar images from the test set based on the summed cosine similarity to the query images.\nThe quality of a retrieval is measured using precision at K (P@K) for K = 1, 5, 10, 20. P@K denotes the ratio of images that have query attributes among the K retrieved images. For SAR, P@K are averaged over the 40 attributes. For DAR, there are 780 possible combinations of two attributes. We select a combination of attributes if the images that have those attributes account for more than one percent and less than fifty percent of the total test data; thus P@K are averaged over 487 selected combinations.\nRetrieval is performed in the latent space of the representation learning algorithms. Algorithms to be compared include (i) unsupervised representation learning methods VAE (Kingma & Welling, 2014), FMVAE (Chen et al., 2020), IRVAE (ours), and IRVAE + FM (ours), whose latent space dimensions are 128, (ii) a neural network (ResNet-50) pre-trained on ImageNet (He et al., 2016), and (iii) a supervised learning method (binary relevance) (Read et al., 2011). The performance of\nthe pre-trained network and the supervised learning method serve as lower and upper bounds for the unsupervised methods, respectively.\nTable 1 lists the retrieval performance for the various cases. IRVAE outperforms FMVAE, which in turn outperforms VAE. FM improves the performance of IRVAE for most cases with only one exception, P@1 score in SAR. More detailed results on SAR are included in Appendix F. Some example image retrieval results are visualized in Figure 5."
    }, {
      "heading" : "6 CONCLUSION",
      "text" : "We have formulated the problem of learning the manifold simultaneously with a set of optimal latent space coordinates that preserve the geometry of the learned manifold. We have introduced a hierarchy of geometry-preserving mappings between two Riemannian manifolds (e.g., isometry, conformal mapping of degree k, area-preserving mappings) and defined a family of coordinateinvariant relaxed distortion measures that measure the proximity of the mapping to a scaled isometry (i.e., conformal mapping of degree 0). Finally, two algorithms, isometric regularization and latent space flattening, have been proposed. We have verified the efficacy of our methods with diverse image and motion capture data, and through a human face retrieval task with CelebA data.\nWe believe the algorithm can be further enhanced in a number of different ways. The current implementation of IRVAE and IRVAE + FM assumes the identity metric in the ambient data space, i.e., H(x) = I . Although this is a reasonable choice in a fully unsupervised setting, we think that domain-specific knowledge or a few labels can be leveraged to define better H(x). In addition, instead of the mix-up data augmentation method used in this paper, developing a principled approach for defining PZ will be an interesting future research direction.\nREPRODUCIBILITY STATEMENT\nWe have included complete proofs of the Propositions in Appendix A. Also, we have included experiment settings in detail as much as possible in Appendix D and E such as the number of training/validation/test splits of datasets, preprocessing methods, neural network architectures, and hyper-parameters used in model training (e.g., batch size, number of epochs, learning rate, etc)."
    }, {
      "heading" : "ACKNOWLEDGMENTS",
      "text" : "This work was supported in part by SRRC NRF grant 2016R1A5A1938472, IITP-MSIT Grant 2021- 0-02068 (SNU AI Innovation Hub), SNU-IAMD, SNU BK21+ Program in Mechanical Engineering, and the SNU Institute for Engineering Research."
    }, {
      "heading" : "A PROOF OF PROPOSITIONS",
      "text" : "Proof 1 (Proof of Proposition 1) For sufficiency (⇒) of the second condition, suppose F(f) = 0. Then, denoting by c = ∫ M S(λ1(z), ..., λm(z)) dν(z),\nm∑ i=1 h( λi(z) c ) = 0 ∀z ∈ Supp(ν).\nSince h(λ) ≥ 0 for ∀λ ∈ R, h(λi(z)/c) = 0 for ∀i,∀z ∈ Supp(ν). Since h′(λ) = 0 iff λ = 1, λi(z) = c for ∀i,∀z ∈ Supp(ν). For necessity (⇐) of the second condition, suppose λi(z) = c for ∀i,∀z ∈ Supp(ν), then\nλi(z)∫ M S(λ1(z), ..., λm(z)) dν(z) = c∫ M S(c, ..., c) dν(z)\n= c c ∫ M S(1, ..., 1) dν(z) = 1\n1 ν(M) ∫ M dν(z)\n= 1 for ∀z ∈ Supp(ν).\nThen consequently,\nF(f) = ∫ M m∑ i=1 h( λi(z)∫ M S(λ1(z), ..., λm(z)) dν(z) ) dν(z) = ∫ M m∑ i=1 h(1) dν(z) = 0.\nFor the third condition, suppose JTf HJf = cJ T g HJg in Supp(ν) for some c > 0. Denote the eigenvalues of JTf HJfG −1 and JTg HJgG\n−1 by λi[f ] and λi[g] where λ1[f ] ≥ ... ≥ λm[f ] and λ1[g] ≥ ... ≥ λm[g], respectively. Then, obviously, λi[f ] = cλi[g] for ∀i. Then consequently,\nF(f) = ∫ M m∑ i=1 h( λi[f ](z)∫ M S(λ1[f ](z), ..., λm[f ](z)) dν(z) ) dν(z)\n= ∫ M m∑ i=1 h( cλi[g](z)∫ M c · S(λ1[g](z), ..., λm[g](z)) dν(z) ) dν(z)\n= ∫ M m∑ i=1 h( λi[g](z)∫ M S(λ1[g](z), ..., λm[g](z)) dν(z) ) dν(z) = F(g).\nProof 2 (Proof of Proposition 2) Note that Tr(Hθ(z)) = ∑ i λi(z) and Tr(H 2 θ (z)) = ∑ i λ 2 i (z), and denote by E := Ez∼Pϕ [Tr(Hθ(z))]. Then\nEz∼Pϕ [ m∑ i=1 ( λi(z) Ez∼Pϕ [ ∑ i λi(z)/m] − 1)2] = Ez∼Pϕ [ m∑ i=1 ( mλi(z) E − 1)2]\n= Ez∼Pϕ [ m∑ i=1 ( m2λ2i (z) E2 − 2mλi(z) E + 1)]\n= Ez∼Pϕ [ m∑ i=1 m2λ2i (z) E2 ]−m\n= m2 Ez∼Pϕ [Tr(H2θ (z))] Ez∼Pϕ [Tr(Hθ(z))]2 −m."
    }, {
      "heading" : "B PSEUDOCODE",
      "text" : "In this section, we provide pytorch style pseudocode for our Isometric Regularization and Flattening Module.\nB.1 ISOMETRIC REGULARIZATION OF AUTOENCODERS\nIn the main manuscript, we mainly study the isometric regularization effect on Variational Autoencoder (VAE). VAE is just one possible choice; our method is straightforwardly applicable to other types of autoencoders. We consider a deterministic encoder and decoder in the following pseudocode.\n1 ’’’We assume 2 x: input data w/ size (batch_size, data_space_dimension) 3 z: latent value w/ size (batch_size, latent_space_dimension) 4 encoder: torch.nn.Module (e.g., z = encoder(x)) 5 decoder: torch.nn.Module (e.g., x = decoder(z)) 6 eta: mixup parameter 7 ’’’ 8 def relaxed_distortion_measure(decoder, z): 9 bs, z_dim = z.size()\n10 11 v = torch.randn(bs, z_dim) 12 Jv = torch.autograd.functional.jvp(decoder, z, v=v) 13 TrG = torch.sum(Jv**2, dim=1).mean() 14 JTJv = torch.autograd.functional.vjp(decoder, z, v=JV) 15 TrG2 = torch.sum(JTJv**2, dim=1).mean() 16 return TrG2/(TrG**2) 17 18 def isometric_regularization_term(x, encoder, decoder, eta): 19 z = encoder(x) 20 bs, z_dim = z.size() 21 22 # sample z_augmented from P_Z 23 z_permuted = z[torch.randperm(bs)] 24 alpha_samples = (torch.rand(bs, 1) * (1 + 2*eta) - eta) 25 z_augmented = alpha_samples*z + (1 - alpha_samples)*z_permuted 26 27 # compute relaxed distortion measure 28 return relaxed_distortion_measure(decoder, z_augmented)\nB.2 FLATTENING MODULE\n1 ’’’In addition to the above, we assume 2 z_: new latent value w/ size (batch_size, latent_space_dimension) 3 flattening_module: torch.nn.Module (e.g., z_ = flattening_module(z)), invertible 4 ’’’ 5 6 def flattening_loss(x, encoder, decoder, flattening_module, eta): 7 z_ = flattening_module(encoder(x)) 8 bs, z_dim = z_.size() 9\n10 z_permuted = z_[torch.randperm(bs)] 11 alpha_samples = (torch.rand(bs, 1) * (1 + 2*eta) - eta) 12 z_augmented = alpha_samples*z_ + (1 - alpha_samples)*z_permuted 13 14 def func(z_): 15 z = inverse_of_flattening_module(z_) 16 return decoder(z) 17 18 return relaxed_distortion_measure(func, z_augmented)"
    }, {
      "heading" : "C COMPARISON TO OTHER REGULARIZATION APPROACHES THAT USE THE JACOBIAN.",
      "text" : "There have been several works on regularized autoencoders that use the Jacobian of the encoder or decoder. In the following discussion, let g(x) be an encoder and f(z) be a decoder, and denote the Jacobian of g(x) by Jg(x) and the Jacobian of f(z) by Jf (z). Let ∥ ·∥F denote the Frobenius norm. The latent space dimension is denoted by m. PD is the data distribution and PZ is the (augmented) encoded data distribution.\nThe Contractive Autoencoder (CAE) attempts to enhance robustness of representation by penalizing the Jacobian norm of the encoder function (Rifai et al., 2011b). Mathematically, the regularization term is Ex∼PD [∥Jg(x)∥2F ]. The Contractive Autoencoder with Hessian regularization (CAE+H) introduced not long after in (Rifai et al., 2011a) has regularization term\nEx∼PD [∥Jg∥2F + γ∥Jg(x)− Jg(x+ ϵ)∥2F ],\nwhere ϵ is a small value and γ controls the balance between the two terms. The second order regularization using the Hessian penalizes curvature, and thus favors smooth manifolds. These approaches mainly aim to learn robust representations by finding smooth encoders g that have small Jacobian and Hessian norms.\nMore recently, a regularization method that finds a geometry preserving mapping has been introduced (Chen et al., 2020), called the Flat Manifold Variational Autoencoder (FMVAE). This is the closest work to our paper, and similarly aims to find a scaled isometry. However, the regularization term introduced in FMVAE has several limitations compared to ours.\nWe first note that geometric objects that we want to preserve, such as length, angle, and volume, are all coordinate invariant concepts, which require a coordinate invariant formulation from the start. If one uses a coordinate-variant measure, then there is no guarantee that it will work effectively for different choices of coordinates. Also, there is no a priori way of knowing which coordinates are best.\nIn this regard, we first show that the regularization term defined in FMVAE is not coordinateinvariant. Let M be a Riemannian manifold of dimension m with local coordinates z ∈ Rm and Riemannian metric G(z) ∈ Rm×m, and N be a Riemannian manifold of dimension n with local coordinates x ∈ Rn and Riemannian metric H(x) ∈ Rn×n. Let f : M → N be a smooth mapping, represented in local coordinates by the italic symbol f : Rm → Rn. Let Jf be the Jacobian of f and PZ be the probability distribution expressed in Rm. Let ν be a positive measure on M. The regularization term defined in FMVAE is then\n∥JTf (z)H(f(z))Jf (z)− cG(z)∥2F , where ∥ ·∥F is the Frobenius norm and c = ∫ M 1 mTr(J T f (z)H(f(z))Jf (z))dν. For simplicity, consider a pair of linear coordinate transformations on the input manifold z′ = Az and output manifold x′ = Bx. Then the function f is transformed to f ′(z′) := Bf(A−1z′), G(z) is transformed to G′(z′) := A−TG(z)A−1 and H(x) is transformed to H ′(x′) := B−TH(x)B−1. Then, after some calculations, the above regularization term is transformed to∥∥A−T (JTf (z)H(f(z))Jf (z)− c′G(z))A−1∥∥2F , where c′ = ∫ M 1 mTr(A −TJTf (z)H(f(z))Jf (z)A −1)dν. Recall that the Frobenius norm ∥A∥2F = 1 2Tr(A\nTA), the A−T and A−1 multiplied at sides are not canceled; we can see that this is not coordinate-invariant.\nIn addition to this, perhaps a more direct reason that the FMVAE does not perform as well as our method can be explained as follows. We remark that one of the desired properties of the scaled isometry measure is the third condition in Section 3.3: given two mappings f and f ′ from M to N , if JTf (z)H(f(z))Jf (z) = cJTf ′(z)H(f ′(z))Jf ′(z) for some c > 0 for all z, then the scaled isometry measure should be the same (that is, the metric should not distinguish between f and f ′).\nThis makes the measure more natural, in the sense that it does not a priori favor a particular scale for the pullback metric; if the pullback metrics are equivalent up to some scale, then these should be treated the same.\nThe regularization term introduced in FMVAE can also be viewed as a scaled isometry measure. However, it fails to satisfy the all-important third property. Even though the pullback metrics of f and f ′ are equivalent up to some scalar multiplication, i.e., JTf (z)H(f(z))Jf (z) = cJTf ′(z)H(f\n′(z))Jf ′(z) for some c > 0 for all z, the one with the “smaller” Jacobian (i.e., smaller norm) achieves a lower value of the regularization term. As a result, the FMVAE favors a mapping with a smaller Jacobian, which can be detrimental to learning accurate data manifolds.\nOn the other hand, our relaxed distortion measures are defined in a coordinate-invariant way. Further, as we have shown in our main manuscript, the measure does not favor a particular scale of the pullback metric. We believe, because of these characteristics, IRVAE can outperform FMVAE."
    }, {
      "heading" : "D EXPERIMENTAL DETAILS",
      "text" : "D.1 SECTION 5.1.1\nDataset: We use MNIST dataset. The training, validation, and test data are 50,000, 10,000, and 10,000, respectively.\nNetwork Architecture: For both FMVAE, IRVAE, we use fully-connected neural networks that have four hidden layers with ReLU activation functions (256 nodes for each layer are used) for encoder and decoder. The output activation functions are linear and sigmoid for encoder and decoder, respectively. For FM, we use the RealNVP model of depth 8 and length 512.\nOther Details: For FMVAE and IRVAE, the batch size is 100, the number of training epochs is 300, the learning rate is 0.0001, and η = 0.2. For FM, the batch size is 100, the number of training epochs is 100, the learning rate is 0.0001, β = 0, and η = 0.2. We use Adam optimizer. Validation sets are used to determine optimal models during training.\nD.2 SECTION 5.1.2\nDataset: We use CMU motion capture dataset. The training, validation, and test data are 10,000, 2,000, and 2,000, respectively.\nPreprocessing: In the pre-processing step, the position and orientation of human body center (root) are removed. In addition, the joint angles that have nearly no movements (clavicles, fingers) are removed as done in FMVAE (Chen et al., 2020), and as a result, each pose data is expressed as a 50-dimensional vector.\nNetwork Architecture: For VAE, FMVAE, and IRVAE, we use fully-connected neural networks that have two hidden layers with ReLU activation functions (512 nodes for each layer are used) for encoder and decoder. The output activation functions are linear and tanh for encoder and decoder, respectively. For FM, we use the RealNVP model of depth 8 and length 512.\nOther Details: For VAE, FMVAE and IRVAE, the batch size is 100, the number of training epochs is 300, the learning rate is 0.0001. η = 0.2 for FMVAE and IRVAE. For FM, the batch size is 100, the number of training epochs is 300, the learning rate is 0.0001, β = 0, and η = 0.2. We use Adam optimizer. Validation sets are used to determine optimal models during training.\nD.3 SECTION 5.2\nDataset: The number of training, validation, and test data are 162700, 19937, and 19962.\nNetwork Architecture: We denote a Con2d layer by Con2d (input channel, output channel, kernel size, stride, padding) and ConvTranspose2d layer by ConvT2d (input channel, output channel, kernel size, stride, padding).\nFor VAE, FMVAE, and IRVAE, encoders are Convolutional Neural Networks with the following architecture: i) Conv2d (3, 128, 5, 2, 0), ii) Conv2d (128, 256, 5, 2, 0), iii) Conv2d (256, 512, 5, 2,\n0), iv) Conv2d (512, 1024, 5, 2, 0), v) Conv2d (1024, 256, 1, 1, 0) with ReLU hidden layer activation functions, and decoders are Convolutional Neural Networks with the following architecture: i) ConvT2d (128, 1024, 8, 1, 0), ii) ConvT2d (1024, 512, 4, 2, 1), iii) ConvT2d (512, 256, 4, 2, 1), iv) ConvT2d (256, 128, 4, 2, 1) , and v) ConvT2d (128, 3, 1, 1, 0) with ReLU hidden layer activation functions. The output activation functions are linaer and tanh for encoder and decoder, respectively.\nFor FM, we use the RealNVP model of depth 8 and length 512.\nFor BR, we use the same encoder network as VAE, but add a normalizing layer (i.e., divide the output by its norm) at last (this addition improves the retrieval performance, very significantly).\nFor ResNet-50, we use the pre-trained model on ImageNet.\nOther Details: For FMVAE and IRVAE, the batch size is 100, the number of training epochs is 100, the learning rate is 0.0001, and η = 0.2. For FM, the batch size is 100, the number of training epochs is 100, the learning rate is 0.00001, and η = 0.2. We use Adam optimizer. For BR, the batch size is 100, the number of training epochs is 100, the learning rate is 0.001 (binary cross entropy loss is used). Validation sets are used to determine optimal models during training.\nFor FMVAE, we test the following regularization coefficients α ∈ {0.1, 1, 10, 100} and report the best results at α = 1. For IRVAE, we test the following regularization coefficients α ∈ {1, 10, 100, 1000} and report the best results at α = 10. For FM, we use the stabilizing term with β = {10, 100} and report the best results at β = 100; and it is empirically observed that using small learning rate is very important.\nCosine similarity is used as a similarity measure except for the ResNet-50 that uses Euclidean metric (we have tested both cosine similarity and Euclidean metric for each learned representation, and found that cosine similarity mostly works better except the ResNet-50)."
    }, {
      "heading" : "E ADDITIONAL EXPERIMENTAL RESULTS",
      "text" : "E.1 ADVANTAGES OF ISOMETRIC REGULARIZATION FROM A GENERATIVE PERSPECTIVE\nAutoencoders are not only useful for representation learning, but also can be used for realistic data generation. In this section, we show advantages of our isometric regularization from a generative perspective with the following experiments: (i) modulation in the latent space and (ii) linear interpolation in the latent space. We use the CMU motion capture data with the fully connected neural network as described in D.2. We use the latent space of dimension 8.\nLatent Space Modulation : Figure 6 shows eight generated poses for VAE and IRVAE obtained by the following procedure: (i) encode the original pose in the latent space, (ii) translate the encoded latent value along each latent space axis, and (iii) decode the translated values back to the data space. In case of VAE, translations along the latent space axes except z2, z6 axes do not generate new poses. In particular, the pose changes really a lot along the z2 axis and yet just a little along the z6 axis. This shows that the trained decoder in VAE is far from the isometry. In contrast, with the isometric regularization in IRVAE, each translated latent value along each latent space axis generates a different pose. Unlike VAE, diverse poses are generated, and in other words, a more disentangled representation is obtained. This property of the isometric decoder has a great advantage (Bengio et al., 2013; Chen et al., 2016).\nLatent Space Interpolation : Figure 7 shows sequences of poses generated from the latent space linear interpolants between a walking pose and balancing pose. In case of VAE, punching poses suddenly appear in the interpolation of the walking and balancing poses. In contrast, IRVAE does not produce such poses irrelevant to the two given start and end poses. The IRVAE produces more smoothly varying poses than VAE, and the pose interpolation obtained by the IRVAE is closer to the geodesic interpolation along the pose data manifold.\nE.2 DIVERSE IMAGE DATA WITH HIGHER LATENT SPACE DIMENSIONS\nWe provide additional results with diverse image data (MNIST, FMNIST, SVHN, CIFAR-10) using various latent space dimensions. Figure 8 shows that i) the tradeoff curves of IRVAE are located\nlower than those of FMVAE and ii) the FM learns more isometric representations without losses in MSEs.\nDataset: The number of training, validation, test data is 50,000, 10,000, 10,000 for MNIST, FMNIST, SVHN, and 45000, 5000, 10,000 for CIFAR-10.\nNetwork Architecture: Let m denotes the latent space dimension. For VAE, FMVAE, IRVAE, encoders are Convolutional Neural Networks with the following architecture: i) Conv2d (3, 32, 4, 2, 0), ii) Conv2d (32, 64, 4, 2, 0), iii) Conv2d (64, 128, 4, 2, 0), iv) Conv2d (128, 256, 2, 2, 0), v) Conv2d (256, 2m, 1, 1, 0) with ReLU hidden layer activation functions, and decoders are Convolutional Neural Networks with the following architecture: i) ConvT2d (m, 256, 8, 1, 0) ii) ConvT2d (256, 128, 4, 2, 1) iii) ConvT2d (128, 64, 4, 2, 1) iv) ConvT2d (64, 3, 1, 1, 0) with ReLU hidden layer activation functions. The output activation functions are linear and sigmoid for encoder and decoder, respectively.\nFor FM, we use the RealNVP model of depth 8 and length 512.\nOther Details: For FMVAE and IRVAE, the batch size is 100, the number of training epochs is 100, the learning rate is 0.0001, and η = 0.2. For FM, the batch size is 100, the number of training epochs is 100, the learning rate is 0.00001, and η = 0.2. We use Adam optimizer. Validation sets are used to determine optimal models during training.\nE.3 ABLATION STUDY ON MIXUP PARAMETER η\nIn the isometric regularization (and flattening module), we use the augmented encoded data distribution PZ whose sampling procedure is given as follows: (i) encode data xi, xj to zi, zj by the encoder (and by the invertible map composed with the encoder) and (ii) compute a new latent value z with z = δzi + (1 − δ)zj for δ uniformly sampled form [−η, 1 + η], where η is the mixup parameter.\nThen, our relaxed distortion measure is defined over the support of PZ , i.e., Ez∼PZ [∑\ni\n( λi(z)\n1 mEz∼PZ [ ∑ i λi(z)]\n− 1)2 ] ,\nwhere f is the decoder, Jf is the Jacobian of f , and λi(z) are eigenvalues of JTf Jf (z). The mixup augmentation technique is used to extend the influence of isometric regularization to an area where data does not exist.\nIn this section, we visually analyze the effects of the mixup augmentations in a range of mixup parameters η. We use the CMU data with fully connected networks described in D.2 and 2-dimensional latent spaces.\nFigure 9 shows the latent space data distributions with some equidistance ellipses (the colors of the ellipses represent the condition numbers; redder-the-bigger). In no mixup case, there are many un-isotropic red ellipses in regions between data points, meaning that they are not isometrically regularized. Mixup augmentation makes it possible to regularize even regions between data. When the mixup parameter η = 0, only the area covered by data interpolation is regularized. By increasing the mixup parameter η, the outer area, which is covered by data extrapolation, begins to be regularized. Although using bigger eta seems to be unconditionally good because the wider area is regularized, there is indeed a tradeoff as we can see from Figure 9. When the mixup parameter is too big as η = 1, some inner area (i.e., area covered by data interpolation) is not sufficiently regularized because of the cost of regularizing the outer domain. We use a balanced value η = 0.2 for all experiments conducted in this paper (for all algorithms IRVAE, FM and FMVAE).\nE.4 COMPUTATIONAL SPEED\nIn this section, we provide per-epoch runtimes of VAE, FMVAE, IRVAE, and FM. We use the MNIST data and same experiment settings in D.1. We use the GeForce RTX 3090 for GPU re-\nsources. Table 2 shows the per-epoch runtimes. The difference in computation times arises from the computations of the regularization terms. The IRVAE takes a little longer than the FMVAE because, while the regularization term in FMVAE requires to compute the Jacobian vector product only, the regularization term in IRVAE requires to compute both the Jacobian vector product and vector Jacobian product. In the case of FM, it takes much longer because the invertible neural network architecture is relatively heavier. Fortunately, in training of FM that uses the pre-trained IRVAE, we empirically observed that only a few epochs are required for convergence, probably because the IRVAE already had learned isometric representations to a certain degree.\nE.5 ISOMETRIC REGULARIZATION FOR OTHER AUTOENCODERS\nOur isometric regularization algorithm can be used with other types of autoencoders although we focus on the Variational Autoencoder (VAE) in the main manuscript. In this section, we verify the effects of the isometric regularization with more diverse autoencoder methods: Vanilla Autoencoder (AE) (Kramer, 1991), Wasserstein Autoencoder (WAE) (Tolstikhin et al., 2018), and Denoising Autoencoder (DAE) (Vincent et al., 2010).\nWe use the MNIST data and same experiment settings in D.1. For DAE, we use the Gaussian noise with standard deviation of 0.01. For WAE, we use the maximum mean discrepancy, median heuristic for bandwidth selection, and the regularization coefficient 0.001.\nFigure 10 shows the effects of the isometric regularization to diverse autoncoders (AE, VAE, DAE, WAE). Regardless of the autoencoder types, we consistently observe that the added isometric regularization terms effectively separate data of different classes (even without major tuning of the regularization coefficient α).\nE.6 ISOMETRY VS SCALED ISOMETRY\nIn this section, we show empirical results that support our claim in the introduction that finding a scaled isometry is better than finding a strict isometry.\nWhereas an isometry exactly preserves angles and distances, a scaled isometry preserves angles and scaled distances. At first this may seem a superficial difference – why not simply choose length scales so that the two spaces have the same scales? – but the reason this difference is consequential for our problem is that we do not a priori have a precise charcterization (and hence their relative scales) of the two spaces. We are in effect discovering the manifold structure of the data space while constructing a latent space representation for the data manifold at the same time.\nTo characterize the above more precisely, let f(z) be a decoder, Jf (z) be the Jacobian of f(z), and PZ(z) be the augmented encoded data distribution. Let λi(z) be eigenvalues of JTf (z)Jf (z). Let G(z) be the latent space metric, and H(x) = I . Recall that the isometry f needs to satisfy JTf (z)Jf (z) = G(z) for all z in the support of PZ , whereas the scaled isometry f needs to satisfy JTf (z)Jf (z) = cG(z) for some c > 0 and all z in the support of PZ . To find a strict isometry, we need to set a scalar parameter k that determines the latent space metric, i.e., G(z) = kI , in advance, whereas, to find a scaled isometry, we just need to set G(z) = I as done in the paper.\nTo find the isometry, we add the following distortion measure as a regularization term:\nαEz∼PZ [ ∑ i (λi(z)− k)2],\nwhere k is the pre-defined parameter and α is the regularization coefficient. We need to search for the optimal parameter k in this case.\nIn contrast, we do not need such parameter k to find a scaled isometry. We just need to add the following relaxed distortion measure as a regularization term:\nαEz∼PZ [∑\ni\n( λi(z)\n1 mEz∼PZ [ ∑ i λi(z)]\n− 1)2 ] ,\nwhere α is the regularization coefficient.\nFigure 11 shows the tradeoff curves (lower-the-better) obtained by using (i) the relaxed distortion measure (for finding a scaled isometry) or (ii) the distortion measure with a range of user-defined parameters k (for finding a strict isometry). For the strict isometry learning case, it can be seen that the performance peaks when the value of k is at an appropriate level that is neither too high nor too low. In this experiment, the optimal k lies in between 10 and 1000 and can be experimentally found only by performing a finer grid search. The tradeoff curves obtained by using the relaxed distortion measure are always located lower than the tradeoff curves obtained by using the distortion measures. From this experimental result, we conclude that it is better to find a scaled isometry than strict isometry.\nE.7 MULTIPLE TIMES RUN TO COMPUTE AVERAGES AND STANDARD DEVIATIONS\nIt is important to judge whether the experimental result is a result of randomness or not. In this section, we take the same experiments done in Figure 1 and 3 of the main manuscript with MNIST and CMU data multiple times, and report the averaged tradeoff curves and standard deviations of the measured metrics.\nFigure 12 shows the results, where the standard deviations computed over multiple experiments with different random seeds are visualized as ellipses. The horizontal axes lengths of the ellipses represent the standard deviations of the VoR and MCN, and the vertical axes lengths of the ellipses represent the standard deviations of the MSE. It is correct to use the standard errors to see the standard deviations of the sample means, i.e., standard deviations divided by the square root of the number of experiments, but we use the standard deviations since the standard errors are too small to visualize. The sizes of the ellipses are rally small, which provides a solid evidence that IRVAE outperforms FMVAE.\nE.8 SENSITIVITY ANALYSIS OF THE LATENT SPACE DIMENSION\nIn general, when training an autoencoder, the most important parameter is the latent space dimension. Although there have been some works on estimating the intrinsic dimension of the data distribution (Levina & Bickel, 2005), given a complex high-dimensional data, the intrinsic dimension estimation problem is very challenging; in practice, an appropriate value is often found, empirically. Throughout literature, there are some frequently-used choices for well-known standard image datasets. For relatively simple datasets such the MNIST and FMNIST, latent space dimensions 2 ∼ 32 are often used, and for more complex and higher dimensional datasets such as the CIFAR10 and CELEBA, latent dimensions 64 ∼ 512 are often used. In this section, using the MNIST image data with the fully connected network described in D.1 (trained for 100 epochs), we provide an analysis of the isometric regularization in autoencoders with multiple latent space dimensions. Table 3 shows averages and standard deviations of the condition numbers of the pullback metrics JTf (z)Jf (z) (f is the decoder and Jf is the Jacobian of f ) computed\nwith the test data. Both the averages and standard deviations should be small if JTf (z)Jf (z) = cI for some c > 0 for all encoded test data z.\nIn the case of VAE, it can be seen that both the average and standard deviation of the condition number sharply increase as the latent dimension increases. On the other hand, IRVAE appears to be able to effectively find an isometric representation even if the dimension of the latent space increases. In the case of 16-dimensional latent space, the condition number of IRVAE is about 32 which is not small enough, and this result may imply that the true intrinsic dimension of the MNIST data manifold is lower than 16.\nIn summary, our isometric regularization can effectively find more isometric representations than vanilla autoencoders regardless of the latent space dimensions. When the dimension of the latent space is too large, it may not be possible to obtain a sufficiently isometric representation space. This This seems because the dimension of the ground true manifold is much smaller than the selected latent space dimension."
    }, {
      "heading" : "F DETAILED RESULTS FOR SINGLE ATTRIBUTE RETRIEVAL",
      "text" : "Table 4 shows the detailed retrieval results (P@10 of the single attribute retrieval). Our algorithms (IRVAE and IRVAE + FM) have much higher performance than FMVAE and VAE, and even show performance close to the supervised method (BR)."
    } ],
    "references" : [ {
      "title" : "Representation learning: A review and new perspectives",
      "author" : [ "Yoshua Bengio", "Aaron Courville", "Pascal Vincent" ],
      "venue" : "IEEE transactions on pattern analysis and machine intelligence,",
      "citeRegEx" : "Bengio et al\\.,? \\Q2013\\E",
      "shortCiteRegEx" : "Bengio et al\\.",
      "year" : 2013
    }, {
      "title" : "Learning flat latent manifolds with vaes",
      "author" : [ "Nutan Chen", "Alexej Klushyn", "Francesco Ferroni", "Justin Bayer", "Patrick Van Der Smagt" ],
      "venue" : "In International Conference on Machine Learning,",
      "citeRegEx" : "Chen et al\\.,? \\Q2020\\E",
      "shortCiteRegEx" : "Chen et al\\.",
      "year" : 2020
    }, {
      "title" : "Infogan: Interpretable representation learning by information maximizing generative adversarial nets",
      "author" : [ "Xi Chen", "Yan Duan", "Rein Houthooft", "John Schulman", "Ilya Sutskever", "Pieter Abbeel" ],
      "venue" : "In Proceedings of the 30th International Conference on Neural Information Processing Systems,",
      "citeRegEx" : "Chen et al\\.,? \\Q2016\\E",
      "shortCiteRegEx" : "Chen et al\\.",
      "year" : 2016
    }, {
      "title" : "Density estimation using real nvp",
      "author" : [ "Laurent Dinh", "Jascha Sohl-Dickstein", "Samy Bengio" ],
      "venue" : "In Proceedings of the 5th International Conference on Learning Representations (ICLR),",
      "citeRegEx" : "Dinh et al\\.,? \\Q2017\\E",
      "shortCiteRegEx" : "Dinh et al\\.",
      "year" : 2017
    }, {
      "title" : "Pixelvae: A latent variable model for natural images",
      "author" : [ "Ishaan Gulrajani", "Kundan Kumar", "Faruk Ahmed", "Adrien Ali Taiga", "Francesco Visin", "David Vazquez", "Aaron Courville" ],
      "venue" : "In Proceedings of the 5th International Conference on Learning Representations (ICLR),",
      "citeRegEx" : "Gulrajani et al\\.,? \\Q2017\\E",
      "shortCiteRegEx" : "Gulrajani et al\\.",
      "year" : 2017
    }, {
      "title" : "Deep residual learning for image recognition",
      "author" : [ "Kaiming He", "Xiangyu Zhang", "Shaoqing Ren", "Jian Sun" ],
      "venue" : "In Proceedings of the IEEE conference on computer vision and pattern recognition,",
      "citeRegEx" : "He et al\\.,? \\Q2016\\E",
      "shortCiteRegEx" : "He et al\\.",
      "year" : 2016
    }, {
      "title" : "beta-vae: Learning basic visual concepts with a constrained variational framework",
      "author" : [ "Irina Higgins", "Loic Matthey", "Arka Pal", "Christopher Burgess", "Xavier Glorot", "Matthew Botvinick", "Shakir Mohamed", "Alexander Lerchner" ],
      "venue" : "In Proceedings of the 5th International Conference on Learning Representations (ICLR),",
      "citeRegEx" : "Higgins et al\\.,? \\Q2017\\E",
      "shortCiteRegEx" : "Higgins et al\\.",
      "year" : 2017
    }, {
      "title" : "A stochastic estimator of the trace of the influence matrix for laplacian smoothing splines",
      "author" : [ "Michael F Hutchinson" ],
      "venue" : "Communications in Statistics-Simulation and Computation,",
      "citeRegEx" : "Hutchinson.,? \\Q1989\\E",
      "shortCiteRegEx" : "Hutchinson.",
      "year" : 1989
    }, {
      "title" : "A riemannian geometric framework for manifold learning of non-euclidean data",
      "author" : [ "Cheongjae Jang", "Yung-Kyun Noh", "Frank Chongwoo Park" ],
      "venue" : "Advances in Data Analysis and Classification,",
      "citeRegEx" : "Jang et al\\.,? \\Q2020\\E",
      "shortCiteRegEx" : "Jang et al\\.",
      "year" : 2020
    }, {
      "title" : "Auto-encoding variational bayes",
      "author" : [ "Diederik P Kingma", "Max Welling" ],
      "venue" : "In Proceedings of the 2nd International Conference on Learning Representations (ICLR),",
      "citeRegEx" : "Kingma and Welling.,? \\Q2014\\E",
      "shortCiteRegEx" : "Kingma and Welling.",
      "year" : 2014
    }, {
      "title" : "Nonlinear principal component analysis using autoassociative neural networks",
      "author" : [ "Mark A Kramer" ],
      "venue" : "AIChE journal,",
      "citeRegEx" : "Kramer.,? \\Q1991\\E",
      "shortCiteRegEx" : "Kramer.",
      "year" : 1991
    }, {
      "title" : "A geometric algorithm for robust multibody inertial parameter identification",
      "author" : [ "Taeyoon Lee", "Frank C Park" ],
      "venue" : "IEEE Robotics and Automation Letters,",
      "citeRegEx" : "Lee and Park.,? \\Q2018\\E",
      "shortCiteRegEx" : "Lee and Park.",
      "year" : 2018
    }, {
      "title" : "Neighborhood reconstructing autoencoders",
      "author" : [ "Yonghyeon Lee", "Hyeokjun Kwon", "Frank Park" ],
      "venue" : "Advances in Neural Information Processing Systems,",
      "citeRegEx" : "Lee et al\\.,? \\Q2021\\E",
      "shortCiteRegEx" : "Lee et al\\.",
      "year" : 2021
    }, {
      "title" : "Maximum likelihood estimation of intrinsic dimension",
      "author" : [ "Elizaveta Levina", "Peter J Bickel" ],
      "venue" : "In Advances in neural information processing systems,",
      "citeRegEx" : "Levina and Bickel.,? \\Q2005\\E",
      "shortCiteRegEx" : "Levina and Bickel.",
      "year" : 2005
    }, {
      "title" : "Learning overcomplete representations",
      "author" : [ "Michael S Lewicki", "Terrence J Sejnowski" ],
      "venue" : "Neural computation,",
      "citeRegEx" : "Lewicki and Sejnowski.,? \\Q2000\\E",
      "shortCiteRegEx" : "Lewicki and Sejnowski.",
      "year" : 2000
    }, {
      "title" : "Deep learning face attributes in the wild",
      "author" : [ "Ziwei Liu", "Ping Luo", "Xiaogang Wang", "Xiaoou Tang" ],
      "venue" : "In Proceedings of International Conference on Computer Vision (ICCV),",
      "citeRegEx" : "Liu et al\\.,? \\Q2015\\E",
      "shortCiteRegEx" : "Liu et al\\.",
      "year" : 2015
    }, {
      "title" : "Nearly isometric embedding by relaxation",
      "author" : [ "James McQueen", "Marina Meila", "Dominique Perrault-Joncas" ],
      "venue" : "In Proceedings of the 30th International Conference on Neural Information Processing Systems,",
      "citeRegEx" : "McQueen et al\\.,? \\Q2016\\E",
      "shortCiteRegEx" : "McQueen et al\\.",
      "year" : 2016
    }, {
      "title" : "A riemannian framework for tensor computing",
      "author" : [ "Xavier Pennec", "Pierre Fillard", "Nicholas Ayache" ],
      "venue" : "International Journal of computer vision,",
      "citeRegEx" : "Pennec et al\\.,? \\Q2006\\E",
      "shortCiteRegEx" : "Pennec et al\\.",
      "year" : 2006
    }, {
      "title" : "Local conformal autoencoder for standardized data coordinates",
      "author" : [ "Erez Peterfreund", "Ofir Lindenbaum", "Felix Dietrich", "Tom Bertalan", "Matan Gavish", "Ioannis G Kevrekidis", "Ronald R Coifman" ],
      "venue" : "Proceedings of the National Academy of Sciences,",
      "citeRegEx" : "Peterfreund et al\\.,? \\Q2020\\E",
      "shortCiteRegEx" : "Peterfreund et al\\.",
      "year" : 2020
    }, {
      "title" : "Classifier chains for multi-label classification",
      "author" : [ "Jesse Read", "Bernhard Pfahringer", "Geoff Holmes", "Eibe Frank" ],
      "venue" : "Machine learning,",
      "citeRegEx" : "Read et al\\.,? \\Q2011\\E",
      "shortCiteRegEx" : "Read et al\\.",
      "year" : 2011
    }, {
      "title" : "Variational inference with normalizing flows",
      "author" : [ "Danilo Jimenez Rezende", "Shakir Mohamed" ],
      "venue" : "In Proceedings of the 32nd International Conference on Machine Learning,",
      "citeRegEx" : "Rezende and Mohamed.,? \\Q2015\\E",
      "shortCiteRegEx" : "Rezende and Mohamed.",
      "year" : 2015
    }, {
      "title" : "Higher order contractive auto-encoder",
      "author" : [ "Salah Rifai", "Grégoire Mesnil", "Pascal Vincent", "Xavier Muller", "Yoshua Bengio", "Yann Dauphin", "Xavier Glorot" ],
      "venue" : "In Joint European conference on machine learning and knowledge discovery in databases,",
      "citeRegEx" : "Rifai et al\\.,? \\Q2011\\E",
      "shortCiteRegEx" : "Rifai et al\\.",
      "year" : 2011
    }, {
      "title" : "Contractive autoencoders: Explicit invariance during feature extraction",
      "author" : [ "Salah Rifai", "Pascal Vincent", "Xavier Muller", "Xavier Glorot", "Yoshua Bengio" ],
      "venue" : "In Icml,",
      "citeRegEx" : "Rifai et al\\.,? \\Q2011\\E",
      "shortCiteRegEx" : "Rifai et al\\.",
      "year" : 2011
    }, {
      "title" : "Wasserstein auto-encoders",
      "author" : [ "I Tolstikhin", "O Bousquet", "S Gelly", "B Schölkopf" ],
      "venue" : "In 6th International Conference on Learning Representations (ICLR 2018). OpenReview",
      "citeRegEx" : "Tolstikhin et al\\.,? \\Q2018\\E",
      "shortCiteRegEx" : "Tolstikhin et al\\.",
      "year" : 2018
    }, {
      "title" : "Recent advances in autoencoder-based representation learning",
      "author" : [ "Michael Tschannen", "Olivier Bachem", "Mario Lucic" ],
      "venue" : "arXiv preprint arXiv:1812.05069,",
      "citeRegEx" : "Tschannen et al\\.,? \\Q2018\\E",
      "shortCiteRegEx" : "Tschannen et al\\.",
      "year" : 2018
    }, {
      "title" : "Stacked denoising autoencoders: Learning useful representations in a deep network with a local denoising criterion",
      "author" : [ "Pascal Vincent", "Hugo Larochelle", "Isabelle Lajoie", "Yoshua Bengio", "Pierre-Antoine Manzagol", "Léon Bottou" ],
      "venue" : "Journal of machine learning research,",
      "citeRegEx" : "Vincent et al\\.,? \\Q2010\\E",
      "shortCiteRegEx" : "Vincent et al\\.",
      "year" : 2010
    }, {
      "title" : "Infovae: Information maximizing variational autoencoders",
      "author" : [ "Shengjia Zhao", "Jiaming Song", "Stefano Ermon" ],
      "venue" : "arXiv preprint arXiv:1706.02262,",
      "citeRegEx" : "Zhao et al\\.,? \\Q2017\\E",
      "shortCiteRegEx" : "Zhao et al\\.",
      "year" : 2017
    } ],
    "referenceMentions" : [ {
      "referenceID" : 24,
      "context" : "Clearly what is “essential” or “non-essential” depends heavily on the end task (Tschannen et al., 2018), and numerous criteria have been proposed for a range of contexts, e.",
      "startOffset" : 79,
      "endOffset" : 103
    }, {
      "referenceID" : 6,
      "context" : ", disentanglement (Higgins et al., 2017; Zhao et al., 2017), clustering (Makhzani et al.",
      "startOffset" : 18,
      "endOffset" : 59
    }, {
      "referenceID" : 26,
      "context" : ", disentanglement (Higgins et al., 2017; Zhao et al., 2017), clustering (Makhzani et al.",
      "startOffset" : 18,
      "endOffset" : 59
    }, {
      "referenceID" : 4,
      "context" : ", 2015), sparsity (Lewicki & Sejnowski, 2000), hierarchy (Gulrajani et al., 2017), and isometric embedding (McQueen et al.",
      "startOffset" : 57,
      "endOffset" : 81
    }, {
      "referenceID" : 23,
      "context" : "As demonstrated in (Rifai et al., 2011b; Kingma & Welling, 2014; Makhzani et al., 2015; Tolstikhin et al., 2018; Lee et al., 2021), by augmenting the reconstruction loss with a regularization term, manifold learning performance of autoencoders can be significantly enhanced.",
      "startOffset" : 19,
      "endOffset" : 130
    }, {
      "referenceID" : 12,
      "context" : "As demonstrated in (Rifai et al., 2011b; Kingma & Welling, 2014; Makhzani et al., 2015; Tolstikhin et al., 2018; Lee et al., 2021), by augmenting the reconstruction loss with a regularization term, manifold learning performance of autoencoders can be significantly enhanced.",
      "startOffset" : 19,
      "endOffset" : 130
    }, {
      "referenceID" : 1,
      "context" : "However, little if any consideration has been given to the concurrent problem of learning a set of latent space coordinates that preserves the geometry of the data manifold (with the exception of FMVAE (Chen et al., 2020), which we discuss further below).",
      "startOffset" : 202,
      "endOffset" : 221
    }, {
      "referenceID" : 1,
      "context" : "The FMVAE of (Chen et al., 2020) is in fact the first work to adopt this approach, but the measure does not adequately capture the nearness to a scaled isometry, and is also not coordinate-invariant, limiting its performance as we show later in our experiments.",
      "startOffset" : 13,
      "endOffset" : 32
    }, {
      "referenceID" : 8,
      "context" : "We begin this section by reviewing how to construct coordinate-invariant functionals for a smooth mapping f : M → N (Jang et al., 2020).",
      "startOffset" : 116,
      "endOffset" : 135
    }, {
      "referenceID" : 8,
      "context" : "Recall that f : M → N is a local isometry at z if λi(z) = 1 for ∀i, and a global isometry if f is a local isometry everywhere (Jang et al., 2020).",
      "startOffset" : 126,
      "endOffset" : 145
    }, {
      "referenceID" : 7,
      "context" : "Instead, with an appropriate choice of convex function h and symmetric function S, the measure F(fθ;Pφ) can be efficiently estimated by using the more easily computed Jacobian-vector and vector-Jacobian products and Hutchinson’s stochastic trace estimator (Hutchinson, 1989):",
      "startOffset" : 256,
      "endOffset" : 274
    }, {
      "referenceID" : 3,
      "context" : "In this paper, we use the invertible deep neural network RealNVP (Dinh et al., 2017) for i.",
      "startOffset" : 65,
      "endOffset" : 84
    }, {
      "referenceID" : 1,
      "context" : "Following the FMVAE (Chen et al., 2020), we use the modified mix-up data-augmentation method with η > 0, where P is augmented by z = δz1 + (1 − δ)z2 such that zi ∼ P, i = 1, 2, where δ is uniformly sampled from [−η, 1 + η].",
      "startOffset" : 20,
      "endOffset" : 39
    }, {
      "referenceID" : 1,
      "context" : "1, we show that (i) IRVAE can effectively learn the isometric representation with a minimal loss in reconstruction accuracy compared to vanilla VAE and FMVAE (Chen et al., 2020), and (ii) IRVAE + FM leads to a more isometric representation without any loss in reconstruction accuracy.",
      "startOffset" : 158,
      "endOffset" : 177
    }, {
      "referenceID" : 17,
      "context" : ", d(2)(A,B) = ∑m i=1(log λi(B −1A))2 (Pennec et al., 2006; Lee & Park, 2018).",
      "startOffset" : 37,
      "endOffset" : 76
    }, {
      "referenceID" : 15,
      "context" : "Unsupervised representation learning methods are trained on CelebA (Liu et al., 2015), which contains 182,637 training images and 19,962 test images.",
      "startOffset" : 67,
      "endOffset" : 85
    }, {
      "referenceID" : 1,
      "context" : "Algorithms to be compared include (i) unsupervised representation learning methods VAE (Kingma & Welling, 2014), FMVAE (Chen et al., 2020), IRVAE (ours), and IRVAE + FM (ours), whose latent space dimensions are 128, (ii) a neural network (ResNet-50) pre-trained on ImageNet (He et al.",
      "startOffset" : 119,
      "endOffset" : 138
    }, {
      "referenceID" : 5,
      "context" : ", 2020), IRVAE (ours), and IRVAE + FM (ours), whose latent space dimensions are 128, (ii) a neural network (ResNet-50) pre-trained on ImageNet (He et al., 2016), and (iii) a supervised learning method (binary relevance) (Read et al.",
      "startOffset" : 143,
      "endOffset" : 160
    }, {
      "referenceID" : 19,
      "context" : ", 2016), and (iii) a supervised learning method (binary relevance) (Read et al., 2011).",
      "startOffset" : 67,
      "endOffset" : 86
    } ],
    "year" : 2022,
    "abstractText" : "The recent success of autoencoders for representation learning can be traced in large part to the addition of a regularization term. Such regularized autoencoders “constrain” the representation so as to prevent overfitting to the data while producing a parsimonious generative model. A regularized autoencoder should in principle learn not only the data manifold, but also a set of geometry-preserving coordinates for the latent representation space; by geometry-preserving we mean that the latent space representation should attempt to preserve actual distances and angles on the data manifold. In this paper we first formulate a hierarchy for geometry-preserving mappings (isometry, conformal mapping of degree k, areapreserving mappings). We then show that a conformal regularization term of degree zero – i.e., one that attempts to preserve angles and relative distances, instead of angles and exact distances – produces data representations that are superior to other existing methods. Applying our algorithm to an unsupervised information retrieval task for CelebA data with 40 annotations, we achieve 79% precision at five retrieved images, an improvement of more than 10% compared to recent related work. Code is available at https://github.com/Gabe-YHLee/IRVAE-public.",
    "creator" : "LaTeX with hyperref"
  }
}