{
  "name" : "ICLR2022-qwULHx9zld.pdf",
  "metadata" : {
    "source" : "CRF",
    "title" : null,
    "authors" : [ "MANCE LOSS", "Hafiz Tiomoko Ali", "Zhenyu Liao" ],
    "emails" : [ "hafiz.tiomoko.ali@huawei.com", "zhenyu_liao@hust.edu.cn", "romain.couillet@univ-grenoble-alpes.fr" ],
    "sections" : [ {
      "heading" : "1 INTRODUCTION",
      "text" : "Kernel methods are among the most powerful machine learning approaches with a wide range of successful applications (Schölkopf & Smola, 2018) which, however, suffer from scalability issues in large-scale problems, due to their high space and time complexities (with respect to the number of data n). To address this key limitation, a myriad of random features based kernel approximation techniques have been proposed (Rahimi & Recht, 2008; Liu et al., 2021a): random features methods randomly project the data to obtain low-dimensional nonlinear representations that approximate the original kernel features. This allows practitioners to apply them, with a large saving in both time and space, to various kernel-based downstream tasks such as kernel spectral clustering (Von Luxburg, 2007), kernel principal component analysis (Schölkopf et al., 1997), kernel canonical correlation analysis (Lai & Fyfe, 2000), kernel ridge regression (Vovk, 2013), to name a few. A wide variety of these kernels can be written, for data points xi,xj ∈ Rp, in the form\nκ(xi,xj) = Ew [ σ ( wTxi ) σ ( wTxj )] (1)\nwith w ∈ Rp having i.i.d. entries, which can be “well approximated” by a sample mean 1 m ∑m t=1 σ ( wTt xi ) σ ( wTt xj ) over m independent random features for m sufficiently large. For instance, taking σ(x) = [cos(x), sin(x)] and w with i.i.d. standard Gaussian entries, one obtains the popular Random Fourier Features (RFFs) that approximate the Gaussian kernel (and the\nLaplacian kernel for Cauchy distributed w with the same choice of σ) (Rahimi & Recht, 2008); for σ(x) = max(x, 0), one approximates the first order Arc-cosine kernel; and the zeroth order Arc-cosine kernel (Cho, 2012) with σ(x) = (1 + sign(x))/2, etc.\nAs shall be seen subsequently, (random) neural networks are, to a large extent, connected to kernel matrices of the form (1). More specifically, the classification or regression performance at the output of random neural networks are functionals of random matrices that fall into the wide class of kernel random matrices. Perhaps more surprisingly, this connection still exists for deep neural networks which are (i) randomly initialized and (ii) trained with gradient descent, as testified by the recent works on neural tangent kernels (Jacot et al., 2018), by considering the “infinitely many neurons” limit, that is, the limit where the network widths of all layers go to infinity simultaneously. This close connection between neural networks and kernels has triggered a renewed interest for the theoretical investigation of deep neural networks from various perspectives, including optimization (Du et al., 2019; Chizat et al., 2019), generalization (Allen-Zhu et al., 2018; Arora et al., 2019; Bietti & Mairal, 2019), and learning dynamics (Lee et al., 2019; Advani et al., 2020; Liao & Couillet, 2018a). These works shed new light on the theoretical understanding of deep neural network models and specifically demonstrate the significance of studying networks with random weights and their associated kernels to assess the mechanisms underlying more elaborate deep networks.\nIn this article, we consider the random feature kernel of the type (1), which can also be seen as the limiting kernel of a single-hidden-layer neural network with a random first layer. By assuming a high-dimensional Gaussian Mixture Model (GMM) for the data {xi}ni=1 with xi ∈ Rp, we show that the centered kernel matrix1\nK , P{κ(xi,xj)}ni,j=1P, P , In − 1\nn 1n1\nT n, (2)\nis asymptotically (as n, p→∞ with p/n→ c ∈ (0,∞)) equivalent, in a spectral sense, to another random kernel matrix K̃ which depends on the GMM data statistics and the generalized Gaussian moments E[σ′(z)],E[σ′′(z)] of the activation function σ(·), but is independent of the specific law of the i.i.d. entries of the random vector w, as long as they are normalized to have zero mean and unit variance. As such, one can design novel random features schemes with limiting kernels asymptotically equivalent to the original K. For instance, define\nκter(xi,xj) , Ewter [ σter ( xTi w ter ) σter ( xTj w ter )]\n(3)\nwith wter ∈ Rp having i.i.d. entries taking value wteri = 0 (with probability ) and value wteri ∈ { −(1− )− 12 , (1− )− 12 } (4)\neach with probability 1/2− /2, where ∈ [0, 1) represents the level of sparsity of w, and\nσter(t) = −1 · δt<s− + 1 · δt>s+ (5)\nfor some thresholds s− < s+ chosen to match the generalized Gaussian moments E[σ′(z)],E[σ′′(z)] of any σ function (e.g., ReLU, cos, sin) widely used in random features or neural network contexts. The proposed Ternary Random Features (TRFs, with limiting kernel matrices defined in (3) asymptotically “matching” any random features kernel matrices in a spectral sense) have the computational advantage of being sparse and not requiring multiplications but only additions, as well as the storage advantage of being composed of only a finite set of words, e.g., {−1, 0, 1} for = 0. Given the urgent need for environmentally-friendly, but still efficient, neural networks such as binary neural networks (Hubara et al., 2016; Lin et al., 2015; Zhu et al., 2016; Qin et al., 2020; Hubara et al., 2016), pruned neural networks (Liu et al., 2015; Han et al., 2015a;b), weights-quantized neural networks (Gupta et al., 2015; Gong et al., 2014), we hope that our analysis will open a new door to a random matrix-improved framework of computationally efficient methods for machine learning and neural network models more generally.\n1Left- and right-multiplying the kernel matrices by P is equivalent to centering the data in the kernel feature space, which is a common practice in kernel learning and plays a crucial role in multidimensional scaling (Joseph & Myron, 1978) and kernel PCA (Schlkopf et al., 1998). In the remainder of this paper, whenever we use kernel matrices, they are considered to have been centered in this way."
    }, {
      "heading" : "1.1 CONTRIBUTIONS",
      "text" : "Our main results are summarized as follows.\n1. By considering a high-dimensional Gaussian mixture model for the data, we show (Theorem 1) that for K defined in (2), ‖K− K̃‖ → 0 as n, p→∞, where K̃ is a random matrix independent of the law of w, and depends on the nonlinear σ(·) only via its generalized Gaussian moments E[σ′(z)] and E[σ′′(z)] for z ∼ N (0, 1).\n2. We exploit this result to propose a computationally efficient random features approach, called Ternary Random Features (TRFs), with asymptotically the same limiting kernel as any random features-type kernel matrices K of the form (2), while inducing no multiplication and b times less memory storage for its computation, with b the number of bits to store full precision values, e.g., b = 32 in the case of a single-precision floating-point format.\n3. We provide empirical evidence on various random-features based algorithms, showing the computational and storage advantages of the proposed TRF method, while achieving competitive performances compared to state-of-the-art random features techniques. As a first telling example, in Figure 1 on the Cov-Type dataset from the UCI ML repository,TRFs achieve similar logistic regression performance as the LP-RFF method proposed by Zhang et al. (2019), with 8 times less memory, and 32 or 16 times less memory than the Nyström approximation of the Gaussian kernel (using full precision of 32 or 16 bits) (Williams & Seeger, 2001); see the shift in the x-axis (memory) of Figure 1."
    }, {
      "heading" : "1.2 RELATED WORK",
      "text" : "Random features kernel and random neural networks. Random features methods were first proposed to relieve the computational and storage burden of kernel methods in large-scale problems when the number of training samples n is large (Schölkopf & Smola, 2018; Rahimi & Recht, 2008; Liu et al., 2021a). For instance, Random Fourier Features can be used to approximate the popular Gaussian kernel, when the number of random features m is sufficiently large (Rahimi & Recht, 2008). Since (deep) modern neural networks are routinely trained with random initialization, random features method is also considered a stylish model to analyze neural networks (Neal, 1996; Williams, 1997; Novak et al., 2018; Matthews et al., 2018; Lee et al., 2017; Louart et al., 2018). In particular, by focusing on the large n,m regime, the analysis of such models led to the so-called double descent theory (Advani et al., 2020; Mei & Montanari, 2019; Liao et al., 2020) for neural nets.\nComputationally efficient random features methods. In an effort to further reduce the computation and storage costs of random features models, various quantization and binarization methods were proposed (Goemans & Williamson, 1995; Charikar, 2002; Li & Slawski, 2017; Li & Li, 2019; 2021;\nAgrawal et al., 2019; Zhang et al., 2019; Liao et al., 2021; Couillet et al., 2021). More precisely, Agrawal et al. (2019) combined RFFs with a data-dependent feature selection approach to reduce the computational cost, while preserving the statistical guarantees of (using the original set of) RFFs. Zhang et al. (2019) proposed a low-precision approximation of RFFs to significantly reduce the storage while generalizing as well as full-precision RFFs. Li & Li (2021) designed quantization schemes of RFFs for arbitrary choice of the Gaussian kernel parameter. Our work improves these previous efforts by (i) considering a broader family of random features kernels beyond RFFs and by (ii) proposing the TRF approach that is both sparse and quantized, while asymptotically yielding the same limiting kernel spectral structure, and thus algorithmic performances (Cortes et al.).\nRandom matrix theory and neural networks. Random matrix theory (RMT), as a powerful and flexible tool to investigate the (asymptotic) behavior of large-scale systems, is recently gaining popularity in the analysis of (deep) neural networks (Martin & Mahoney, 2018; 2019). In this respect, Pennington & Worah (2017) derived the eigenvalue distribution of the Conjugate Kernel (CK) in a single-hidden-layer random neural network model. This result was then generalized to a broader class of data distributions (Louart et al., 2018) and to a multi-layer scenario (Benigni & Péché, 2019; Pastur, 2020). Fan & Wang (2020) went beyond the general i.i.d. assumption (on the entries of data vectors) and studied the spectral properties of the CK and neural tangent kernel for data that are approximately “pairwise orthogonal.” Our work improves (Fan & Wang, 2020) by studying the random features kernel for more structured GMM data, and is thus more adapted to machine learning applications such as classification. As far as the study of random features kernels under GMM data is concerned, the closest work to ours is (Liao & Couillet, 2018b) where the kernel matrix K defined in (2) is studied for GMM data, but only for a few specific activation functions and Gaussian w, see Footnote 5 below for a detailed account of the technical differences between this work and (Liao & Couillet, 2018b). Here, we provide a universal result with respect to the (much broader class of) activation functions and random w, and propose a computation and storage efficient random features technique well tuned to match the performances of any commonly used random features kernels."
    }, {
      "heading" : "1.3 NOTATIONS AND ORGANIZATION OF THE ARTICLE",
      "text" : "In this article, we denote scalars by lowercase letters, vectors by bold lowercase, and matrices by bold uppercase. We denote the transpose operator by (·)T, we use ‖ · ‖ to denote the Euclidean norm for vectors and spectral/operator norm for matrices. For a random variable z, E[z] denotes the expectation of z. The notation δx∈A is the Kronecker delta taking value 1 when x ∈ A and 0 otherwise. Finally, 1p and Ip are respectively the vector of all one’s of dimension p and the identity matrix of dimension p× p. The remainder of the article is structured as follows. In Section 2, we describe the random features model under study along with our working assumptions. We then present our main technical results in Section 3 on the spectral characterization of random features kernel matrices K and its practical consequences, in particular the design of cost-efficient ternary random features (TRFs) leading asymptotically to the same kernel as any generic random features. We provide empirical evidence in Section 4 showing the computational and storage advantage along with competitive performance of TRFs compared to state-of-the-art random features approaches. Conclusion and perspective are placed in Section 5."
    }, {
      "heading" : "2 SYSTEM SETTINGS",
      "text" : "Let W ∈ Rm×p be a random matrix having i.i.d. entries with zero mean and unit variance. The random features matrix Σ ∈ Rm×n of some data X ∈ Rp×n is defined as Σ , σ(WX) for some nonlinear activation function σ : R→ R applied entry-wise on WX. We denote G the associated random features Gram matrix\nG , 1\nm ΣTΣ =\n1 m σ(WX)Tσ(WX) = 1 m m∑ t=1 σ ( XTwt ) σ ( wTt X ) ∈ Rn×n (6)\nwhich is a sample mean of the expected kernel defined in (1). With P , In − 1n1n1 T n, we consider the expected and centered random features kernel matrix K defined in (2), which plays a fundamental\nrole in various random features kernel-based learning methods such as kernel ridge regression, logistic regression, support vector machines, principal component analysis, or spectral clustering.\nLet x1, · · · ,xn ∈ Rp be n independent data vectors belonging to one of K distributional classes C1, · · · , CK , with class Ca having cardinality na. We assume that xi follows a Gaussian Mixture Model (GMM), that is, for xi ∈ Ca,\nxi = µa/ √ p+ zi (7)\nwith zi ∼ N (0p,Ca/p) for some mean µa ∈ Rp and covariance Ca ∈ Rp×p associated to class Ca.\nIn high dimensions, under “non triviality assumptions”,2 the data vectors drawn from (7) can be shown to be neither very “close” nor very “far” from each other, irrespective of the class they belong to, see (Couillet et al., 2016). We place ourselves under such non-trivial conditions, by imposing, as in (Couillet et al., 2016; 2018), the following growth rate conditions.\nAssumption 1 (High-dimensional asymptotics) As n → ∞, we have (i) p/n → c ∈ (0,∞) and na/n → ca ∈ (0, 1); (ii) ‖µa‖ = O(1); (iii) for C◦ = ∑K a=1 na n Ca and C ◦ a = Ca − C◦,\n‖Ca‖ = O(1), tr(C◦a) = O( √ p) and tr(CaCb) = O(p) for a, b ∈ {1, · · · ,K}. We denote τ , tr(C◦)/p that is assumed to converge in (0,∞).\nRemark 1 (Beyond Gaussian mixture data) While the theoretical results in this paper are derived for Gaussian mixture data in (7), under the non-trivial setting of Assumption 1, we conjecture that they can be extended to a much broader family of data distributions beyond the Gaussian setting, e.g., to the so-called concentrated random vector family (Seddik et al., 2020; Louart & Couillet, 2018), under similar non triviality assumptions. See Section A.1 in the appendix for more discussions.\nTo cover a large family of random features, we assume that the random projector matrix W has i.i.d. entries of zero mean, unit variance and bounded fourth-order moment, with no restriction on their particular distribution.\nAssumption 2 (On random projection matrix) The random matrix W has i.i.d. entries such that E[Wij ] = 0, E[W 2ij ] = 1 and E[W 4 ij ] < λW for some constant λW <∞.\nWe consider the family of activation functions σ(·) satisfying the following assumption.\nAssumption 3 (On activation function) The function σ is at least twice differentiable (in the sense of distributions when applied to a random variable having a non-degenerate distribution function, see Remark 3 in Section A.1 of the appendix), with max{E|σ(z)|,E|σ2(z)|,E|σ′(z)|,E|σ′′(z)|} < λσ for some constant λσ <∞ and z ∼ N (0, 1)."
    }, {
      "heading" : "3 MAIN RESULT",
      "text" : "Our objective is to characterize the high-dimensional spectral behavior of the centered and expected random features kernel matrix K defined in (2). It turns out, somewhat surprisingly, that under the non-trivial setting of Assumption 1, one may mentally picture the high-dimensional data vectors as (i) being asymptotically pairwise orthogonal (i.e., xTi xj → 0 for i 6= j as p→∞) and (ii) having asymptotically equal Euclidean norms (i.e., ‖xi‖2 → τ ), independently of the underlying class they belong to. As we shall see, this high-dimensional “concentration” of xTi xj → τ · δi=j plays a crucial role in “decoupling” the two dependent but asymptotically Gaussian random variables σ(wTxi) and σ(wTxj) in the definition (1). This, up to some careful control on the higher-order (but well “concentrated”) terms, leads to the following result on the asymptotic behavior of K, the proof of which is given in Section A.3 of the appendix.\nTheorem 1 (Asymptotic equivalent of K) Under Assumption 1-3, for K defined in (2), as n→∞,\n‖K− K̃‖ → 0,\n2That is, when classification is neither too hard nor too easy.\nalmost surely with P = In − 1n1Tn/n,\nK̃ = P ( d1 · ( Z + M\nJT √ p\n)T( Z + M\nJT √ p\n) + d2 ·VAVT + d0 · In ) P, (8)\nand\nV = [J/ √ p, φ] ∈ Rn×(K+1), A =\n[ ttT + 2T t\ntT 1\n] ∈ R(K+1)×(K+1),\nwhere, for z ∼ N (0, 1),\nd0 = E[σ 2( √ τz)]− E[σ( √ τz)]2 − τE[σ′( √ τz)]2, d1 = E[σ ′( √ τz)]2, d2 = 1\n4 E[σ′′(\n√ τz)]2\nand “first-order” random matrix Z = [z1, · · · , zn] ∈ Rp×n as defined in (7), “second-order” random (fluctuation) vector φ = { ‖zi‖2 − E[‖zi‖2] }n i=1 ∈ Rn, and GMM data statistics\nM = [µ1, · · · ,µK ] ∈ Rp×K , t = {\ntr(C◦a)√ p }K a=1 ∈ RK , T = { trCaCb p }K a,b=1 ∈ RK×K (9)\nas well as the class label vectors J = [j1, · · · , jK ] ∈ Rn×K with [ja]i = δxi∈Ca .\nFirst note that the “asymptotic equivalence” established in Theorem 1 holds for the expected kernel K, not on the empirical random feature kernel G defined in (6), and is thus independent of the number of random features m. On closer inspection of Theorem 1, we see that the data statistics for classification, i.e., the means (M) and covariances (ttT, T) are respectively weighted by the generalized Gaussian moments of first (d1) and second order (d2), while the coefficient d0 merely acts as a regularization term to shift all the eigenvalues,3 and has thus asymptotically no impact on the performance of, e.g., kernel spectral clustering for which only eigenvector structures are exploited.4\nTheorem 1 unveils a surprising universal behavior of the expected kernel K in the large n, p regime. Specifically, the expression of K̃ (and thus the spectral behavior of K, see our discussion in the paragraph that follows) is universal with respect to the distribution of W and the activation function σ, when they are “normalized” to satisfy Assumptions 2 and 3. This technically improves previous efforts such as (Liao & Couillet, 2018b),5 and allows us to design computationally more efficient random features approach by wisely choosing W and σ.\nAs a direct consequence of Theorem 1, one has, by Weyl’s inequality and Davis–Kahan theorem that (i) the difference between each corresponding pair of eigenvalues and (ii) the distance between the “isolated” eigenvectors or the “angle” between the “isolated subspaces” of K and K̃ vanish asymptotically as n, p → ∞. This is numerically confirmed in Figure 2, where one observes a close match between the spectra (eigenvalue “bulk” and isolated eigenvalue-eigenvector pairs) of K and those of its asymptotic equivalent K̃ given in Theorem 1, already for n, p only in hundreds. In particular, we compare, in Figure 2, the eigenspectra of K and K̃ for Gaussian versus Student-t distributed W, on GMM data. A close match of the spectra and the isolated eigen-pairs is observed, irrespective of the distribution of W, as predicted by our theory.\nIn the following corollary, we exploit the universal result in Theorem 1 to design computationally efficient Ternary Random Features (TRFs) by specifying the distribution of (the entries of) W to symmetric Bernoulli and σ to a ternary function, so as to obtain a limiting kernel Kter that is asymptotically equivalent to any random features kernel matrix K of the form (2), for the highdimensional GMM data under study. This is proved in Section A.4 of the appendix.\n3This can be seen as another manifestation of the implicit regularization in high-dimensional kernel and random features (Jacot et al., 2020; Derezinski et al., 2020; Liu et al., 2021b).\n4We provide in Table 1 (Section A.5 of the appendix) the corresponding Gaussian moments d0, d1, d2 for various commonly used activation functions in random features and neural network contexts.\n5 From a technical perspective, Theorem 1 improves (Liao & Couillet, 2018b, Theorem 1) in the fact that the latter relies on the explicit forms of the expectation K in (2), and is thus limited to (i) a few nonlinear σ for which K can be computed explicitly, see (Liao & Couillet, 2018b, Table 1); and (ii) Gaussian distributed W in which case the p-dimensional integral can be easily reduced to a two-dimensional one. Here, Theorem 1 holds for a much broader family of random W and nonlinear σ as long as Assumptions 2 and 3 hold.\nCorollary 1 (Ternary Random Features) For a given random features kernel matrix K of the form (2) with W and nonlinear σ satisfying Assumptions 1-3, with associated generalized Gaussian moments d0, d1, d2 defined in Theorem 1, let σter be defined in (5) with s− = ŝ−, s+ = ŝ+, and ŝ−, ŝ+ satisfying the following equations\nd1 = 1\nπ2\n( e−ŝ 2 +/τ + e−ŝ 2 −/τ )2 , d2 = 1\n2πτ3\n( ŝ+e −ŝ2+/τ + ŝ−e −ŝ2−/τ )2 . (10)\nDefine the Ternary Random Features matrix Σter = σter(WterX) with Wter defined in (4) having sparsity level , the associated Gram matrix Gter = 1m (Σ ter)TΣter as in (6), and the limiting kernel\nKter , P{κter(xi,xj)}ni,j=1P (11)\nfor κter defined in (3). Then, there exists λ ∈ R such that6 ‖K−Kter − λP‖ → 0 almost surely as n→∞.\nNote that the system of equations in (10) defining ŝ− and ŝ+ is a function of the key parameter τ = trC◦/p defined in Assumption 1, which can be consistently estimated from the data; see Algorithm 1 below and a proof in Lemma 1 of the appendix (the intuition of which follows from the fact that ‖xi‖2 = ‖µa‖2/p+ 2µTazi/ √ p+ ‖zi‖2 = E[tr(zizTi )] +O(p−1/2) according to (7) and Assumption 1). This makes the proposed TRFs and its limiting kernel Kter data-statistics-dependent. Yet, the system of equations (10) does not have a closed-form solution and might have multiple solutions on the real line; we practically solve it using a numerical least squares method, by gradually enlarging the search range (from say [−1, 1]) until a solution is found (the time complexity of which is independent of the dimension n, p and it is observed in the experiments in Section 4 to converge in a few iterations). The details of the proposed TRF approach are described in Algorithm 1.\nAlgorithm 1 Ternary Random Features Input: Data X and level of sparsity ∈ [0, 1). Output: Ternary Random Features Σter and Gram matrix Gter. Estimate τ as τ̂ = 1n ∑n i=1 ‖xi‖2.\nSolve for thresholds ŝ−, ŝ+ using (10), which defines σter via (5). Construct a random matrix Wter ∈ Rm×p having i.i.d. entries distributed according to (4). Compute Σter = σter(WterX) and then TRFs Gram matrix Gter = 1m (Σ ter)TΣter as in (6).\n6The parameter λ characterizes the possibly different d0 between K and Kter , see details in Appendix A.4.\nComputational and storage complexity For W ∈ Rm×p a random matrix with i.i.d. N (0, 1) entries and Wter ∈ Rm×p with i.i.d. entries satisfying (4) with sparsity level ∈ [0, 1), let G = 1 mσ(WX)\nTσ(WX) for some given smooth function σ (e.g., sine and cosine in the case of random Fourier features) and Gter = 1mσ\nter(WterX)Tσter(WterX) with data matrix X ∈ Rp×n. It is then beneficial to use Gter instead of G as the computation of σ(WX) requires O(mnp) multiplications and O(mnp) additions, while the computation of σter(WterX) requires no multiplication and only O((1− )mnp) additions. In terms of storage, it requires a factor of b = 32 times more bits to store σ(WX) when computing G compared to storing σter(WterX) when computing Gter (assuming full precision numbers are stored using b = 32 bits).\nThe computationally and storage efficient TRFs σter(WterX) can then be used instead of the “expensive” random features σ(WX) and lead (asymptotically) to the same performance as the latter on downstream tasks, at least for GMM data, according to Theorem 1. In the following section, we provide empirical results showing that (i) this “performance match” between TRFs and random features of the form (1) is not limited to Gaussian data and empirically holds when applied on popular real-world datasets such as MNIST (LeCun et al., 1998), some UCI ML datasets, as well as DNNfeatures of CIFAR10 data in Section A.6 of the appendix; and (ii) due to the competitive performance of TRFs with respect to standard random features approaches, when compared to state-of-the-art random feature compression/quantization techniques (for which a “performance-complexity tradeoff” generally arises, that is, as one compresses more the original random features, the performance decays), TRFs yield significantly better performances for a given storage/computational budget."
    }, {
      "heading" : "4 EXPERIMENTS",
      "text" : "The experiments in this section and Section A.6 of the appendix are performed on a Ubuntu 18.04 machine with Intel(R) Core(TM) i9-9900X CPU @ 3.50GHz and 64 GB of RAM."
    }, {
      "heading" : "4.1 TRFS MATCH THE PERFORMANCE OF POPULAR KERNELS WITH LESS BUDGET",
      "text" : "We first consider ridge regression with random features Gram matrix G on MNIST data in Figure 3. We compare RFFs with σ(t) = [cos(t), sin(t)] and Gaussian Wij ∼ N (0, 1) to the proposed TRF method with σter(t) in (5) and ternary random projection matrix Wter defined in (4), with different sparsity levels . The thresholds s−, s+ of σter are tuned in such away that the generalized Gaussian moments d1 and d2 match with those of RFFs,7 as described in Corollary 1 and Algorithm 1. Figure 3 displays the test mean squared errors as a function of the regularization parameter γ for our TRF method with different sparsity levels compared to the RFF method, as well as to the baseline of Kernel Ridge Regression (KRR) using Gaussian kernel. Note that despite 90% sparsity in the projection matrix W, virtually no performance loss is incurred compared with RFFs. This is further confirmed in the right hand side of Figure 3 which shows the gains in running time8 when using TRFs. These experiments show that the proposed TRF approach yields similar performance as popular random features such as RFFs, with a significant reduction in terms of computation and storage."
    }, {
      "heading" : "4.2 COMPUTATIONAL AND STORAGE GAINS – COMPARISONS TO STATE-OF-THE-ART",
      "text" : "In this section, we compare TRFs with state-of-the-art quantized or non-quantized random features methods, for both random features-based logistic and ridge regressions. Specifically, in Figure 1, we compare logistic regression performance of TRFs versus the Low Precision Random Fourier Features (LP-RFFs) proposed by Zhang et al. (2019), on the Cov-Type dataset from UCI ML repo. As in Section 4.1, the TRFs are tuned to match the limiting Gaussian kernel of RFFs. For a single datum x ∈ Rp, the associated TRFs σter(Wterx) ∈ Rm use m bits for storage while LP-RFFs use 8m bits. We follow the same protocol as in (Zhang et al., 2019) and use SGD with mini-batch size 250 in training logistic regressor and {1, 8} bits precision for the LP-RFF approach. Figure 1 compares the\n7For given xi,xj , we use [cos(Wxi), sin(Wxj)] as the random Fourier features so that the (i, j) entry of the corresponding random features Gram matrix is cos(Wxi)T cos(Wxj)+sin(Wxi)T sin(Wxj) (Rahimi & Recht, 2008). The generalized Gaussian moments of the RFFs are thus the sum of the d1’s and d2’s corresponding to sin and cos functions. Note that the d0’s of RFFs and TRFs may be different.\n8The running time is taken as the total clock-time of the whole ridge regression solver including the random features calculation.\nPublished as a conference paper at ICLR 2022\n10−2 10−1 1 102 104 0\n0.2\n0.4\n0.6\n0.8\n1\nγ\nM SE\ns\nBaseline (KRR) RFF\n= 0.1 (TRF) = 0.5 (TRF) = 0.9 (TRF)\n10−2 10−1 1 102 104\n0\n0.2\n0.4\n0.6\n0.8\n1\nγ\nM SE\ns Baseline (KRR)\nRFF = 0.1 (TRF) = 0.5 (TRF) = 0.9 (TRF)\n0.1 0.3 0.5 0.7 0.9\n1,000\n2,000\nR un\nni ng\ntim e\n(s )\nBaseline (KRR) RFF TRF\nFigure 3: Testing mean squared errors (MSEs with ±1 std, LEFT) and running time (RIGHT) of random features ridge regression as a function of regularization parameter γ, p = 512, n = 1024, ntest = 512,m = 5.10 4. With W distributed according to (4) and = [0.1, 0.5, 0.9], versus RFFs and KRR on a 2-class MNIST dataset – digits (7, 9). We find that d0 = 0.44 for TRFs and d0 = 0.39 for RFFs, making λ in Corollary 1 small. Results averaged over 5 independent runs.\nlogistic regression test accuracy as a function of the total memory budget for LP-RFF (1 bit and 8 bits) and the Nyström approximation of Gaussian kernel matrices (using 32 and 16 bits) (Williams & Seeger, 2001) (see also Table 1 in (Zhang et al., 2019)), versus the proposed TRFs approach. As seen from the shift in the x-axis (memory), by using 8× less memory than LP-RFFs and 32× or 16× less memory than the Nyström method, TRFs achieve a superior generalization performance on the logistic regression task. Similar comparisons are performed in Figure 4 on a random features ridge regression task for the Census dataset (Rahimi & Recht, 2008), confirming that TRFs outperform alternative approaches in terms of test mean square errors, with a significant save in memory."
    }, {
      "heading" : "5 CONCLUSION",
      "text" : "Our large dimensional spectral analysis of the random features kernel matrix K reveals that its spectral properties only depend on the nonlinear activation through the corresponding generalized Gaussian moments and are universal with respect to zero-mean and unit-variance random projection vectors. This allows us to design the new TRF approach which turns both the random weights W and the activations σ(WX) into ternary integers, thereby allowing to only perform addition operations and to only store 1 bit for the activations. This drastically saves the storage and computation of random features while preserving the performances on downstream tasks with respect to their counterpart expensive kernels. Our article comes along with (Couillet et al., 2021) as first steps in re-designing machine learning algorithms using Random Matrix Theory, in order to be able to perform computations on massive data using desktop computers instead of relying on energy consuming giant servers."
    }, {
      "heading" : "ACKNOWLEDGEMENT",
      "text" : "Z L would like to acknowledge the National Natural Science Foundation of China (NSFC-12141107), the Fundamental Research Funds for the Central Universities of China (2021XXJS110), and CCFHikvision Open Fund (20210008) for providing partial support. R C would like to acknowledge the MIAI LargeDATA chair (ANR-19-P3IA-0003) at University Grenobles-Alpes, the HUAWEI LarDist project, as well as the ANR DARLING project for providing partial support of this work."
    }, {
      "heading" : "A APPENDIX",
      "text" : "We provide detailed discussions on our working assumptions in Section A.1, a consistent estimator of the key parameter τ in Section A.2, the proof of Theorem 1 in Section A.3 and that of Corollary 1 in Section A.4, as well as the generalized Gaussian moments for standard kernels arising from random features and neural net contexts in Section A.5. Additional numerical experiments are placed in Section A.6."
    }, {
      "heading" : "A.1 NOTES ON THE WORKING ASSUMPTIONS",
      "text" : "For completeness, let us restate the working settings of the paper.\nLet x1, · · · ,xn ∈ Rp be n independent vectors belonging to one of K distributional classes C1, · · · , CK . Class a has cardinality na, and we assume that xi follows a Gaussian Mixture Model (GMM), i.e., for xi ∈ Ca,\nxi = µa/ √ p+ zi (12)\nwith zi ∼ N (0p,Ca/p) for some mean µa ∈ Rp and covariance Ca ∈ Rp×p associated to class Ca. We position ourselves in the non-trivial regime of high-dimensional classification as described by the following growth rate conditions.\nAssumption 4 (High-dimensional asymptotics) As n → ∞, we have (i) p/n → c ∈ (0,∞) and na/n → ca ∈ (0, 1); (ii) ‖µa‖ = O(1); (iii) for C◦ = ∑K a=1 na n Ca and C ◦ a = Ca − C◦, then\n‖Ca‖ = O(1), tr(C◦a) = O( √ p) and tr(CaCb) = O(p) for a, b ∈ {1, · · · ,K}. We denote τ , tr(C◦)/p that is assumed to converge in (0,∞).\nBeyond Gaussian mixtures While the theoretical results in this paper are derived for Gaussian mixture data under the non-trivial setting, we conjecture that they can be extended to a much broader family of data distributions beyond the Gaussian setting, e.g., to the so-called concentrated random vector family (Seddik et al., 2020), under similar non triviality assumptions.\nDefinition 1 (Concentrated vector) Given a normed vector space (X , | · |), and q > 0, a random vector x ∈ X is said to be q-exponentially concentrated if for any 1-Lipschitz function φ : X → R, there exists C > 0 independent of dim(X ) and σ > 0 such that for all t ≥ 0,\nP (|φ(x)− E[φ(x)])| > t) ≤ Ce−(t/σ) q .\nMultivariate Gaussian distributed x ∼ N (0, Ip) can be checked to belong to the family of concentrated random vectors. The major advantage of using concentrated random vectors for data modeling is that this concentration property is stable under Lipschitz transformation, that is, for any 1-Lipschitz map f : Rp → Rq, if x ∈ Rp is concentrated, so is x′ = f(x). Among the broad family of concentrated random vectors, it has been particularly shown in (Seddik et al., 2020) that artificial images generated by a Generative Adversarial Network (GAN) (Seddik et al., 2020), which look extremely close to real-world images (as they are designed to), are Lipshitz transformations of Gaussian vectors and can thus be, by definition, concentrated random vectors.\nAs a result, concentrated random vectors are more appropriate (than GMM for instance) in modeling realistic data, at least for those “close” to data generated by GANs.\nThe same was shown experimentally for CNN representations of real images (Seddik et al., 2019; 2020) as well as words embeddings in Natural Language Processing (Couillet et al., 2020, November).\nAs for the random projector matrix, we assume that the matrix W has i.i.d. entries of zero mean, unit variance and bounded fourth-order moment, with no restriction on their particular distribution as follows.\nAssumption 5 (On random projection matrix) The random matrix W has i.i.d. entries such that E[Wij ] = 0, E[W 2ij ] = 1 and E[W 4 ij ] < λW for some constant λW <∞.\nRemark 2 (On the i.i.d. assumption of entries of W) In Assumption 5 we consider the setting where the entries of W are independently and identically distributed: this is the case for the popular vanilla random Fourier features in (Rahimi & Recht, 2008) and the arc-cosine kernels in a neural network context; but not the case for, e.g., data dependent random features approaches such as leverage score based methods (Li et al., 2021).\nWe consider the family of activation functions σ(·) satisfying the following assumption.\nAssumption 6 (On activation function) The function σ is at least twice differentiable (in the sense of distributions when applied to a random variable having a non-degenerate distribution function), with max{E|σ(z)|,E|σ2(z)|,E|σ′(z)|,E|σ′′(z)|} < λσ for some constant λσ < ∞ and z ∼ N (0, 1).\nRemark 3 (Activation functions not differentiable everywhere) Some popular activation functions used in machine learning such as ReLu, Sign, Absolute value, etc., are not differentiable everywhere. For those functions, we will use a derivative in the sense of distributions (Friedlander et al., 1998). A distribution g is a continuous linear functional on the set D of infinitely differentiable functions with bounded support\ng : D → R φ 7→ g(φ) = ∫ +∞ −∞ g(x)φ(x) dx.\nThe distributional derivative g′(φ) is defined such that g′(φ) = −g(φ′). In particular, we will be interested here in the expectation of the derivatives of the activation function with respect to the Gaussian measure i.e., ∫ +∞ −∞ σ ′(x)e−x 2/2 dx. Following the previous definition, we have in this particular case ∫ +∞ −∞ σ′(x)e−x 2/2 dx = ∫ +∞ −∞ xσ(x)e−x 2/2 dx\nwhich can be evaluated by some integration by parts. This is also refereed to the as “weak derivative” in the functional analysis literature (Stein & Shakarchi, 2012)."
    }, {
      "heading" : "A.2 AUXILIARY RESULTS AND PROOFS",
      "text" : "Lemma 1 (Consistent estimation of τ ) Let Assumption 4 hold and define τ , trC◦/p. Then as n→∞, with probability 1,\n1\nn n∑ i=1 ‖xi‖2 − τ → 0.\nProof 1 (Proof of Lemma 1) From equation 7, we have that\n1\nn n∑ i=1 ‖xi‖2 = 1 n K∑ a=1 n∑ i=1 1 p ‖µa‖2 − 2 √ p µTazi + 1 n n∑ i=1 ‖zi‖2. (13)\nFrom Assumption 4, we have that 1n ∑K a=1 ∑n i=1 1 p‖µa‖\n2 = O(p−1). The second term of equation 13 2√ pµ T azi is a weighted sum of independent zero mean random variables; it thus vanishes with probability 1 as n, p→∞ by a mere application of Chebyshev’s inequality and the Borell Cantelli lemma. Finally, using the strong law of large numbers on the last term of equation 13, we have almost surely,\n1\nn n∑ i=1 ‖zi‖2 = K∑ a=1 na n trCa + o(1)\n= K∑ a=1 na n 1 p trC◦ + o(1)\nwhere in the last line we use trC◦a = O( √ p) from Assumption 4, and thus 1n ∑n i=1 ‖zi‖2 − τ → 0 almost surely. This concludes the proof."
    }, {
      "heading" : "A.3 PROOF OF THEOREM 1",
      "text" : "In the sequel, we will make use of Bachmann–Landau notations but specific for random variables in the asymptotic regime where n → ∞. For x ≡ xn a random variable and un ≥ 0, we write xn = O(un) if for any η and D > 0, nDP(x ≥ nηun)→ 0 as n→∞. For a vector v or a diagonal matrix with random entries, v = O(un) means that the maximal entry of v in absolute value is O(un) in the sense defined above. When M is a square matrix, M = O(un) means that the operator norm of M is O(un). For x a random variable, x = o(un) means that there exists κ > 0 such that x = O(n−κun). And the same definition for the o(·) notation applies for vectors and matrices having random entries.\nLet us define X = [x1, · · · ,xn] ∈ Rp×n and define\nΣ = σ(WX)\nwhere W = [w1, · · · ,wm]T ∈ Rm×p with W satisfying Assumption 5, and σ a function satisfying Assumption 6. We consider the gram matrix\nG = 1\nm ΣTΣ\nwhose (i, j) entry is given by\nGij = 1\nm m∑ k=1 σ(wTkxi)σ(w T kxj).\nWe are interested in computing\nκ(xi,xj) = Ew[σ(w Txi)σ(w Txj)] (14)\nunder Assumptions 4-6.\nUnder Assumption 4, we have xTi xj = z\nT i zj︸︷︷︸\nO(p− 1 2 )\n+µTaµb/p+ µ T awj/ √ p+ µTbwi/ √ p︸ ︷︷ ︸\nO(p−1)\n(15)\nand ‖xi‖2 = τ︸︷︷︸\nO(1) + tr(C◦a)/p+ Φi︸ ︷︷ ︸ O(p− 1 2 ) + ‖µ2a‖/p+ 2µTazi/ √ p︸ ︷︷ ︸ O(p−1)\n(16)\nwhere φi , (‖zi‖2 − E[‖zi‖2]). It can be checked that, for random vector w ∈ Rp having i.i.d. entries with E[wi] = 0 and E[w2i ] = 1, we have, conditioned on xi, that Ew[(wTxi)2] = ‖xi‖2 and\nEw[(w Txi) 4] = (m4 − 3)‖xi‖2 + 2‖xi‖4. (17) with m4 = E[w4j ] < λW according to Assumption 5. From the trace lemma, (Bai & Silverstein, 2010, Lemma B.26), one has that\nxTi xi − 1\np trCa → 0 (18)\nalmost surely as p → ∞, for xi ∈ Ca. Thus, under Assumption 4 we have in particular xTi xi − trC◦/p → 0 holds almost surely, regardless of the class of xi, see the proof of Lemma 1. It then follows from Lyapunov CLT (see, e.g., (Billingsley, 2012, Theorem 27.3)) that, under Assumption 4 and 5, (wTxi,wTxj) is asymptotically bivariate Gaussian. We can thus perform, in the large p limit, a Gram-Schmidt orthogonalization procedure for some standard Gaussian variables ξa, ξb ∼ N (0, 1). By construction, ξa, ξb are uncorrelated and thus independent by Gaussianity. Let us denote the shortcuts ζa = wTxi and ζb = wTxj . We thus have\nζa ≡ wTxi = uaξa + o(1) ζb ≡ wTxj = vbξa + ubξb + o(1)\nwith ua = ‖xi‖\nvb = xTi xj ‖xi‖\nub = √ ‖xj‖2 − (xTi xj) 2\n‖xi‖2 .\nSince we have that ‖xi‖ = √ τ + o(1) and ‖xj‖ = √ τ + o(1) (from equation 16), we can perform\na Taylor expansion of σ(ζa) (respectively of σ(ζb)) around √ τξa (resp. √ τξb) giving\nσ(ζa) = σ( √ τξa) + σ ′( √ τξa)(ζa − √ τξa) + 1\n2 σ′′(ξa)(ζa −\n√ τξa) 2 + o((ζa − √ τξa) 2)\nσ(ζb) = σ( √ τξb) + σ ′( √ τξb)(ζb − √ τξb) + 1 2 σ′′( √ τξb)(ζb − √ τξb) 2 + o((ζb − √ τξb) 2).\nWe then have κ(xi,xj) = E[σ(ζa)σ(ζb)]\n= E[σ( √ τξa)σ( √ τξb)] + E[σ( √ τξa)σ ′( √ τξb)(ζb − √ τξb)]\n+ 1 2 E[σ( √ τξa)σ ′′( √ τξb)(ζb − √ τξb) 2] + E[σ′( √ τξa)(ζa − √ τξa)σ( √ τξb)] + E[σ ′( √ τξa)(ζa − √ τξa)σ ′( √ τξb)(ζb − √ τξb)]\n+ 1\n2 E[σ′(ξa)(ζa −\n√ τξa)σ ′′(ξb)(ζb − √ τξb) 2] + 1\n2 E[σ′′(ξa)(ζa −\n√ τξa) 2σ( √ τξb)]\n+ 1\n2 E[σ′′(\n√ τξa)(ζa − √ τξa) 2σ′( √ τξb)(ζb − √ τξb)]\n+ 1\n4 E[σ′′(\n√ τξa)(ζa − √ τξa) 2σ′′( √ τξb)(ζb − √ τξb) 2] + o((ζa − √ τξa) 2).\nwhere the expectation is with respect to w as in the definition in (14).\nUsing the independence between ξa, ξb along with the following\nζa − √ τξa = ( ua√ τ − 1) √ τξa (19) ζb − √ τξb = (\nub√ τ − 1) √ τξb + vb√ τ √ τξa (20)\nwe have for ξ ∼ N (0, 1),\nE[σ( √ τξa)σ( √ τξb)] = ( E[σ( √ τξ)] )2 (21)\nE[σ( √ τξa)σ ′( √ τξb)(ζb − √ τξb)] = ( E[σ( √ τξ)]E[ √ τξσ′( √ τξ)] )( ub√ τ − 1 )\n+ ( E[σ′( √ τξ)]E[ √ τξσ( √ τξ)] ) vb√ τ\n(22)\nSimilarly writing down the products (ζa − √ τξa) 2, (ζb − √ τξb) 2, (ζa − √ τξa)(ζb − √ τξb), (ζa −√\nτξa)(ζb − √ τξb) 2, (ζa − √ τξa) 2(ζb − √ τξb), (ζa − √ τξa) 2(ζb − √ τξb)\n2 as in Equations 21- 22, and using Equations 19- 20, we obtain a complete expression of all the terms in κ(xi,xj) as follows\nκ(xi,xj) =\n[( E[σ( √ τξ)] )2 + ( E[σ( √ τξ)]E[ √ τξσ′( √ τξ)] )( ub√ τ − 1 ) + ( E[σ′( √ τξ)]E[ √ τξσ( √ τξ)] ) vb√ τ\n+ ( E[ √ τξσ′( √ τξ)]2 )( ( ua√ τ − 1)( ub√ τ − 1) ) + ( E[σ( √ τξ)]E[τξ2σ′′( √ τξ)] ) 2 ( (ub − 1)2 ) + ( E[ √ τξσ′( √ τξ)]E[τξ2σ′′( √ τξ)] ) 2 ( ua√ τ − 1 )( ub√ τ − 1 )2\n+\n( E[ √ τξσ′( √ τξ)]E[τξ2σ′′( √ τξ)] ) 2 ( ua√ τ − 1 )2( ub√ τ − 1 )\n+\n( E[τξ2σ′′( √ τξ)]2 ) 4 ( ua√ τ − 1 )2( ub√ τ − 1 )2 + ( E[ √ τξσ( √ τξ)]E[ √ τξσ′′( √ τξ)] ) vb√ τ ( ub√ τ − 1 )\n+\n( E[σ′′( √ τξ)]E[τξ2σ′′( √ τξ)] ) 2 ( vb√ τ )2 + ( E[σ( √ τξ)]E[ √ τξσ′( √ τξ)] )( ua√ τ − 1 )\n+ ( E[σ′( √ τξ)]E[ξ2σ′( √ τξ)] ) vb√ τ ( ua√ τ − 1 ) + ( E[σ′′( √ τξ)]E[τ √ τξ3σ′( √ τξ)] ) 2 ( vb√ τ )2( ua√ τ − 1 )\n+\n( E[σ′( √ τξ)]E[τξ2σ′( √ τξ)] ) 2 vb√ τ ( ua√ τ − 1 )( ub√ τ − 1 ) + ( E[σ( √ τξ)]E[τξ2σ′′( √ τξ)] ) 2 ( ua√ τ − 1 )2\n+\n( E[σ′( √ τξ)]E[τ √ τξ3σ′′( √ τξ)] ) 2 vb√ τ ( ua√ τ − 1 )2\n+\n( E[σ′′( √ τξ)]E[τ2ξ4σ′′( √ τξ)] ) 4 ( vb√ τ )2( ua√ τ − 1 )2\n+\n( E[ √ τξσ′′( √ τξ)]E[τ √ τξ3σ′′( √ τξ)] ) 2 vb√ τ ( ub√ τ − 1 )( ua√ τ − 1 )2] +O(p− 3 2 ).\n(23)\nSince |xTi xj | ≤ for a sufficiently small , (following from equation 15), using a Taylor approximation of √ ‖xj‖2 − (xTi xj) 2\n‖xi‖2 we obtain\nub√ τ − 1 = 1√ τ\n√ ‖xj‖2 − (xTi xj) 2\n‖xi‖2 − 1 = ( ‖xj‖√ τ − 1 ) − 1 2 √ τ‖xj‖ (xTi xj) 2 ‖xi‖2 + o ( (xTi xj) 2 ‖xi‖2 ) ( ub√ τ − 1 )2 = ( 1√ τ √ ‖xj‖2 − (xTi xj) 2 ‖xi‖2‖xj‖2 − 1 )2 = ( ‖xj‖√ τ − 1 )2 − ‖xj‖√ τ − 1 ‖xj‖ (xTi xj) 2 ‖xi‖2 + o ( (xTi xj) 2 ‖xi‖2\n) ua√ τ − 1 = ‖xi‖√ τ − 1.\nWe thus have\nvb√ τ = xTi xj√ τ‖xi‖ = 1 τ  zTi zj︸︷︷︸ O(p− 1 2 ) + ( µTaµb p + µTawj√ p + µTbwi√ p ) ︸ ︷︷ ︸\nO(p−1) +O(p− 32 ) ( ua√ τ − 1 ) = ‖xi‖√ τ − 1 = 1 2τ ( tr(C◦a) p + Φi ) ︸ ︷︷ ︸\nO(p− 1 2 )\n+ 1\n2τ\n( ‖µa‖2\np + 2µTa zi√ p ) ︸ ︷︷ ︸\nO(p−1)\n+O(p− 3 2 )\n( ua√ τ − 1 )( ub√ τ − 1 ) = ( ‖xi‖√ τ − 1 )( ‖xj‖√ τ − 1 ) =\n( tr(C◦a) p + Φi )( tr(C◦b ) p + Φj ) 4τ2︸ ︷︷ ︸\nO(p− 1 2 )\n+O(p− 3 2 )\n( vb√ τ )2 = 1 τ2 (zTi zj) 2 +O(p− 3 2 ). (24)\nAll other terms in equation 23 are of order at most O(p− 3 2 ) and thus vanish asymptotically. We thus get\nκ(xi,xj) =\n[( E[σ( √ τξ)] )2 + ( E[σ( √ τξ)]E[ √ τξσ′( √ τξ)] )( ub√ τ − 1 ) + ( E[σ′( √ τξ)]E[ √ τξσ( √ τξ)] ) vb√ τ +\n+ ( E[ √ τξσ′( √ τξ)]2 )( ( ua√ τ − 1)( ub√ τ − 1) ) + ( E[σ′′( √ τξ)]E[τξ2σ( √ τξ)] ) 2 ( vb√ τ )2 + ( E[σ( √ τξ)]E[ √ τξσ′( √ τξ)] )( ua√ τ − 1 ) +O(p− 3 2 ) ] . (25)\nPlugging the terms in equation 24 into equation 25 and rearranging in matrix form, we obtain for K = P{κ(xi,xj)}ni,j=1P and K̃ defined in Theorem 1, that ‖K− K̃‖ → 0, as expected, where we used the fact that ‖A‖ ≤ n‖A‖∞ for A ∈ Rn×n and ‖A‖∞ = maxni,j=1 |Aij |. This concludes the proof of Theorem 1."
    }, {
      "heading" : "A.4 PROOF OF COROLLARY 1",
      "text" : "Define the Ternary Random Features matrix Σter = σter(WterX) with Wter defined in (4) having sparsity level , the associated Gram matrix Gter = 1m (Σ ter)TΣter as in (6), and the limiting kernel\nKter , P{κter(xi,xj)}ni,j=1P (26)\nfor κter defined in (3). After calculation similar to (Liao & Couillet, 2019, Section 4) and (Liao et al., 2021), we obtain\nE[ ( σter )′ ( √ τz)]2 = e− s2+τ + e− s2−τ π 2\nE[ ( σter )′′ ( √ τz)]2 = s+e− s2+τ + s−e− s2−τ τ √ 2πτ 2 . (27) Thus, according to Theorem 1, for random features kernel matrix K of the form (2) with W and nonlinear σ satisfying Assumption 1-3, with associated generalized Gaussian moments d0, d1, d2 defined in Theorem 1, by choosing s−, and s+ such that d1 and d2 are respectively equal to the first and second term of equation 27, we have that\n‖K−Kter − λP‖ → 0,\nalmost surely with λ = d0 − ( E[ ( σter )2 ( √ τz)]− E[ ( σter ) ( √ τz)]2 − τE[ ( σter )′ ( √ τz)]2 ) where\nE[ ( σter )2 ( √ τz)]− E[ ( σter ) ( √ τz)]2 − τE[ ( σter )′ ( √ τz)]2\n= ( 1− erf ( s+√ τ )) − 1 2 e− s2+τ + e− s2−τ π 2 ."
    }, {
      "heading" : "A.5 GAUSSIAN MOMENTS OF POPULAR ACTIVATION FUNCTIONS",
      "text" : "We provide in Table 1 the calculation of the generalized Gaussian moments d0, d1, d2 for popular activation functions used in random features and neural network contexts. Note that our Table 1 matches the results in (Liao & Couillet, 2018b, Table 2)."
    }, {
      "heading" : "A.6 ADDITIONAL EXPERIMENTS",
      "text" : "In this section, we complement Section 4 by providing additional experiments on ridge regression and support vector machine, to support the robustness our TRF method compared to state-of-the-art approaches.\nRemark 4 (On the empirical and expected random features kernels) It is worth noting that our main results in Theorem 1 and Corollary 1 characterize the behavior of the expected/ limiting random features kernel K instead of the empirical Gram kernel matrix G defined in (6) obtained by averaging over m random features. The operator norm difference ‖K−G‖ is then bound to vanish as m, p, n→∞ for a sufficiently large m (for example with m/max(n, p)→∞).\nRandom features based Ridge regression To complement the experiments in Section 4.1, we provide in Figures 5-9, the test mean square error of random features kernel ridge regression with increasing number of random features m ∈ {512, 4096, 104} for GMM data in Figure 5-7, and m ∈ {512, 104} for MNIST data in Figure 8 and 9, as a function of the regularization parameter γ and for different choices of sparsity levels ∈ {0.1, 0.3, 0.5, 0.7, 0.9}. It is interesting to note that, for both datasets, the performance gap between RFFs and TRFs significantly decreases as m the number of random features grows large: this is in agreement with our Theorem 1 in which guarantee is provided only for the expected kernel matrix (that corresponds to m → ∞), not the empirical Gram matrix as the sample mean over m random features.\nRandom features based Support Vector Machine We empirically evaluate the classification performance of various random features approximation algorithms, on several benchmark datasets. We compared the different algorithms (RFF (Rahimi & Recht, 2008), ORF (Yu et al., 2016), SSF (Lyu, 2017)) on 3 datasets IJCNN1 (Prokhorov, 2001), Cov-Type, and a8a from the UCI ML repository considered in (Liu et al., 2021a), with our TRF method where we choose the thresholds coefficients s−, s+ according to Algorithm 1 (to match the generalized Gaussian moments of Gaussian kernel). Figure 10 shows the results for the a8a dataset, Figure 11 for the IJCNN1 dataset and Figure 12 for the Cov-Type dataset. The lower running time along with higher SVM test accuracy indicates the superiority of our RMT-inspired TRF method over the other Gaussian kernel approximation methods.\nComparison of TRF with equivalent 0th order Arc-cosine kernel (with ReLU function) We consider Support Vector Machine (SVM) classification with random features Gram matrix G on Fashion MNIST data (LeCun et al., 1998) and on VGG16 embeddings of CIFAR10 (Krizhevsky et al., 2009) and Imagenet (Deng et al., 2009) datasets in Figures 14 -13 -15 respectively. We use VGG16 with batch normalization (Ioffe & Szegedy, 2015) pre-trained on ImageNet (Deng et al., 2009) as a feature extractor. We fine-tune this model on the CIFAR10 dataset with 240 epochs and a mini-batch size 64 with a SGD optimizer with momentum 0.9 and an initial learning rate of 0.1. We then extract the output of the first fully connected layer of the classifier as our features. For Imagenet, we directly extract the features from the pretrained model. We compare (i) RF with σ(t) = max(t, 0) (ReLU) and Gaussian Wij ∼ N (0, 1) (known as the 0th order Arc-cosine kernel) to (ii) the proposed TRF\nmethod with σter(t) in (3) and ternary random projection matrix Wter defined in (4). The thresholds s−, s+ of σter are tuned in such away that the generalized Gaussian moments d1 and d2 are matched with those of ReLU (see Table 1), as described in Corollary 1 and Algorithm 1. Figures 14 -13 -15 display the test SVM accuracy as a function of the number of random features, for our TRF method compared to the random features corresponding to the Arc-Cosine kernel. We observe similar test performances with the two kernels while having a computation and storage gains for the ternary kernel."
    } ],
    "references" : [ {
      "title" : "High-dimensional dynamics of generalization error in neural networks",
      "author" : [ "Madhu S. Advani", "Andrew M. Saxe", "Haim Sompolinsky" ],
      "venue" : "Neural Networks,",
      "citeRegEx" : "Advani et al\\.,? \\Q2020\\E",
      "shortCiteRegEx" : "Advani et al\\.",
      "year" : 2020
    }, {
      "title" : "Data-dependent compression of random features for large-scale kernel approximation",
      "author" : [ "Raj Agrawal", "Trevor Campbell", "Jonathan Huggins", "Tamara Broderick" ],
      "venue" : "In The 22nd International Conference on Artificial Intelligence and Statistics,",
      "citeRegEx" : "Agrawal et al\\.,? \\Q2019\\E",
      "shortCiteRegEx" : "Agrawal et al\\.",
      "year" : 2019
    }, {
      "title" : "Learning and generalization in overparameterized neural networks, going beyond two layers",
      "author" : [ "Zeyuan Allen-Zhu", "Yuanzhi Li", "Yingyu Liang" ],
      "venue" : "arXiv preprint arXiv:1811.04918,",
      "citeRegEx" : "Allen.Zhu et al\\.,? \\Q2018\\E",
      "shortCiteRegEx" : "Allen.Zhu et al\\.",
      "year" : 2018
    }, {
      "title" : "Fine-grained analysis of optimization and generalization for overparameterized two-layer neural networks",
      "author" : [ "Sanjeev Arora", "Simon Du", "Wei Hu", "Zhiyuan Li", "Ruosong Wang" ],
      "venue" : "In International Conference on Machine Learning,",
      "citeRegEx" : "Arora et al\\.,? \\Q2019\\E",
      "shortCiteRegEx" : "Arora et al\\.",
      "year" : 2019
    }, {
      "title" : "Spectral Analysis of Large Dimensional Random Matrices, volume 20 of Springer Series in Statistics. Springer-Verlag New York, 2 edition",
      "author" : [ "Zhidong Bai", "Jack W. Silverstein" ],
      "venue" : null,
      "citeRegEx" : "Bai and Silverstein.,? \\Q2010\\E",
      "shortCiteRegEx" : "Bai and Silverstein.",
      "year" : 2010
    }, {
      "title" : "Eigenvalue distribution of nonlinear models of random matrices",
      "author" : [ "Lucas Benigni", "Sandrine Péché" ],
      "venue" : "arXiv preprint arXiv:1904.03090,",
      "citeRegEx" : "Benigni and Péché.,? \\Q2019\\E",
      "shortCiteRegEx" : "Benigni and Péché.",
      "year" : 2019
    }, {
      "title" : "On the inductive bias of neural tangent kernels",
      "author" : [ "Alberto Bietti", "Julien Mairal" ],
      "venue" : "arXiv preprint arXiv:1905.12173,",
      "citeRegEx" : "Bietti and Mairal.,? \\Q2019\\E",
      "shortCiteRegEx" : "Bietti and Mairal.",
      "year" : 2019
    }, {
      "title" : "Probability and Measure. Wiley Series in Probability and Statistics",
      "author" : [ "Patrick Billingsley" ],
      "venue" : "URL https://www.wiley.com/en-us/ Probability+and+Measure%2C+Anniversary+Edition-p-9781118122372",
      "citeRegEx" : "Billingsley.,? \\Q2012\\E",
      "shortCiteRegEx" : "Billingsley.",
      "year" : 2012
    }, {
      "title" : "Similarity estimation techniques from rounding algorithms",
      "author" : [ "Moses S Charikar" ],
      "venue" : "In Proceedings of the thiry-fourth annual ACM symposium on Theory of computing,",
      "citeRegEx" : "Charikar.,? \\Q2002\\E",
      "shortCiteRegEx" : "Charikar.",
      "year" : 2002
    }, {
      "title" : "On Lazy Training in Differentiable Programming. In Advances in Neural Information Processing Systems, volume 32 of NIPS’19, pp. 2937–2947",
      "author" : [ "Lénaïc Chizat", "Edouard Oyallon", "Francis Bach" ],
      "venue" : "Curran Associates, Inc.,",
      "citeRegEx" : "Chizat et al\\.,? \\Q2019\\E",
      "shortCiteRegEx" : "Chizat et al\\.",
      "year" : 2019
    }, {
      "title" : "Kernel methods for deep learning",
      "author" : [ "Youngmin Cho" ],
      "venue" : "University of California, San Diego,",
      "citeRegEx" : "Cho.,? \\Q2012\\E",
      "shortCiteRegEx" : "Cho.",
      "year" : 2012
    }, {
      "title" : "Word representations concentrate and this is good news",
      "author" : [ "Couillet", "Cinar Romain", "Gaussier Y", "Imran M. E" ],
      "venue" : "In Proceedings of the 24th Conference on Computational Natural Language Learning,",
      "citeRegEx" : "Couillet et al\\.,? \\Q2020\\E",
      "shortCiteRegEx" : "Couillet et al\\.",
      "year" : 2020
    }, {
      "title" : "Kernel spectral clustering of large dimensional data",
      "author" : [ "Romain Couillet", "Florent Benaych-Georges" ],
      "venue" : "Electronic Journal of Statistics,",
      "citeRegEx" : "Couillet and Benaych.Georges,? \\Q2016\\E",
      "shortCiteRegEx" : "Couillet and Benaych.Georges",
      "year" : 2016
    }, {
      "title" : "Classification asymptotics in the random matrix regime",
      "author" : [ "Romain Couillet", "Zhenyu Liao", "Xiaoyi Mai" ],
      "venue" : "In 2018 26th European Signal Processing Conference (EUSIPCO),",
      "citeRegEx" : "Couillet et al\\.,? \\Q2018\\E",
      "shortCiteRegEx" : "Couillet et al\\.",
      "year" : 2018
    }, {
      "title" : "Two-way kernel matrix puncturing: towards resource-efficient pca and spectral clustering",
      "author" : [ "Romain Couillet", "Florent Chatelain", "Nicolas Le Bihan" ],
      "venue" : "arXiv preprint arXiv:2102.12293,",
      "citeRegEx" : "Couillet et al\\.,? \\Q2021\\E",
      "shortCiteRegEx" : "Couillet et al\\.",
      "year" : 2021
    }, {
      "title" : "Imagenet: A large-scale hierarchical image database",
      "author" : [ "Jia Deng", "Wei Dong", "Richard Socher", "Li-Jia Li", "Kai Li", "Li Fei-Fei" ],
      "venue" : "IEEE conference on computer vision and pattern recognition,",
      "citeRegEx" : "Deng et al\\.,? \\Q2009\\E",
      "shortCiteRegEx" : "Deng et al\\.",
      "year" : 2009
    }, {
      "title" : "Exact expressions for double descent and implicit regularization via surrogate random design",
      "author" : [ "Michal Derezinski", "Feynman T Liang", "Michael W Mahoney" ],
      "venue" : "In Advances in Neural Information Processing Systems,",
      "citeRegEx" : "Derezinski et al\\.,? \\Q2020\\E",
      "shortCiteRegEx" : "Derezinski et al\\.",
      "year" : 2020
    }, {
      "title" : "Gradient descent finds global minima of deep neural networks",
      "author" : [ "Simon Du", "Jason Lee", "Haochuan Li", "Liwei Wang", "Xiyu Zhai" ],
      "venue" : "In International Conference on Machine Learning,",
      "citeRegEx" : "Du et al\\.,? \\Q2019\\E",
      "shortCiteRegEx" : "Du et al\\.",
      "year" : 2019
    }, {
      "title" : "Spectra of the conjugate kernel and neural tangent kernel for linearwidth neural networks",
      "author" : [ "Zhou Fan", "Zhichao Wang" ],
      "venue" : "arXiv preprint arXiv:2005.11879,",
      "citeRegEx" : "Fan and Wang.,? \\Q2020\\E",
      "shortCiteRegEx" : "Fan and Wang.",
      "year" : 2020
    }, {
      "title" : "Introduction to the Theory of Distributions",
      "author" : [ "Friedrich Gerard Friedlander", "G Friedlander", "Mark Suresh Joshi", "M Joshi", "Mohan C Joshi" ],
      "venue" : null,
      "citeRegEx" : "Friedlander et al\\.,? \\Q1998\\E",
      "shortCiteRegEx" : "Friedlander et al\\.",
      "year" : 1998
    }, {
      "title" : "Improved approximation algorithms for maximum cut and satisfiability problems using semidefinite programming",
      "author" : [ "Michel X Goemans", "David P Williamson" ],
      "venue" : "Journal of the ACM (JACM),",
      "citeRegEx" : "Goemans and Williamson.,? \\Q1995\\E",
      "shortCiteRegEx" : "Goemans and Williamson.",
      "year" : 1995
    }, {
      "title" : "Compressing deep convolutional networks using vector quantization",
      "author" : [ "Yunchao Gong", "Liu Liu", "Ming Yang", "Lubomir Bourdev" ],
      "venue" : "arXiv preprint arXiv:1412.6115,",
      "citeRegEx" : "Gong et al\\.,? \\Q2014\\E",
      "shortCiteRegEx" : "Gong et al\\.",
      "year" : 2014
    }, {
      "title" : "Deep learning with limited numerical precision",
      "author" : [ "Suyog Gupta", "Ankur Agrawal", "Kailash Gopalakrishnan", "Pritish Narayanan" ],
      "venue" : "In International conference on machine learning,",
      "citeRegEx" : "Gupta et al\\.,? \\Q2015\\E",
      "shortCiteRegEx" : "Gupta et al\\.",
      "year" : 2015
    }, {
      "title" : "Deep compression: Compressing deep neural networks with pruning, trained quantization and huffman coding",
      "author" : [ "Song Han", "Huizi Mao", "William J Dally" ],
      "venue" : "arXiv preprint arXiv:1510.00149,",
      "citeRegEx" : "Han et al\\.,? \\Q2015\\E",
      "shortCiteRegEx" : "Han et al\\.",
      "year" : 2015
    }, {
      "title" : "Learning both Weights and Connections for Efficient Neural Network. In Advances in Neural Information Processing Systems, volume 28 of NIPS’15",
      "author" : [ "Song Han", "Jeff Pool", "John Tran", "William Dally" ],
      "venue" : "Curran Associates, Inc.,",
      "citeRegEx" : "Han et al\\.,? \\Q2015\\E",
      "shortCiteRegEx" : "Han et al\\.",
      "year" : 2015
    }, {
      "title" : "Binarized Neural Networks",
      "author" : [ "Itay Hubara", "Matthieu Courbariaux", "Daniel Soudry", "Ran El-Yaniv", "Yoshua Bengio" ],
      "venue" : "In Advances in Neural Information Processing Systems, volume 29 of NIPS‘16,",
      "citeRegEx" : "Hubara et al\\.,? \\Q2016\\E",
      "shortCiteRegEx" : "Hubara et al\\.",
      "year" : 2016
    }, {
      "title" : "Batch normalization: Accelerating deep network training by reducing internal covariate shift",
      "author" : [ "Sergey Ioffe", "Christian Szegedy" ],
      "venue" : "In International conference on machine learning,",
      "citeRegEx" : "Ioffe and Szegedy.,? \\Q2015\\E",
      "shortCiteRegEx" : "Ioffe and Szegedy.",
      "year" : 2015
    }, {
      "title" : "Neural tangent kernel: Convergence and generalization in neural networks",
      "author" : [ "Arthur Jacot", "Franck Gabriel", "Clément Hongler" ],
      "venue" : "arXiv preprint arXiv:1806.07572,",
      "citeRegEx" : "Jacot et al\\.,? \\Q2018\\E",
      "shortCiteRegEx" : "Jacot et al\\.",
      "year" : 2018
    }, {
      "title" : "Implicit regularization of random feature models",
      "author" : [ "Arthur Jacot", "Berfin Simsek", "Francesco Spadaro", "Clement Hongler", "Franck Gabriel" ],
      "venue" : "In Proceedings of the 37th International Conference on Machine Learning,",
      "citeRegEx" : "Jacot et al\\.,? \\Q2020\\E",
      "shortCiteRegEx" : "Jacot et al\\.",
      "year" : 2020
    }, {
      "title" : "ISBN 9780803909403",
      "author" : [ "Kruskal Joseph", "Wish Myron. Multidimensional Scaling." ],
      "venue" : "doi: 10.4135/9781412985130. URL https://methods.sagepub.com/book/ multidimensional-scaling.",
      "citeRegEx" : "Joseph and Scaling.,? 1978",
      "shortCiteRegEx" : "Joseph and Scaling.",
      "year" : 1978
    }, {
      "title" : "Learning multiple layers of features from tiny images",
      "author" : [ "Alex Krizhevsky", "Geoffrey Hinton" ],
      "venue" : null,
      "citeRegEx" : "Krizhevsky and Hinton,? \\Q2009\\E",
      "shortCiteRegEx" : "Krizhevsky and Hinton",
      "year" : 2009
    }, {
      "title" : "Kernel and nonlinear canonical correlation analysis",
      "author" : [ "Pei Ling Lai", "Colin Fyfe" ],
      "venue" : "International Journal of Neural Systems,",
      "citeRegEx" : "Lai and Fyfe.,? \\Q2000\\E",
      "shortCiteRegEx" : "Lai and Fyfe.",
      "year" : 2000
    }, {
      "title" : "Gradient-based learning applied to document recognition",
      "author" : [ "Yann LeCun", "Leon Bottou", "Yoshua Bengio", "Patrick Haffner" ],
      "venue" : "Proceedings of the IEEE,",
      "citeRegEx" : "LeCun et al\\.,? \\Q1998\\E",
      "shortCiteRegEx" : "LeCun et al\\.",
      "year" : 1998
    }, {
      "title" : "Deep neural networks as gaussian processes",
      "author" : [ "Jaehoon Lee", "Yasaman Bahri", "Roman Novak", "Samuel S Schoenholz", "Jeffrey Pennington", "Jascha Sohl-Dickstein" ],
      "venue" : "arXiv preprint arXiv:1711.00165,",
      "citeRegEx" : "Lee et al\\.,? \\Q2017\\E",
      "shortCiteRegEx" : "Lee et al\\.",
      "year" : 2017
    }, {
      "title" : "Wide neural networks of any depth evolve as linear models under gradient descent",
      "author" : [ "Jaehoon Lee", "Lechao Xiao", "Samuel S Schoenholz", "Yasaman Bahri", "Roman Novak", "Jascha SohlDickstein", "Jeffrey Pennington" ],
      "venue" : null,
      "citeRegEx" : "Lee et al\\.,? \\Q1902\\E",
      "shortCiteRegEx" : "Lee et al\\.",
      "year" : 1902
    }, {
      "title" : "Simple strategies for recovering inner products from coarsely quantized random projections",
      "author" : [ "Ping Li", "Martin Slawski" ],
      "venue" : "Advances in Neural Information Processing Systems,",
      "citeRegEx" : "Li and Slawski.,? \\Q2017\\E",
      "shortCiteRegEx" : "Li and Slawski.",
      "year" : 2017
    }, {
      "title" : "Random projections with asymmetric quantization",
      "author" : [ "Xiaoyun Li", "Ping Li" ],
      "venue" : "Advances in Neural Information Processing Systems,",
      "citeRegEx" : "Li and Li.,? \\Q2019\\E",
      "shortCiteRegEx" : "Li and Li.",
      "year" : 2019
    }, {
      "title" : "Quantization algorithms for random fourier features",
      "author" : [ "Xiaoyun Li", "Ping Li" ],
      "venue" : "arXiv preprint arXiv:2102.13079,",
      "citeRegEx" : "Li and Li.,? \\Q2021\\E",
      "shortCiteRegEx" : "Li and Li.",
      "year" : 2021
    }, {
      "title" : "Towards a unified analysis of random fourier features",
      "author" : [ "Zhu Li", "Jean-Francois Ton", "Dino Oglic", "Dino Sejdinovic" ],
      "venue" : "Journal of Machine Learning Research,",
      "citeRegEx" : "Li et al\\.,? \\Q2021\\E",
      "shortCiteRegEx" : "Li et al\\.",
      "year" : 2021
    }, {
      "title" : "The dynamics of learning: A random matrix approach",
      "author" : [ "Zhenyu Liao", "Romain Couillet" ],
      "venue" : "In International Conference on Machine Learning,",
      "citeRegEx" : "Liao and Couillet.,? \\Q2018\\E",
      "shortCiteRegEx" : "Liao and Couillet.",
      "year" : 2018
    }, {
      "title" : "On the spectrum of random features maps of high dimensional data",
      "author" : [ "Zhenyu Liao", "Romain Couillet" ],
      "venue" : "In International Conference on Machine Learning,",
      "citeRegEx" : "Liao and Couillet.,? \\Q2018\\E",
      "shortCiteRegEx" : "Liao and Couillet.",
      "year" : 2018
    }, {
      "title" : "Inner-product Kernels are Asymptotically Equivalent to Binary Discrete Kernels. arXiv, 2019",
      "author" : [ "Zhenyu Liao", "Romain Couillet" ],
      "venue" : "URL https://arxiv.org/abs/1909.06788",
      "citeRegEx" : "Liao and Couillet.,? \\Q1909\\E",
      "shortCiteRegEx" : "Liao and Couillet.",
      "year" : 1909
    }, {
      "title" : "A random matrix analysis of random fourier features: beyond the gaussian kernel, a precise phase transition, and the corresponding double descent",
      "author" : [ "Zhenyu Liao", "Romain Couillet", "Michael W Mahoney" ],
      "venue" : null,
      "citeRegEx" : "Liao et al\\.,? \\Q2020\\E",
      "shortCiteRegEx" : "Liao et al\\.",
      "year" : 2020
    }, {
      "title" : "Sparse quantized spectral clustering",
      "author" : [ "Zhenyu Liao", "Romain Couillet", "Michael W. Mahoney" ],
      "venue" : "In International Conference on Learning Representations,",
      "citeRegEx" : "Liao et al\\.,? \\Q2021\\E",
      "shortCiteRegEx" : "Liao et al\\.",
      "year" : 2021
    }, {
      "title" : "Neural networks with few multiplications",
      "author" : [ "Zhouhan Lin", "Matthieu Courbariaux", "Roland Memisevic", "Yoshua Bengio" ],
      "venue" : "arXiv preprint arXiv:1510.03009,",
      "citeRegEx" : "Lin et al\\.,? \\Q2015\\E",
      "shortCiteRegEx" : "Lin et al\\.",
      "year" : 2015
    }, {
      "title" : "Sparse convolutional neural networks",
      "author" : [ "Baoyuan Liu", "Min Wang", "Hassan Foroosh", "Marshall Tappen", "Marianna Pensky" ],
      "venue" : "In Proceedings of the IEEE conference on computer vision and pattern recognition,",
      "citeRegEx" : "Liu et al\\.,? \\Q2015\\E",
      "shortCiteRegEx" : "Liu et al\\.",
      "year" : 2015
    }, {
      "title" : "Random Features for Kernel Approximation: A Survey on Algorithms, Theory, and Beyond",
      "author" : [ "Fanghui Liu", "Xiaolin Huang", "Yudong Chen", "Johan A.K. Suykens" ],
      "venue" : "IEEE Transactions on Pattern Analysis and Machine Intelligence,",
      "citeRegEx" : "Liu et al\\.,? \\Q2021\\E",
      "shortCiteRegEx" : "Liu et al\\.",
      "year" : 2021
    }, {
      "title" : "Kernel regression in high dimensions: Refined analysis beyond double descent",
      "author" : [ "Fanghui Liu", "Zhenyu Liao", "Johan Suykens" ],
      "venue" : "In Proceedings of The 24th International Conference on Artificial Intelligence and Statistics,",
      "citeRegEx" : "Liu et al\\.,? \\Q2021\\E",
      "shortCiteRegEx" : "Liu et al\\.",
      "year" : 2021
    }, {
      "title" : "Concentration of measure and large random matrices with an application to sample covariance matrices",
      "author" : [ "Cosme Louart", "Romain Couillet" ],
      "venue" : "arXiv preprint arXiv:1805.08295,",
      "citeRegEx" : "Louart and Couillet.,? \\Q2018\\E",
      "shortCiteRegEx" : "Louart and Couillet.",
      "year" : 2018
    }, {
      "title" : "A random matrix approach to neural networks",
      "author" : [ "Cosme Louart", "Zhenyu Liao", "Romain Couillet" ],
      "venue" : "The Annals of Applied Probability,",
      "citeRegEx" : "Louart et al\\.,? \\Q2018\\E",
      "shortCiteRegEx" : "Louart et al\\.",
      "year" : 2018
    }, {
      "title" : "Spherical structured feature maps for kernel approximation",
      "author" : [ "Yueming Lyu" ],
      "venue" : "In International Conference on Machine Learning,",
      "citeRegEx" : "Lyu.,? \\Q2017\\E",
      "shortCiteRegEx" : "Lyu.",
      "year" : 2017
    }, {
      "title" : "Implicit self-regularization in deep neural networks: Evidence from random matrix theory and implications for learning",
      "author" : [ "Charles H Martin", "Michael W Mahoney" ],
      "venue" : "arXiv preprint arXiv:1810.01075,",
      "citeRegEx" : "Martin and Mahoney.,? \\Q2018\\E",
      "shortCiteRegEx" : "Martin and Mahoney.",
      "year" : 2018
    }, {
      "title" : "Traditional and heavy-tailed self regularization in neural network models",
      "author" : [ "Charles H Martin", "Michael W Mahoney" ],
      "venue" : "arXiv preprint arXiv:1901.08276,",
      "citeRegEx" : "Martin and Mahoney.,? \\Q2019\\E",
      "shortCiteRegEx" : "Martin and Mahoney.",
      "year" : 2019
    }, {
      "title" : "Gaussian process behaviour in wide deep neural networks",
      "author" : [ "Alexander G de G Matthews", "Mark Rowland", "Jiri Hron", "Richard E Turner", "Zoubin Ghahramani" ],
      "venue" : "arXiv preprint arXiv:1804.11271,",
      "citeRegEx" : "Matthews et al\\.,? \\Q2018\\E",
      "shortCiteRegEx" : "Matthews et al\\.",
      "year" : 2018
    }, {
      "title" : "The generalization error of random features regression: Precise asymptotics and double descent curve",
      "author" : [ "Song Mei", "Andrea Montanari" ],
      "venue" : null,
      "citeRegEx" : "Mei and Montanari.,? \\Q1908\\E",
      "shortCiteRegEx" : "Mei and Montanari.",
      "year" : 1908
    }, {
      "title" : "Priors for infinite networks. In Bayesian Learning for Neural Networks, pp. 29–53",
      "author" : [ "Radford M Neal" ],
      "venue" : null,
      "citeRegEx" : "Neal.,? \\Q1996\\E",
      "shortCiteRegEx" : "Neal.",
      "year" : 1996
    }, {
      "title" : "Bayesian deep convolutional networks with many channels are gaussian processes",
      "author" : [ "Roman Novak", "Lechao Xiao", "Jaehoon Lee", "Yasaman Bahri", "Greg Yang", "Jiri Hron", "Daniel A Abolafia", "Jeffrey Pennington", "Jascha Sohl-Dickstein" ],
      "venue" : "arXiv preprint arXiv:1810.05148,",
      "citeRegEx" : "Novak et al\\.,? \\Q2018\\E",
      "shortCiteRegEx" : "Novak et al\\.",
      "year" : 2018
    }, {
      "title" : "On random matrices arising in deep neural networks. gaussian case",
      "author" : [ "Leonid Pastur" ],
      "venue" : "arXiv preprint arXiv:2001.06188,",
      "citeRegEx" : "Pastur.,? \\Q2020\\E",
      "shortCiteRegEx" : "Pastur.",
      "year" : 2020
    }, {
      "title" : "Nonlinear random matrix theory for deep learning",
      "author" : [ "Jeffrey Pennington", "Pratik Worah" ],
      "venue" : null,
      "citeRegEx" : "Pennington and Worah.,? \\Q2017\\E",
      "shortCiteRegEx" : "Pennington and Worah.",
      "year" : 2017
    }, {
      "title" : "Binary neural networks: A survey",
      "author" : [ "Haotong Qin", "Ruihao Gong", "Xianglong Liu", "Xiao Bai", "Jingkuan Song", "Nicu Sebe" ],
      "venue" : "Pattern Recognition,",
      "citeRegEx" : "Qin et al\\.,? \\Q2020\\E",
      "shortCiteRegEx" : "Qin et al\\.",
      "year" : 2020
    }, {
      "title" : "Random Features for Large-Scale Kernel Machines. In Advances in Neural Information Processing Systems, volume 20 of NIPS‘08, pp. 1177–1184",
      "author" : [ "Ali Rahimi", "Benjamin Recht" ],
      "venue" : "Curran Associates, Inc.,",
      "citeRegEx" : "Rahimi and Recht.,? \\Q2008\\E",
      "shortCiteRegEx" : "Rahimi and Recht.",
      "year" : 2008
    }, {
      "title" : "Nonlinear Component Analysis as a Kernel Eigenvalue Problem",
      "author" : [ "Bernhard Schlkopf", "Alexander Smola", "Klaus-Robert Mller" ],
      "venue" : "Neural Computation,",
      "citeRegEx" : "Schlkopf et al\\.,? \\Q1998\\E",
      "shortCiteRegEx" : "Schlkopf et al\\.",
      "year" : 1998
    }, {
      "title" : "Kernel principal component analysis",
      "author" : [ "Bernhard Schölkopf", "Alexander Smola", "Klaus-Robert Müller" ],
      "venue" : "In International conference on artificial neural networks,",
      "citeRegEx" : "Schölkopf et al\\.,? \\Q1997\\E",
      "shortCiteRegEx" : "Schölkopf et al\\.",
      "year" : 1997
    }, {
      "title" : "Learning with Kernels: Support Vector Machines, Regularization, Optimization, and Beyond",
      "author" : [ "Bernhard Schölkopf", "Alexander J. Smola" ],
      "venue" : null,
      "citeRegEx" : "Schölkopf and Smola.,? \\Q2622\\E",
      "shortCiteRegEx" : "Schölkopf and Smola.",
      "year" : 2622
    }, {
      "title" : "A kernel random matrixbased approach for sparse pca",
      "author" : [ "Mohamed El Amine Seddik", "Mohamed Tamaazousti", "Romain Couillet" ],
      "venue" : "In International Conference on Learning Representations (ICLR),",
      "citeRegEx" : "Seddik et al\\.,? \\Q2019\\E",
      "shortCiteRegEx" : "Seddik et al\\.",
      "year" : 2019
    }, {
      "title" : "Random matrix theory proves that deep learning representations of gan-data behave as gaussian mixtures",
      "author" : [ "Mohamed El Amine Seddik", "Cosme Louart", "Mohamed Tamaazousti", "Romain Couillet" ],
      "venue" : "In International Conference on Machine Learning,",
      "citeRegEx" : "Seddik et al\\.,? \\Q2020\\E",
      "shortCiteRegEx" : "Seddik et al\\.",
      "year" : 2020
    }, {
      "title" : "Functional Analysis, Introduction to Further Topics in Analysis",
      "author" : [ "Elias M Stein", "Rami Shakarchi" ],
      "venue" : null,
      "citeRegEx" : "Stein and Shakarchi.,? \\Q2012\\E",
      "shortCiteRegEx" : "Stein and Shakarchi.",
      "year" : 2012
    }, {
      "title" : "A tutorial on spectral clustering",
      "author" : [ "Ulrike Von Luxburg" ],
      "venue" : "Statistics and computing,",
      "citeRegEx" : "Luxburg.,? \\Q2007\\E",
      "shortCiteRegEx" : "Luxburg.",
      "year" : 2007
    }, {
      "title" : "Kernel ridge regression",
      "author" : [ "Vladimir Vovk" ],
      "venue" : "In Empirical inference,",
      "citeRegEx" : "Vovk.,? \\Q2013\\E",
      "shortCiteRegEx" : "Vovk.",
      "year" : 2013
    }, {
      "title" : "Using the nyström method to speed up kernel machines",
      "author" : [ "Christopher Williams", "Matthias Seeger" ],
      "venue" : "In Proceedings of the 14th annual conference on neural information processing systems, number CONF,",
      "citeRegEx" : "Williams and Seeger.,? \\Q2001\\E",
      "shortCiteRegEx" : "Williams and Seeger.",
      "year" : 2001
    }, {
      "title" : "Computing with infinite networks. Advances in neural information processing systems, pp",
      "author" : [ "Christopher KI Williams" ],
      "venue" : null,
      "citeRegEx" : "Williams.,? \\Q1997\\E",
      "shortCiteRegEx" : "Williams.",
      "year" : 1997
    }, {
      "title" : "Orthogonal random features",
      "author" : [ "Felix Xinnan X Yu", "Ananda Theertha Suresh", "Krzysztof M Choromanski", "Daniel N Holtmann-Rice", "Sanjiv Kumar" ],
      "venue" : "Advances in neural information processing systems,",
      "citeRegEx" : "Yu et al\\.,? \\Q2016\\E",
      "shortCiteRegEx" : "Yu et al\\.",
      "year" : 2016
    }, {
      "title" : "Low-precision random fourier features for memory-constrained kernel approximation",
      "author" : [ "Jian Zhang", "Avner May", "Tri Dao", "Christopher Ré" ],
      "venue" : "In The 22nd International Conference on Artificial Intelligence and Statistics,",
      "citeRegEx" : "Zhang et al\\.,? \\Q2019\\E",
      "shortCiteRegEx" : "Zhang et al\\.",
      "year" : 2019
    }, {
      "title" : "Trained ternary quantization",
      "author" : [ "Chenzhuo Zhu", "Song Han", "Huizi Mao", "William J Dally" ],
      "venue" : "arXiv preprint arXiv:1612.01064,",
      "citeRegEx" : "Zhu et al\\.,? \\Q2016\\E",
      "shortCiteRegEx" : "Zhu et al\\.",
      "year" : 2016
    } ],
    "referenceMentions" : [ {
      "referenceID" : 62,
      "context" : "This allows practitioners to apply them, with a large saving in both time and space, to various kernel-based downstream tasks such as kernel spectral clustering (Von Luxburg, 2007), kernel principal component analysis (Schölkopf et al., 1997), kernel canonical correlation analysis (Lai & Fyfe, 2000), kernel ridge regression (Vovk, 2013), to name a few.",
      "startOffset" : 218,
      "endOffset" : 242
    }, {
      "referenceID" : 68,
      "context" : ", 1997), kernel canonical correlation analysis (Lai & Fyfe, 2000), kernel ridge regression (Vovk, 2013), to name a few.",
      "startOffset" : 91,
      "endOffset" : 103
    }, {
      "referenceID" : 10,
      "context" : "Laplacian kernel for Cauchy distributed w with the same choice of σ) (Rahimi & Recht, 2008); for σ(x) = max(x, 0), one approximates the first order Arc-cosine kernel; and the zeroth order Arc-cosine kernel (Cho, 2012) with σ(x) = (1 + sign(x))/2, etc.",
      "startOffset" : 206,
      "endOffset" : 217
    }, {
      "referenceID" : 27,
      "context" : "Perhaps more surprisingly, this connection still exists for deep neural networks which are (i) randomly initialized and (ii) trained with gradient descent, as testified by the recent works on neural tangent kernels (Jacot et al., 2018), by considering the “infinitely many neurons” limit, that is, the limit where the network widths of all layers go to infinity simultaneously.",
      "startOffset" : 215,
      "endOffset" : 235
    }, {
      "referenceID" : 17,
      "context" : "This close connection between neural networks and kernels has triggered a renewed interest for the theoretical investigation of deep neural networks from various perspectives, including optimization (Du et al., 2019; Chizat et al., 2019), generalization (Allen-Zhu et al.",
      "startOffset" : 199,
      "endOffset" : 237
    }, {
      "referenceID" : 9,
      "context" : "This close connection between neural networks and kernels has triggered a renewed interest for the theoretical investigation of deep neural networks from various perspectives, including optimization (Du et al., 2019; Chizat et al., 2019), generalization (Allen-Zhu et al.",
      "startOffset" : 199,
      "endOffset" : 237
    }, {
      "referenceID" : 2,
      "context" : ", 2019), generalization (Allen-Zhu et al., 2018; Arora et al., 2019; Bietti & Mairal, 2019), and learning dynamics (Lee et al.",
      "startOffset" : 24,
      "endOffset" : 91
    }, {
      "referenceID" : 3,
      "context" : ", 2019), generalization (Allen-Zhu et al., 2018; Arora et al., 2019; Bietti & Mairal, 2019), and learning dynamics (Lee et al.",
      "startOffset" : 24,
      "endOffset" : 91
    }, {
      "referenceID" : 0,
      "context" : ", 2019; Bietti & Mairal, 2019), and learning dynamics (Lee et al., 2019; Advani et al., 2020; Liao & Couillet, 2018a).",
      "startOffset" : 54,
      "endOffset" : 117
    }, {
      "referenceID" : 25,
      "context" : "Given the urgent need for environmentally-friendly, but still efficient, neural networks such as binary neural networks (Hubara et al., 2016; Lin et al., 2015; Zhu et al., 2016; Qin et al., 2020; Hubara et al., 2016), pruned neural networks (Liu et al.",
      "startOffset" : 120,
      "endOffset" : 216
    }, {
      "referenceID" : 44,
      "context" : "Given the urgent need for environmentally-friendly, but still efficient, neural networks such as binary neural networks (Hubara et al., 2016; Lin et al., 2015; Zhu et al., 2016; Qin et al., 2020; Hubara et al., 2016), pruned neural networks (Liu et al.",
      "startOffset" : 120,
      "endOffset" : 216
    }, {
      "referenceID" : 73,
      "context" : "Given the urgent need for environmentally-friendly, but still efficient, neural networks such as binary neural networks (Hubara et al., 2016; Lin et al., 2015; Zhu et al., 2016; Qin et al., 2020; Hubara et al., 2016), pruned neural networks (Liu et al.",
      "startOffset" : 120,
      "endOffset" : 216
    }, {
      "referenceID" : 59,
      "context" : "Given the urgent need for environmentally-friendly, but still efficient, neural networks such as binary neural networks (Hubara et al., 2016; Lin et al., 2015; Zhu et al., 2016; Qin et al., 2020; Hubara et al., 2016), pruned neural networks (Liu et al.",
      "startOffset" : 120,
      "endOffset" : 216
    }, {
      "referenceID" : 25,
      "context" : "Given the urgent need for environmentally-friendly, but still efficient, neural networks such as binary neural networks (Hubara et al., 2016; Lin et al., 2015; Zhu et al., 2016; Qin et al., 2020; Hubara et al., 2016), pruned neural networks (Liu et al.",
      "startOffset" : 120,
      "endOffset" : 216
    }, {
      "referenceID" : 22,
      "context" : ", 2015a;b), weights-quantized neural networks (Gupta et al., 2015; Gong et al., 2014), we hope that our analysis will open a new door to a random matrix-improved framework of computationally efficient methods for machine learning and neural network models more generally.",
      "startOffset" : 46,
      "endOffset" : 85
    }, {
      "referenceID" : 21,
      "context" : ", 2015a;b), weights-quantized neural networks (Gupta et al., 2015; Gong et al., 2014), we hope that our analysis will open a new door to a random matrix-improved framework of computationally efficient methods for machine learning and neural network models more generally.",
      "startOffset" : 46,
      "endOffset" : 85
    }, {
      "referenceID" : 61,
      "context" : "Left- and right-multiplying the kernel matrices by P is equivalent to centering the data in the kernel feature space, which is a common practice in kernel learning and plays a crucial role in multidimensional scaling (Joseph & Myron, 1978) and kernel PCA (Schlkopf et al., 1998).",
      "startOffset" : 255,
      "endOffset" : 278
    }, {
      "referenceID" : 72,
      "context" : "10(4)}, with LP-RFF (8-bit and 1-bit, in black) (Zhang et al., 2019), Nyström approximation (32 bits in red, 16 bits in green) (Williams & Seeger, 2001), versus the proposed TRF approach (in blue), on the two-class Cov-Type dataset from UCI ML repo, with n = 418 000 training samples, ntest = 116 000 test samples, and data dimension p = 54.",
      "startOffset" : 48,
      "endOffset" : 68
    }, {
      "referenceID" : 55,
      "context" : "Since (deep) modern neural networks are routinely trained with random initialization, random features method is also considered a stylish model to analyze neural networks (Neal, 1996; Williams, 1997; Novak et al., 2018; Matthews et al., 2018; Lee et al., 2017; Louart et al., 2018).",
      "startOffset" : 171,
      "endOffset" : 281
    }, {
      "referenceID" : 70,
      "context" : "Since (deep) modern neural networks are routinely trained with random initialization, random features method is also considered a stylish model to analyze neural networks (Neal, 1996; Williams, 1997; Novak et al., 2018; Matthews et al., 2018; Lee et al., 2017; Louart et al., 2018).",
      "startOffset" : 171,
      "endOffset" : 281
    }, {
      "referenceID" : 56,
      "context" : "Since (deep) modern neural networks are routinely trained with random initialization, random features method is also considered a stylish model to analyze neural networks (Neal, 1996; Williams, 1997; Novak et al., 2018; Matthews et al., 2018; Lee et al., 2017; Louart et al., 2018).",
      "startOffset" : 171,
      "endOffset" : 281
    }, {
      "referenceID" : 53,
      "context" : "Since (deep) modern neural networks are routinely trained with random initialization, random features method is also considered a stylish model to analyze neural networks (Neal, 1996; Williams, 1997; Novak et al., 2018; Matthews et al., 2018; Lee et al., 2017; Louart et al., 2018).",
      "startOffset" : 171,
      "endOffset" : 281
    }, {
      "referenceID" : 33,
      "context" : "Since (deep) modern neural networks are routinely trained with random initialization, random features method is also considered a stylish model to analyze neural networks (Neal, 1996; Williams, 1997; Novak et al., 2018; Matthews et al., 2018; Lee et al., 2017; Louart et al., 2018).",
      "startOffset" : 171,
      "endOffset" : 281
    }, {
      "referenceID" : 49,
      "context" : "Since (deep) modern neural networks are routinely trained with random initialization, random features method is also considered a stylish model to analyze neural networks (Neal, 1996; Williams, 1997; Novak et al., 2018; Matthews et al., 2018; Lee et al., 2017; Louart et al., 2018).",
      "startOffset" : 171,
      "endOffset" : 281
    }, {
      "referenceID" : 0,
      "context" : "In particular, by focusing on the large n,m regime, the analysis of such models led to the so-called double descent theory (Advani et al., 2020; Mei & Montanari, 2019; Liao et al., 2020) for neural nets.",
      "startOffset" : 123,
      "endOffset" : 186
    }, {
      "referenceID" : 42,
      "context" : "In particular, by focusing on the large n,m regime, the analysis of such models led to the so-called double descent theory (Advani et al., 2020; Mei & Montanari, 2019; Liao et al., 2020) for neural nets.",
      "startOffset" : 123,
      "endOffset" : 186
    }, {
      "referenceID" : 49,
      "context" : "This result was then generalized to a broader class of data distributions (Louart et al., 2018) and to a multi-layer scenario (Benigni & Péché, 2019; Pastur, 2020).",
      "startOffset" : 74,
      "endOffset" : 95
    }, {
      "referenceID" : 57,
      "context" : ", 2018) and to a multi-layer scenario (Benigni & Péché, 2019; Pastur, 2020).",
      "startOffset" : 38,
      "endOffset" : 75
    }, {
      "referenceID" : 65,
      "context" : ", to the so-called concentrated random vector family (Seddik et al., 2020; Louart & Couillet, 2018), under similar non triviality assumptions.",
      "startOffset" : 53,
      "endOffset" : 99
    }, {
      "referenceID" : 28,
      "context" : "(3)This can be seen as another manifestation of the implicit regularization in high-dimensional kernel and random features (Jacot et al., 2020; Derezinski et al., 2020; Liu et al., 2021b).",
      "startOffset" : 123,
      "endOffset" : 187
    }, {
      "referenceID" : 16,
      "context" : "(3)This can be seen as another manifestation of the implicit regularization in high-dimensional kernel and random features (Jacot et al., 2020; Derezinski et al., 2020; Liu et al., 2021b).",
      "startOffset" : 123,
      "endOffset" : 187
    }, {
      "referenceID" : 32,
      "context" : "In the following section, we provide empirical results showing that (i) this “performance match” between TRFs and random features of the form (1) is not limited to Gaussian data and empirically holds when applied on popular real-world datasets such as MNIST (LeCun et al., 1998), some UCI ML datasets, as well as DNNfeatures of CIFAR10 data in Section A.",
      "startOffset" : 258,
      "endOffset" : 278
    }, {
      "referenceID" : 72,
      "context" : "We follow the same protocol as in (Zhang et al., 2019) and use SGD with mini-batch size 250 in training logistic regressor and {1, 8} bits precision for the LP-RFF approach.",
      "startOffset" : 34,
      "endOffset" : 54
    }, {
      "referenceID" : 72,
      "context" : "logistic regression test accuracy as a function of the total memory budget for LP-RFF (1 bit and 8 bits) and the Nyström approximation of Gaussian kernel matrices (using 32 and 16 bits) (Williams & Seeger, 2001) (see also Table 1 in (Zhang et al., 2019)), versus the proposed TRFs approach.",
      "startOffset" : 233,
      "endOffset" : 253
    }, {
      "referenceID" : 72,
      "context" : "10(4)}, using LP-RFF (Zhang et al., 2019), Nyström approximation (Williams & Seeger, 2001), versus the proposed TRF approach, on the Census dataset, with n = 16 000 training samples, ntest = 2 000 test samples, and data dimension p = 119.",
      "startOffset" : 21,
      "endOffset" : 41
    }, {
      "referenceID" : 14,
      "context" : "Our article comes along with (Couillet et al., 2021) as first steps in re-designing machine learning algorithms using Random Matrix Theory, in order to be able to perform computations on massive data using desktop computers instead of relying on energy consuming giant servers.",
      "startOffset" : 29,
      "endOffset" : 52
    }, {
      "referenceID" : 65,
      "context" : ", to the so-called concentrated random vector family (Seddik et al., 2020), under similar non triviality assumptions.",
      "startOffset" : 53,
      "endOffset" : 74
    }, {
      "referenceID" : 65,
      "context" : "Among the broad family of concentrated random vectors, it has been particularly shown in (Seddik et al., 2020) that artificial images generated by a Generative Adversarial Network (GAN) (Seddik et al.",
      "startOffset" : 89,
      "endOffset" : 110
    }, {
      "referenceID" : 65,
      "context" : ", 2020) that artificial images generated by a Generative Adversarial Network (GAN) (Seddik et al., 2020), which look extremely close to real-world images (as they are designed to), are Lipshitz transformations of Gaussian vectors and can thus be, by definition, concentrated random vectors.",
      "startOffset" : 83,
      "endOffset" : 104
    }, {
      "referenceID" : 64,
      "context" : "The same was shown experimentally for CNN representations of real images (Seddik et al., 2019; 2020) as well as words embeddings in Natural Language Processing (Couillet et al.",
      "startOffset" : 73,
      "endOffset" : 100
    }, {
      "referenceID" : 38,
      "context" : ", data dependent random features approaches such as leverage score based methods (Li et al., 2021).",
      "startOffset" : 81,
      "endOffset" : 98
    }, {
      "referenceID" : 19,
      "context" : "For those functions, we will use a derivative in the sense of distributions (Friedlander et al., 1998).",
      "startOffset" : 76,
      "endOffset" : 102
    }, {
      "referenceID" : 43,
      "context" : "After calculation similar to (Liao & Couillet, 2019, Section 4) and (Liao et al., 2021), we obtain",
      "startOffset" : 68,
      "endOffset" : 87
    }, {
      "referenceID" : 71,
      "context" : "We compared the different algorithms (RFF (Rahimi & Recht, 2008), ORF (Yu et al., 2016), SSF (Lyu, 2017)) on 3 datasets IJCNN1 (Prokhorov, 2001), Cov-Type, and a8a from the UCI ML repository considered in (Liu et al.",
      "startOffset" : 70,
      "endOffset" : 87
    }, {
      "referenceID" : 50,
      "context" : ", 2016), SSF (Lyu, 2017)) on 3 datasets IJCNN1 (Prokhorov, 2001), Cov-Type, and a8a from the UCI ML repository considered in (Liu et al.",
      "startOffset" : 13,
      "endOffset" : 24
    }, {
      "referenceID" : 32,
      "context" : "Comparison of TRF with equivalent 0 order Arc-cosine kernel (with ReLU function) We consider Support Vector Machine (SVM) classification with random features Gram matrix G on Fashion MNIST data (LeCun et al., 1998) and on VGG16 embeddings of CIFAR10 (Krizhevsky et al.",
      "startOffset" : 194,
      "endOffset" : 214
    }, {
      "referenceID" : 15,
      "context" : ", 2009) and Imagenet (Deng et al., 2009) datasets in Figures 14 -13 -15 respectively.",
      "startOffset" : 21,
      "endOffset" : 40
    }, {
      "referenceID" : 15,
      "context" : "We use VGG16 with batch normalization (Ioffe & Szegedy, 2015) pre-trained on ImageNet (Deng et al., 2009) as a feature extractor.",
      "startOffset" : 86,
      "endOffset" : 105
    } ],
    "year" : 2022,
    "abstractText" : "In this article, we investigate the spectral behavior of random features kernel matrices of the type K = Ew[σ(wxi)σ(wxj)]i,j=1, with nonlinear function σ(·), data x1, . . . ,xn ∈ R, and random projection vector w ∈ R having i.i.d. entries. In a high-dimensional setting where the number of data n and their dimension p are both large and comparable, we show, under a Gaussian mixture model for the data, that the eigenspectrum of K is independent of the distribution of the i.i.d. (zero-mean and unit-variance) entries of w, and only depends on σ(·) via its (generalized) Gaussian moments Ez∼N (0,1)[σ(z)] and Ez∼N (0,1)[σ(z)]. As a result, for any kernel matrix K of the form above, we propose a novel random features technique, called Ternary Random Feature (TRF), that (i) asymptotically yields the same limiting kernel as the original K in a spectral sense and (ii) can be computed and stored much more efficiently, by wisely tuning (in a data-dependent manner) the function σ and the random vector w, both taking values in {−1, 0, 1}. The computation of the proposed random features requires no multiplication, and a factor of b times less bits for storage compared to classical random features such as random Fourier features, with b the number of bits to store full precision values. Besides, it appears in our experiments on real data that the substantial gains in computation and storage are accompanied with somewhat improved performances compared to state-of-the-art random features compression/quantization methods.",
    "creator" : "LaTeX with hyperref"
  }
}